timestamp,joint,position,velocity,effort,t_sec
1782909355800117221,joint1,0.0,0.0,6.955415678590118e-17,0.0
1782909355800117221,joint2,-0.93549644947052,0.0,-0.6772262454032898,0.0
1782909355800117221,joint3,0.07504915446043015,0.0,-14.930364608764648,0.0
1782909355800117221,joint4,0.0,0.0,-0.1364886611700058,0.0
1782909355800117221,joint5,0.8621926307678223,0.0,-1.5899393558502197,0.0
1782909355800117221,joint6,0.0,0.0,-1.9705405065906234e-05,0.0
1782909356000780750,joint1,0.0,0.0,6.955415678590118e-17,0.200663529
1782909356000780750,joint2,-0.93549644947052,0.0,-0.6772262454032898,0.200663529
1782909356000780750,joint3,0.07504915446043015,0.0,-14.930364608764648,0.200663529
1782909356000780750,joint4,0.0,0.0,-0.1364886611700058,0.200663529
1782909356000780750,joint5,0.8621926307678223,0.0,-1.5899393558502197,0.200663529
1782909356000780750,joint6,0.0,0.0,-1.9705405065906234e-05,0.200663529
1782909356201583569,joint1,0.0,0.0,6.955415678590118e-17,0.40146634800000003
1782909356201583569,joint2,-0.93549644947052,0.0,-0.6772262454032898,0.40146634800000003
1782909356201583569,joint3,0.07504915446043015,0.0,-14.930364608764648,0.40146634800000003
1782909356201583569,joint4,0.0,0.0,-0.1364886611700058,0.40146634800000003
1782909356201583569,joint5,0.8621926307678223,0.0,-1.5899393558502197,0.40146634800000003
1782909356201583569,joint6,0.0,0.0,-1.9705405065906234e-05,0.40146634800000003
1782909356402352365,joint1,0.0,0.0,6.955415678590118e-17,0.602235144
1782909356402352365,joint2,-0.93549644947052,0.0,-0.6772262454032898,0.602235144
1782909356402352365,joint3,0.07504915446043015,0.0,-14.930364608764648,0.602235144
1782909356402352365,joint4,0.0,0.0,-0.1364886611700058,0.602235144
1782909356402352365,joint5,0.8621926307678223,0.0,-1.5899393558502197,0.602235144
1782909356402352365,joint6,0.0,0.0,-1.9705405065906234e-05,0.602235144
1782909356603185993,joint1,0.0,0.0,6.955415678590118e-17,0.803068772
1782909356603185993,joint2,-0.93549644947052,0.0,-0.6772262454032898,0.803068772
1782909356603185993,joint3,0.07504915446043015,0.0,-14.930364608764648,0.803068772
1782909356603185993,joint4,0.0,0.0,-0.1364886611700058,0.803068772
1782909356603185993,joint5,0.8621926307678223,0.0,-1.5899393558502197,0.803068772
1782909356603185993,joint6,0.0,0.0,-1.9705405065906234e-05,0.803068772
1782909356803844699,joint1,0.0,0.0,6.955415678590118e-17,1.003727478
1782909356803844699,joint2,-0.93549644947052,0.0,-0.6772262454032898,1.003727478
1782909356803844699,joint3,0.07504915446043015,0.0,-14.930364608764648,1.003727478
1782909356803844699,joint4,0.0,0.0,-0.1364886611700058,1.003727478
1782909356803844699,joint5,0.8621926307678223,0.0,-1.5899393558502197,1.003727478
1782909356803844699,joint6,0.0,0.0,-1.9705405065906234e-05,1.003727478
1782909357004577968,joint1,0.0,0.0,6.955415678590118e-17,1.2044607470000002
1782909357004577968,joint2,-0.93549644947052,0.0,-0.6772262454032898,1.2044607470000002
1782909357004577968,joint3,0.07504915446043015,0.0,-14.930364608764648,1.2044607470000002
1782909357004577968,joint4,0.0,0.0,-0.1364886611700058,1.2044607470000002
1782909357004577968,joint5,0.8621926307678223,0.0,-1.5899393558502197,1.2044607470000002
1782909357004577968,joint6,0.0,0.0,-1.9705405065906234e-05,1.2044607470000002
1782909357205384832,joint1,0.0,0.0,6.955415678590118e-17,1.4052676110000002
1782909357205384832,joint2,-0.93549644947052,0.0,-0.6772262454032898,1.4052676110000002
1782909357205384832,joint3,0.07504915446043015,0.0,-14.930364608764648,1.4052676110000002
1782909357205384832,joint4,0.0,0.0,-0.1364886611700058,1.4052676110000002
1782909357205384832,joint5,0.8621926307678223,0.0,-1.5899393558502197,1.4052676110000002
1782909357205384832,joint6,0.0,0.0,-1.9705405065906234e-05,1.4052676110000002
1782909357406191436,joint1,0.0,0.0,6.955415678590118e-17,1.606074215
1782909357406191436,joint2,-0.93549644947052,0.0,-0.6772262454032898,1.606074215
1782909357406191436,joint3,0.07504915446043015,0.0,-14.930364608764648,1.606074215
1782909357406191436,joint4,0.0,0.0,-0.1364886611700058,1.606074215
1782909357406191436,joint5,0.8621926307678223,0.0,-1.5899393558502197,1.606074215
1782909357406191436,joint6,0.0,0.0,-1.9705405065906234e-05,1.606074215
1782909357606954198,joint1,0.0,0.0,6.955415678590118e-17,1.8068369770000001
1782909357606954198,joint2,-0.93549644947052,0.0,-0.6772262454032898,1.8068369770000001
1782909357606954198,joint3,0.07504915446043015,0.0,-14.930364608764648,1.8068369770000001
1782909357606954198,joint4,0.0,0.0,-0.1364886611700058,1.8068369770000001
1782909357606954198,joint5,0.8621926307678223,0.0,-1.5899393558502197,1.8068369770000001
1782909357606954198,joint6,0.0,0.0,-1.9705405065906234e-05,1.8068369770000001
1782909357807578236,joint1,0.0,0.0,6.955415678590118e-17,2.007461015
1782909357807578236,joint2,-0.93549644947052,0.0,-0.6772262454032898,2.007461015
1782909357807578236,joint3,0.07504915446043015,0.0,-14.930364608764648,2.007461015
1782909357807578236,joint4,0.0,0.0,-0.1364886611700058,2.007461015
1782909357807578236,joint5,0.8621926307678223,0.0,-1.5899393558502197,2.007461015
1782909357807578236,joint6,0.0,0.0,-1.9705405065906234e-05,2.007461015
1782909358008274421,joint1,0.0,0.0,6.955415678590118e-17,2.2081572
1782909358008274421,joint2,-0.93549644947052,0.0,-0.6772262454032898,2.2081572
1782909358008274421,joint3,0.07504915446043015,0.0,-14.930364608764648,2.2081572
1782909358008274421,joint4,0.0,0.0,-0.1364886611700058,2.2081572
1782909358008274421,joint5,0.8621926307678223,0.0,-1.5899393558502197,2.2081572
1782909358008274421,joint6,0.0,0.0,-1.9705405065906234e-05,2.2081572
1782909358209121049,joint1,0.0,0.0,6.955415678590118e-17,2.4090038280000003
1782909358209121049,joint2,-0.93549644947052,0.0,-0.6772262454032898,2.4090038280000003
1782909358209121049,joint3,0.07504915446043015,0.0,-14.930364608764648,2.4090038280000003
1782909358209121049,joint4,0.0,0.0,-0.1364886611700058,2.4090038280000003
1782909358209121049,joint5,0.8621926307678223,0.0,-1.5899393558502197,2.4090038280000003
1782909358209121049,joint6,0.0,0.0,-1.9705405065906234e-05,2.4090038280000003
1782909358409722071,joint1,0.0,0.0,6.955415678590118e-17,2.60960485
1782909358409722071,joint2,-0.93549644947052,0.0,-0.6772262454032898,2.60960485
1782909358409722071,joint3,0.07504915446043015,0.0,-14.930364608764648,2.60960485
1782909358409722071,joint4,0.0,0.0,-0.1364886611700058,2.60960485
1782909358409722071,joint5,0.8621926307678223,0.0,-1.5899393558502197,2.60960485
1782909358409722071,joint6,0.0,0.0,-1.9705405065906234e-05,2.60960485
1782909358610439975,joint1,0.0,0.0,6.955415678590118e-17,2.810322754
1782909358610439975,joint2,-0.93549644947052,0.0,-0.6772262454032898,2.810322754
1782909358610439975,joint3,0.07504915446043015,0.0,-14.930364608764648,2.810322754
1782909358610439975,joint4,0.0,0.0,-0.1364886611700058,2.810322754
1782909358610439975,joint5,0.8621926307678223,0.0,-1.5899393558502197,2.810322754
1782909358610439975,joint6,0.0,0.0,-1.9705405065906234e-05,2.810322754
1782909358811160574,joint1,0.0,0.0,6.955415678590118e-17,3.0110433530000003
1782909358811160574,joint2,-0.93549644947052,0.0,-0.6772262454032898,3.0110433530000003
1782909358811160574,joint3,0.07504915446043015,0.0,-14.930364608764648,3.0110433530000003
1782909358811160574,joint4,0.0,0.0,-0.1364886611700058,3.0110433530000003
1782909358811160574,joint5,0.8621926307678223,0.0,-1.5899393558502197,3.0110433530000003
1782909358811160574,joint6,0.0,0.0,-1.9705405065906234e-05,3.0110433530000003
1782909359011792494,joint1,0.0,0.0,6.955415678590118e-17,3.211675273
1782909359011792494,joint2,-0.93549644947052,0.0,-0.6772262454032898,3.211675273
1782909359011792494,joint3,0.07504915446043015,0.0,-14.930364608764648,3.211675273
1782909359011792494,joint4,0.0,0.0,-0.1364886611700058,3.211675273
1782909359011792494,joint5,0.8621926307678223,0.0,-1.5899393558502197,3.211675273
1782909359011792494,joint6,0.0,0.0,-1.9705405065906234e-05,3.211675273
1782909359212497751,joint1,0.0,0.0,6.955415678590118e-17,3.41238053
1782909359212497751,joint2,-0.93549644947052,0.0,-0.6772262454032898,3.41238053
1782909359212497751,joint3,0.07504915446043015,0.0,-14.930364608764648,3.41238053
1782909359212497751,joint4,0.0,0.0,-0.1364886611700058,3.41238053
1782909359212497751,joint5,0.8621926307678223,0.0,-1.5899393558502197,3.41238053
1782909359212497751,joint6,0.0,0.0,-1.9705405065906234e-05,3.41238053
1782909359413302156,joint1,0.0,0.0,6.955415678590118e-17,3.613184935
1782909359413302156,joint2,-0.93549644947052,0.0,-0.6772262454032898,3.613184935
1782909359413302156,joint3,0.07504915446043015,0.0,-14.930364608764648,3.613184935
1782909359413302156,joint4,0.0,0.0,-0.1364886611700058,3.613184935
1782909359413302156,joint5,0.8621926307678223,0.0,-1.5899393558502197,3.613184935
1782909359413302156,joint6,0.0,0.0,-1.9705405065906234e-05,3.613184935
1782909359614104517,joint1,0.0,0.0,6.955415678590118e-17,3.813987296
1782909359614104517,joint2,-0.93549644947052,0.0,-0.6772262454032898,3.813987296
1782909359614104517,joint3,0.07504915446043015,0.0,-14.930364608764648,3.813987296
1782909359614104517,joint4,0.0,0.0,-0.1364886611700058,3.813987296
1782909359614104517,joint5,0.8621926307678223,0.0,-1.5899393558502197,3.813987296
1782909359614104517,joint6,0.0,0.0,-1.9705405065906234e-05,3.813987296
1782909359814812599,joint1,0.0,0.0,6.955415678590118e-17,4.014695378
1782909359814812599,joint2,-0.93549644947052,0.0,-0.6772262454032898,4.014695378
1782909359814812599,joint3,0.07504915446043015,0.0,-14.930364608764648,4.014695378
1782909359814812599,joint4,0.0,0.0,-0.1364886611700058,4.014695378
1782909359814812599,joint5,0.8621926307678223,0.0,-1.5899393558502197,4.014695378
1782909359814812599,joint6,0.0,0.0,-1.9705405065906234e-05,4.014695378
1782909360015522986,joint1,0.0,0.0,6.955415678590118e-17,4.215405765
1782909360015522986,joint2,-0.93549644947052,0.0,-0.6772262454032898,4.215405765
1782909360015522986,joint3,0.07504915446043015,0.0,-14.930364608764648,4.215405765
1782909360015522986,joint4,0.0,0.0,-0.1364886611700058,4.215405765
1782909360015522986,joint5,0.8621926307678223,0.0,-1.5899393558502197,4.215405765
1782909360015522986,joint6,0.0,0.0,-1.9705405065906234e-05,4.215405765
1782909360216308282,joint1,0.0,0.0,6.955415678590118e-17,4.416191061
1782909360216308282,joint2,-0.93549644947052,0.0,-0.6772262454032898,4.416191061
1782909360216308282,joint3,0.07504915446043015,0.0,-14.930364608764648,4.416191061
1782909360216308282,joint4,0.0,0.0,-0.1364886611700058,4.416191061
1782909360216308282,joint5,0.8621926307678223,0.0,-1.5899393558502197,4.416191061
1782909360216308282,joint6,0.0,0.0,-1.9705405065906234e-05,4.416191061
1782909360417058782,joint1,0.0,0.0,6.955415678590118e-17,4.616941561
1782909360417058782,joint2,-0.93549644947052,0.0,-0.6772262454032898,4.616941561
1782909360417058782,joint3,0.07504915446043015,0.0,-14.930364608764648,4.616941561
1782909360417058782,joint4,0.0,0.0,-0.1364886611700058,4.616941561
1782909360417058782,joint5,0.8621926307678223,0.0,-1.5899393558502197,4.616941561
1782909360417058782,joint6,0.0,0.0,-1.9705405065906234e-05,4.616941561
1782909360617832586,joint1,0.0,0.0,6.955415678590118e-17,4.817715365000001
1782909360617832586,joint2,-0.93549644947052,0.0,-0.6772262454032898,4.817715365000001
1782909360617832586,joint3,0.07504915446043015,0.0,-14.930364608764648,4.817715365000001
1782909360617832586,joint4,0.0,0.0,-0.1364886611700058,4.817715365000001
1782909360617832586,joint5,0.8621926307678223,0.0,-1.5899393558502197,4.817715365000001
1782909360617832586,joint6,0.0,0.0,-1.9705405065906234e-05,4.817715365000001
1782909360818479290,joint1,0.0,0.0,6.955415678590118e-17,5.018362069
1782909360818479290,joint2,-0.93549644947052,0.0,-0.6772262454032898,5.018362069
1782909360818479290,joint3,0.07504915446043015,0.0,-14.930364608764648,5.018362069
1782909360818479290,joint4,0.0,0.0,-0.1364886611700058,5.018362069
1782909360818479290,joint5,0.8621926307678223,0.0,-1.5899393558502197,5.018362069
1782909360818479290,joint6,0.0,0.0,-1.9705405065906234e-05,5.018362069
1782909361019195124,joint1,0.0,0.0,6.955415678590118e-17,5.2190779030000005
1782909361019195124,joint2,-0.93549644947052,0.0,-0.6772262454032898,5.2190779030000005
1782909361019195124,joint3,0.07504915446043015,0.0,-14.930364608764648,5.2190779030000005
1782909361019195124,joint4,0.0,0.0,-0.1364886611700058,5.2190779030000005
1782909361019195124,joint5,0.8621926307678223,0.0,-1.5899393558502197,5.2190779030000005
1782909361019195124,joint6,0.0,0.0,-1.9705405065906234e-05,5.2190779030000005
1782909361219864317,joint1,0.0,0.0,6.955415678590118e-17,5.419747096
1782909361219864317,joint2,-0.93549644947052,0.0,-0.6772262454032898,5.419747096
1782909361219864317,joint3,0.07504915446043015,0.0,-14.930364608764648,5.419747096
1782909361219864317,joint4,0.0,0.0,-0.1364886611700058,5.419747096
1782909361219864317,joint5,0.8621926307678223,0.0,-1.5899393558502197,5.419747096
1782909361219864317,joint6,0.0,0.0,-1.9705405065906234e-05,5.419747096
1782909361420513122,joint1,0.0,0.0,6.955415678590118e-17,5.620395901
1782909361420513122,joint2,-0.93549644947052,0.0,-0.6772262454032898,5.620395901
1782909361420513122,joint3,0.07504915446043015,0.0,-14.930364608764648,5.620395901
1782909361420513122,joint4,0.0,0.0,-0.1364886611700058,5.620395901
1782909361420513122,joint5,0.8621926307678223,0.0,-1.5899393558502197,5.620395901
1782909361420513122,joint6,0.0,0.0,-1.9705405065906234e-05,5.620395901
1782909361621219796,joint1,0.0,0.0,6.955415678590118e-17,5.821102575
1782909361621219796,joint2,-0.93549644947052,0.0,-0.6772262454032898,5.821102575
1782909361621219796,joint3,0.07504915446043015,0.0,-14.930364608764648,5.821102575
1782909361621219796,joint4,0.0,0.0,-0.1364886611700058,5.821102575
1782909361621219796,joint5,0.8621926307678223,0.0,-1.5899393558502197,5.821102575
1782909361621219796,joint6,0.0,0.0,-1.9705405065906234e-05,5.821102575
1782909361822039234,joint1,0.0,0.0,6.955415678590118e-17,6.021922013
1782909361822039234,joint2,-0.93549644947052,0.0,-0.6772262454032898,6.021922013
1782909361822039234,joint3,0.07504915446043015,0.0,-14.930364608764648,6.021922013
1782909361822039234,joint4,0.0,0.0,-0.1364886611700058,6.021922013
1782909361822039234,joint5,0.8621926307678223,0.0,-1.5899393558502197,6.021922013
1782909361822039234,joint6,0.0,0.0,-1.9705405065906234e-05,6.021922013
1782909362022807595,joint1,0.0,0.0,-0.08708449453115463,6.222690374000001
1782909362022807595,joint2,-0.9335952997207642,0.1181034967303276,0.14212457835674286,6.222690374000001
1782909362022807595,joint3,0.07407663017511368,-0.06041552871465683,-16.42925453186035,6.222690374000001
1782909362022807595,joint4,0.0,0.0,-0.14517377316951752,6.222690374000001
1782909362022807595,joint5,0.8593518733978271,-0.17647334933280945,-1.8994723558425903,6.222690374000001
1782909362022807595,joint6,0.0,0.0,0.0014979346888139844,6.222690374000001
1782909362223512243,joint1,0.0,0.0,-0.0008159906137734652,6.423395022
1782909362223512243,joint2,-0.888241708278656,0.23366516828536987,-2.0482337474823,6.423395022
1782909362223512243,joint3,0.050876110792160034,-0.11953079700469971,-16.514606475830078,6.423395022
1782909362223512243,joint4,0.0,0.0,-0.13374900817871094,6.423395022
1782909362223512243,joint5,0.7915833592414856,-0.3491486608982086,-1.6249969005584717,6.423395022
1782909362223512243,joint6,0.0,0.0,0.0005079397233203053,6.423395022
1782909362424379278,joint1,0.0,0.0,-0.0007688640034757555,6.624262057
1782909362424379278,joint2,-0.841508686542511,0.23366516828536987,-3.8077337741851807,6.624262057
1782909362424379278,joint3,0.026969950646162033,-0.11953079700469971,-16.055606842041016,6.624262057
1782909362424379278,joint4,0.0,0.0,-0.13096077740192413,6.624262057
1782909362424379278,joint5,0.7217535972595215,-0.3491486608982086,-1.5910886526107788,6.624262057
1782909362424379278,joint6,0.0,0.0,0.0010361387394368649,6.624262057
1782909362625192161,joint1,0.0,0.0,-0.0007200657855719328,6.82507494
1782909362625192161,joint2,-0.7947756052017212,0.23366516828536987,-3.7771337032318115,6.82507494
1782909362625192161,joint3,0.003063791897147894,-0.11953079700469971,-16.13210678100586,6.82507494
1782909362625192161,joint4,0.0,0.0,-0.12810423970222473,6.82507494
1782909362625192161,joint5,0.6519238948822021,-0.3491486608982086,-1.9471251964569092,6.82507494
1782909362625192161,joint6,0.0,0.0,0.0015619859332218766,6.82507494
1782909362825884606,joint1,0.0,0.0,-0.0006686790729872882,7.025767385000001
1782909362825884606,joint2,-0.7480425834655762,0.23366516828536987,-4.848133563995361,7.025767385000001
1782909362825884606,joint3,-0.02084236778318882,-0.11953079700469971,-15.688406944274902,7.025767385000001
1782909362825884606,joint4,0.0,0.0,-0.12512175738811493,7.025767385000001
1782909362825884606,joint5,0.582094132900238,-0.3491486608982086,-1.6758592128753662,7.025767385000001
1782909362825884606,joint6,0.0,0.0,0.0020947318989783525,7.025767385000001
1782909363026813708,joint1,0.0,0.0,-0.0006168302497826517,7.226696487000001
1782909363026813708,joint2,-0.7003749012947083,0.23366516828536987,-5.521333694458008,7.226696487000001
1782909363026813708,joint3,-0.045226648449897766,-0.11953079700469971,-15.321206092834473,7.226696487000001
1782909363026813708,joint4,0.0,0.0,-0.1221318244934082,7.226696487000001
1782909363026813708,joint5,0.5108678340911865,-0.3491486608982086,-1.8454004526138306,7.226696487000001
1782909363026813708,joint6,0.0,0.0,0.002612321637570858,7.226696487000001
1782909363227422773,joint1,0.0,0.0,-0.0005636393907479942,7.427305552000001
1782909363227422773,joint2,-0.6536418795585632,0.23366516828536987,-6.271033763885498,7.427305552000001
1782909363227422773,joint3,-0.06913281232118607,-0.11953079700469971,-15.581306457519531,7.427305552000001
1782909363227422773,joint4,0.0,0.0,-0.1190781518816948,7.427305552000001
1782909363227422773,joint5,0.4410381019115448,-0.3491486608982086,-1.9640793800354004,7.427305552000001
1782909363227422773,joint6,0.0,0.0,0.003124106442555785,7.427305552000001
1782909363428088033,joint1,0.0,0.0,-0.0005092218052595854,7.627970812
1782909363428088033,joint2,-0.6069087982177734,0.23366516828536987,-7.372633934020996,7.627970812
1782909363428088033,joint3,-0.09303896874189377,-0.11953079700469971,-15.382406234741211,7.627970812
1782909363428088033,joint4,0.0,0.0,-0.11596233397722244,7.627970812
1782909363428088033,joint5,0.3712083697319031,-0.3491486608982086,-2.2353453636169434,7.627970812
1782909363428088033,joint6,0.0,0.0,0.003628966398537159,7.627970812
1782909363629033434,joint1,0.0,0.0,-0.00045369562576524913,7.828916213
1782909363629033434,joint2,-0.5601757764816284,0.23366516828536987,-7.877533912658691,7.828916213
1782909363629033434,joint3,-0.11694512516260147,-0.11953079700469971,-15.688406944274902,7.828916213
1782909363629033434,joint4,0.0,0.0,-0.11278598755598068,7.828916213
1782909363629033434,joint5,0.30137863755226135,-0.3491486608982086,-2.4048867225646973,7.828916213
1782909363629033434,joint6,0.0,0.0,0.0041257962584495544,7.828916213
1782909363830135512,joint1,0.0,0.0,-0.00039604169433005154,8.030018291000001
1782909363830135512,joint2,-0.5125080943107605,0.23366516828536987,-8.397733688354492,8.030018291000001
1782909363830135512,joint3,-0.14132940769195557,-0.11953079700469971,-15.122306823730469,8.030018291000001
1782909363830135512,joint4,0.0,0.0,-0.1094854474067688,8.030018291000001
1782909363830135512,joint5,0.23015230894088745,-0.3491486608982086,-2.1675288677215576,8.030018291000001
1782909363830135512,joint6,0.0,0.0,0.004623163025826216,8.030018291000001
1782909364030863901,joint1,0.0,0.0,-0.00033864565193653107,8.230746680000001
1782909364030863901,joint2,-0.4657750725746155,0.23366516828536987,-9.2698335647583,8.230746680000001
1782909364030863901,joint3,-0.16523556411266327,-0.11953079700469971,-14.969306945800781,8.230746680000001
1782909364030863901,joint4,0.0,0.0,-0.10619186609983444,8.230746680000001
1782909364030863901,joint5,0.16032257676124573,-0.3491486608982086,-2.3201160430908203,8.230746680000001
1782909364030863901,joint6,0.0,0.0,0.005100477486848831,8.230746680000001
1782909364231730270,joint1,0.0,0.0,-0.00028051104163751006,8.431613049000001
1782909364231730270,joint2,-0.41904202103614807,0.23366516828536987,-10.264333724975586,8.431613049000001
1782909364231730270,joint3,-0.18914172053337097,-0.11953079700469971,-14.969306945800781,8.431613049000001
1782909364231730270,joint4,0.0,0.0,-0.10284281522035599,8.431613049000001
1782909364231730270,joint5,0.0904928520321846,-0.3491486608982086,-2.370978355407715,8.431613049000001
1782909364231730270,joint6,0.0,0.0,0.0055665429681539536,8.431613049000001
1782909364432527227,joint1,0.0,0.0,-0.00022176398488227278,8.632410006
1782909364432527227,joint2,-0.37230899930000305,0.23366516828536987,-10.218433380126953,8.632410006
1782909364432527227,joint3,-0.21304789185523987,-0.11953079700469971,-14.020706176757812,8.632410006
1782909364432527227,joint4,0.0,0.0,-0.09944002330303192,8.632410006
1782909364432527227,joint5,0.020663119852542877,-0.3491486608982086,-2.6761527061462402,8.632410006
1782909364432527227,joint6,0.0,0.0,0.006020339671522379,8.632410006
1782909364633318654,joint1,0.0,0.0,-0.00016253195644821972,8.833201433000001
1782909364633318654,joint2,-0.32557594776153564,0.23366516828536987,-12.13093376159668,8.833201433000001
1782909364633318654,joint3,-0.23695404827594757,-0.11953079700469971,-14.311406135559082,8.833201433000001
1782909364633318654,joint4,0.0,0.0,-0.09598526358604431,8.833201433000001
1782909364633318654,joint5,-0.04916660860180855,-0.3491486608982086,-2.286207675933838,8.833201433000001
1782909364633318654,joint6,0.0,0.0,0.006460874807089567,8.833201433000001
1782909364834052342,joint1,0.0,0.0,-0.00010174897033721209,9.033935121
1782909364834052342,joint2,-0.2779082655906677,0.23366516828536987,-12.865333557128906,9.033935121
1782909364834052342,joint3,-0.26133832335472107,-0.11953079700469971,-13.775906562805176,9.033935121
1782909364834052342,joint4,0.0,0.0,-0.09240972995758057,9.033935121
1782909364834052342,joint5,-0.12039293348789215,-0.3491486608982086,-2.387932538986206,9.033935121
1782909364834052342,joint6,0.0,0.0,0.006895559374243021,9.033935121
1782909365034849980,joint1,0.0,0.0,-4.193015047349036e-05,9.234732759
1782909365034849980,joint2,-0.2311752289533615,0.23366516828536987,-13.186634063720703,9.234732759
1782909365034849980,joint3,-0.28524449467658997,-0.11953079700469971,-13.944206237792969,9.234732759
1782909365034849980,joint4,0.0,0.0,-0.08885549008846283,9.234732759
1782909365034849980,joint5,-0.19022266566753387,-0.3491486608982086,-2.642244338989258,9.234732759
1782909365034849980,joint6,0.0,0.0,0.00730639835819602,9.234732759
1782909365235588965,joint1,0.0,0.0,1.7983389625442214e-05,9.435471744
1782909365235588965,joint2,-0.1844421923160553,0.23366516828536987,-13.844533920288086,9.435471744
1782909365235588965,joint3,-0.3091506361961365,-0.11953079700469971,-13.102706909179688,9.435471744
1782909365235588965,joint4,0.0,0.0,-0.08525478094816208,9.435471744
1782909365235588965,joint5,-0.2600523829460144,-0.3491486608982086,-2.845693826675415,9.435471744
1782909365235588965,joint6,0.0,0.0,0.007701162248849869,9.435471744
1782909365436400046,joint1,0.0,0.0,7.786163041600958e-05,9.636282825
1782909365436400046,joint2,-0.13770915567874908,0.23366516828536987,-14.44123363494873,9.636282825
1782909365436400046,joint3,-0.33305680751800537,-0.11953079700469971,-12.919106483459473,9.636282825
1782909365436400046,joint4,0.0,0.0,-0.08160947263240814,9.636282825
1782909365436400046,joint5,-0.32988211512565613,-0.3491486608982086,-2.5235655307769775,9.636282825
1782909365436400046,joint6,0.0,0.0,0.008078984916210175,9.636282825
1782909365637154841,joint1,0.0,0.0,0.00013757463602814823,9.83703762
1782909365637154841,joint2,-0.09097612649202347,0.23366516828536987,-15.359233856201172,9.83703762
1782909365637154841,joint3,-0.35696297883987427,-0.11953079700469971,-13.056806564331055,9.83703762
1782909365637154841,joint4,0.0,0.0,-0.07792145758867264,9.83703762
1782909365637154841,joint5,-0.39971184730529785,-0.3491486608982086,-2.4387948513031006,9.83703762
1782909365637154841,joint6,0.0,0.0,0.00843904074281454,9.83703762
1782909365837834123,joint1,0.0,0.0,0.00019817729480564594,10.037716902000001
1782909365837834123,joint2,-0.044243089854717255,0.23366516828536987,-16.460834503173828,10.037716902000001
1782909365837834123,joint3,-0.3808691203594208,-0.11953079700469971,-12.597806930541992,10.037716902000001
1782909365837834123,joint4,0.0,0.0,-0.07411767542362213,10.037716902000001
1782909365837834123,joint5,-0.4695415794849396,-0.3491486608982086,-2.5913820266723633,10.037716902000001
1782909365837834123,joint6,0.0,0.0,0.008787174709141254,10.037716902000001
1782909366038542440,joint1,0.0,0.0,0.00025716194068081677,10.238425219
1782909366038542440,joint2,0.00342460535466671,0.23366516828536987,-16.91983413696289,10.238425219
1782909366038542440,joint3,-0.40525341033935547,-0.11953079700469971,-12.521306037902832,10.238425219
1782909366038542440,joint4,0.0,0.0,-0.07034927606582642,10.238425219
1782909366038542440,joint5,-0.5407679080963135,-0.3491486608982086,-2.947418689727783,10.238425219
1782909366038542440,joint6,0.0,0.0,0.009108972735702991,10.238425219
1782909366239291732,joint1,0.0,0.0,0.00031559227500110865,10.439174511000001
1782909366239291732,joint2,0.050157640129327774,0.23366516828536987,-17.66953468322754,10.439174511000001
1782909366239291732,joint3,-0.429159551858902,-0.11953079700469971,-11.955206871032715,10.439174511000001
1782909366239291732,joint4,0.0,0.0,-0.06654403358697891,10.439174511000001
1782909366239291732,joint5,-0.6105976104736328,-0.3491486608982086,-2.472703218460083,10.439174511000001
1782909366239291732,joint6,0.0,0.0,0.009410743601620197,10.439174511000001
1782909366440074337,joint1,0.0,0.0,0.00037334146327339113,10.639957116000001
1782909366440074337,joint2,0.09689067304134369,0.23366516828536987,-18.556934356689453,10.639957116000001
1782909366440074337,joint3,-0.4530657231807709,-0.11953079700469971,-11.373806953430176,10.639957116000001
1782909366440074337,joint4,0.0,0.0,-0.0627039298415184,10.639957116000001
1782909366440074337,joint5,-0.6804273724555969,-0.3491486608982086,-2.574427843093872,10.639957116000001
1782909366440074337,joint6,0.0,0.0,0.009691824205219746,10.639957116000001
1782909366640872811,joint1,0.0,0.0,0.0004302842717152089,10.84075559
1782909366640872811,joint2,0.1436237096786499,0.23366516828536987,-18.235633850097656,10.84075559
1782909366640872811,joint3,-0.47697189450263977,-0.11953079700469971,-11.15960693359375,10.84075559
1782909366640872811,joint4,0.0,0.0,-0.058830972760915756,10.84075559
1782909366640872811,joint5,-0.7502570748329163,-0.3491486608982086,-2.4387948513031006,10.84075559
1782909366640872811,joint6,0.0,0.0,0.009951595216989517,10.84075559
1782909366841644125,joint1,0.0,0.0,0.0004874070582445711,11.041526904000001
1782909366841644125,joint2,0.19035674631595612,0.23366516828536987,-18.970033645629883,11.041526904000001
1782909366841644125,joint3,-0.5008780360221863,-0.11953079700469971,-10.899506568908691,11.041526904000001
1782909366841644125,joint4,0.0,0.0,-0.0548488013446331,11.041526904000001
1782909366841644125,joint5,-0.8200868368148804,-0.3491486608982086,-2.7778773307800293,11.041526904000001
1782909366841644125,joint6,0.0,0.0,0.010194015689194202,11.041526904000001
1782909367042423523,joint1,0.0,0.0,0.0005423461552709341,11.242306302000001
1782909367042423523,joint2,0.23802444338798523,0.23366516828536987,-20.056333541870117,11.242306302000001
1782909367042423523,joint3,-0.5252623558044434,-0.11953079700469971,-10.868906021118164,11.242306302000001
1782909367042423523,joint4,0.0,0.0,-0.05091565102338791,11.242306302000001
1782909367042423523,joint5,-0.8913131356239319,-0.3491486608982086,-2.3540241718292236,11.242306302000001
1782909367042423523,joint6,0.0,0.0,0.010409045964479446,11.242306302000001
1782909367243199844,joint1,0.0,0.0,0.0005961122224107385,11.443082623
1782909367243199844,joint2,0.28475746512413025,0.23366516828536987,-20.974334716796875,11.443082623
1782909367243199844,joint3,-0.5491684675216675,-0.11953079700469971,-9.736706733703613,11.443082623
1782909367243199844,joint4,0.0,0.0,-0.04695579409599304,11.443082623
1782909367243199844,joint5,-0.961142897605896,-0.3491486608982086,-2.3540241718292236,11.443082623
1782909367243199844,joint6,0.0,0.0,0.010601184330880642,11.443082623
1782909367443960825,joint1,0.0,0.0,0.000648588640615344,11.643843604
1782909367443960825,joint2,0.33149051666259766,0.23366516828536987,-20.438833236694336,11.643843604
1782909367443960825,joint3,-0.5730746388435364,-0.11953079700469971,-9.675506591796875,11.643843604
1782909367443960825,joint4,0.0,0.0,-0.042971301823854446,11.643843604
1782909367443960825,joint5,-1.0309725999832153,-0.3491486608982086,-2.455749034881592,11.643843604
1782909367443960825,joint6,0.0,0.0,0.01077000517398119,11.643843604
1782909367644791328,joint1,0.0,0.0,0.0006996615557000041,11.844674107000001
1782909367644791328,joint2,0.3782235383987427,0.23366516828536987,-22.09123420715332,11.844674107000001
1782909367644791328,joint3,-0.5969808101654053,-0.11953079700469971,-9.354206085205078,11.844674107000001
1782909367644791328,joint4,0.0,0.0,-0.038964252918958664,11.844674107000001
1782909367644791328,joint5,-1.1008023023605347,-0.3491486608982086,-2.303161859512329,11.844674107000001
1782909367644791328,joint6,0.0,0.0,0.01091513130813837,11.844674107000001
1782909367845508036,joint1,0.0,0.0,0.0007501952350139618,12.045390815000001
1782909367845508036,joint2,0.4249565899372101,0.23366516828536987,-21.540433883666992,12.045390815000001
1782909367845508036,joint3,-0.6208869814872742,-0.11953079700469971,-9.032906532287598,12.045390815000001
1782909367845508036,joint4,0.0,0.0,-0.03485599905252457,12.045390815000001
1782909367845508036,joint5,-1.170632004737854,-0.3491486608982086,-2.133620500564575,12.045390815000001
1782909367845508036,joint6,0.0,0.0,0.011038416065275669,12.045390815000001
1782909368046356592,joint1,0.0,0.0,0.0007980987429618835,12.246239371000001
1782909368046356592,joint2,0.472624272108078,0.23366516828536987,-22.427833557128906,12.246239371000001
1782909368046356592,joint3,-0.6452712416648865,-0.11953079700469971,-8.742206573486328,12.246239371000001
1782909368046356592,joint4,0.0,0.0,-0.030809786170721054,12.246239371000001
1782909368046356592,joint5,-1.2418583631515503,-0.3491486608982086,-2.0658040046691895,12.246239371000001
1782909368046356592,joint6,0.0,0.0,0.011134747415781021,12.246239371000001
1782909368247042419,joint1,0.0,0.0,0.0008442745893262327,12.446925198
1782909368247042419,joint2,0.5193573236465454,0.23366516828536987,-22.70323371887207,12.446925198
1782909368247042419,joint3,-0.6691774129867554,-0.11953079700469971,-8.436206817626953,12.446925198
1782909368247042419,joint4,0.0,0.0,-0.02674737572669983,12.446925198
1782909368247042419,joint5,-1.3116880655288696,-0.3491486608982086,-2.133620500564575,12.446925198
1782909368247042419,joint6,0.0,0.0,0.011206565424799919,12.446925198
1782909368447777889,joint1,0.0,0.0,0.0008886227733455598,12.647660668
1782909368447777889,joint2,0.5660903453826904,0.23366516828536987,-23.208133697509766,12.647660668
1782909368447777889,joint3,-0.6930835843086243,-0.11953079700469971,-8.06900691986084,12.647660668
1782909368447777889,joint4,0.0,0.0,-0.022670891135931015,12.647660668
1782909368447777889,joint5,-1.3815178871154785,-0.3491486608982086,-2.2353453636169434,12.647660668
1782909368447777889,joint6,0.0,0.0,0.01125370617955923,12.647660668
1782909368648835118,joint1,0.0,0.0,-6.356666286149529e-18,12.848717897
1782909368648835118,joint2,0.5759586691856384,0.0,-20.11949920654297,12.848717897
1782909368648835118,joint3,-0.6981316804885864,0.0,-10.95479965209961,12.848717897
1782909368648835118,joint4,0.0,0.0,-0.021940410137176514,12.848717897
1782909368648835118,joint5,-1.3962633609771729,0.0,-4.272439479827881,12.848717897
1782909368648835118,joint6,0.0,0.0,0.011274855583906174,12.848717897
1782909368849915542,joint1,0.0,0.0,-6.356666286149529e-18,13.049798321
1782909368849915542,joint2,0.5759586691856384,0.0,-21.861392974853516,13.049798321
1782909368849915542,joint3,-0.6981316804885864,0.0,-7.551408767700195,13.049798321
1782909368849915542,joint4,0.0,0.0,-0.021940410137176514,13.049798321
1782909368849915542,joint5,-1.3962633609771729,0.0,-1.797418475151062,13.049798321
1782909368849915542,joint6,0.0,0.0,0.011274855583906174,13.049798321
1782909369050751973,joint1,0.0,0.0,-6.356666286149529e-18,13.250634752000002
1782909369050751973,joint2,0.5759586691856384,0.0,-21.861392974853516,13.250634752000002
1782909369050751973,joint3,-0.6981316804885864,0.0,-7.551408767700195,13.250634752000002
1782909369050751973,joint4,0.0,0.0,-0.021940410137176514,13.250634752000002
1782909369050751973,joint5,-1.3962633609771729,0.0,-1.797418475151062,13.250634752000002
1782909369050751973,joint6,0.0,0.0,0.011274855583906174,13.250634752000002
1782909369251432366,joint1,0.0,0.0,-6.356666286149529e-18,13.451315145
1782909369251432366,joint2,0.5759586691856384,0.0,-21.861392974853516,13.451315145
1782909369251432366,joint3,-0.6981316804885864,0.0,-7.551408767700195,13.451315145
1782909369251432366,joint4,0.0,0.0,-0.021940410137176514,13.451315145
1782909369251432366,joint5,-1.3962633609771729,0.0,-1.797418475151062,13.451315145
1782909369251432366,joint6,0.0,0.0,0.011274855583906174,13.451315145
1782909369452532754,joint1,0.0,0.0,-6.356666286149529e-18,13.652415533000001
1782909369452532754,joint2,0.5759586691856384,0.0,-21.861392974853516,13.652415533000001
1782909369452532754,joint3,-0.6981316804885864,0.0,-7.551408767700195,13.652415533000001
1782909369452532754,joint4,0.0,0.0,-0.021940410137176514,13.652415533000001
1782909369452532754,joint5,-1.3962633609771729,0.0,-1.797418475151062,13.652415533000001
1782909369452532754,joint6,0.0,0.0,0.011274855583906174,13.652415533000001
1782909369653258193,joint1,0.0,0.0,-6.356666286149529e-18,13.853140972
1782909369653258193,joint2,0.5759586691856384,0.0,-21.861392974853516,13.853140972
1782909369653258193,joint3,-0.6981316804885864,0.0,-7.551408767700195,13.853140972
1782909369653258193,joint4,0.0,0.0,-0.021940410137176514,13.853140972
1782909369653258193,joint5,-1.3962633609771729,0.0,-1.797418475151062,13.853140972
1782909369653258193,joint6,0.0,0.0,0.011274855583906174,13.853140972
1782909369854111013,joint1,0.0,0.0,-6.356666286149529e-18,14.053993792000002
1782909369854111013,joint2,0.5759586691856384,0.0,-21.861392974853516,14.053993792000002
1782909369854111013,joint3,-0.6981316804885864,0.0,-7.551408767700195,14.053993792000002
1782909369854111013,joint4,0.0,0.0,-0.021940410137176514,14.053993792000002
1782909369854111013,joint5,-1.3962633609771729,0.0,-1.797418475151062,14.053993792000002
1782909369854111013,joint6,0.0,0.0,0.011274855583906174,14.053993792000002
1782909370054736472,joint1,0.0,0.0,-6.356666286149529e-18,14.254619251000001
1782909370054736472,joint2,0.5759586691856384,0.0,-21.861392974853516,14.254619251000001
1782909370054736472,joint3,-0.6981316804885864,0.0,-7.551408767700195,14.254619251000001
1782909370054736472,joint4,0.0,0.0,-0.021940410137176514,14.254619251000001
1782909370054736472,joint5,-1.3962633609771729,0.0,-1.797418475151062,14.254619251000001
1782909370054736472,joint6,0.0,0.0,0.011274855583906174,14.254619251000001
1782909370255578058,joint1,0.0,0.0,-6.356666286149529e-18,14.455460837
1782909370255578058,joint2,0.5759586691856384,0.0,-21.861392974853516,14.455460837
1782909370255578058,joint3,-0.6981316804885864,0.0,-7.551408767700195,14.455460837
1782909370255578058,joint4,0.0,0.0,-0.021940410137176514,14.455460837
1782909370255578058,joint5,-1.3962633609771729,0.0,-1.797418475151062,14.455460837
1782909370255578058,joint6,0.0,0.0,0.011274855583906174,14.455460837
1782909370456310137,joint1,0.0,0.0,-6.356666286149529e-18,14.656192916
1782909370456310137,joint2,0.5759586691856384,0.0,-21.861392974853516,14.656192916
1782909370456310137,joint3,-0.6981316804885864,0.0,-7.551408767700195,14.656192916
1782909370456310137,joint4,0.0,0.0,-0.021940410137176514,14.656192916
1782909370456310137,joint5,-1.3962633609771729,0.0,-1.797418475151062,14.656192916
1782909370456310137,joint6,0.0,0.0,0.011274855583906174,14.656192916
1782909370656995387,joint1,0.0,0.0,-6.356666286149529e-18,14.856878166000001
1782909370656995387,joint2,0.5759586691856384,0.0,-21.861392974853516,14.856878166000001
1782909370656995387,joint3,-0.6981316804885864,0.0,-7.551408767700195,14.856878166000001
1782909370656995387,joint4,0.0,0.0,-0.021940410137176514,14.856878166000001
1782909370656995387,joint5,-1.3962633609771729,0.0,-1.797418475151062,14.856878166000001
1782909370656995387,joint6,0.0,0.0,0.011274855583906174,14.856878166000001
1782909370857672883,joint1,0.0,0.0,-6.356666286149529e-18,15.057555662
1782909370857672883,joint2,0.5759586691856384,0.0,-21.861392974853516,15.057555662
1782909370857672883,joint3,-0.6981316804885864,0.0,-7.551408767700195,15.057555662
1782909370857672883,joint4,0.0,0.0,-0.021940410137176514,15.057555662
1782909370857672883,joint5,-1.3962633609771729,0.0,-1.797418475151062,15.057555662
1782909370857672883,joint6,0.0,0.0,0.011274855583906174,15.057555662
1782909371058461458,joint1,0.0,0.0,-6.356666286149529e-18,15.258344237000001
1782909371058461458,joint2,0.5759586691856384,0.0,-21.861392974853516,15.258344237000001
1782909371058461458,joint3,-0.6981316804885864,0.0,-7.551408767700195,15.258344237000001
1782909371058461458,joint4,0.0,0.0,-0.021940410137176514,15.258344237000001
1782909371058461458,joint5,-1.3962633609771729,0.0,-1.797418475151062,15.258344237000001
1782909371058461458,joint6,0.0,0.0,0.011274855583906174,15.258344237000001
1782909371259350381,joint1,0.0,0.0,-6.356666286149529e-18,15.45923316
1782909371259350381,joint2,0.5759586691856384,0.0,-21.861392974853516,15.45923316
1782909371259350381,joint3,-0.6981316804885864,0.0,-7.551408767700195,15.45923316
1782909371259350381,joint4,0.0,0.0,-0.021940410137176514,15.45923316
1782909371259350381,joint5,-1.3962633609771729,0.0,-1.797418475151062,15.45923316
1782909371259350381,joint6,0.0,0.0,0.011274855583906174,15.45923316
1782909371460104268,joint1,0.0,0.0,-6.356666286149529e-18,15.659987047000001
1782909371460104268,joint2,0.5759586691856384,0.0,-21.861392974853516,15.659987047000001
1782909371460104268,joint3,-0.6981316804885864,0.0,-7.551408767700195,15.659987047000001
1782909371460104268,joint4,0.0,0.0,-0.021940410137176514,15.659987047000001
1782909371460104268,joint5,-1.3962633609771729,0.0,-1.797418475151062,15.659987047000001
1782909371460104268,joint6,0.0,0.0,0.011274855583906174,15.659987047000001
1782909371660918610,joint1,0.0,0.0,-6.356666286149529e-18,15.860801389
1782909371660918610,joint2,0.5759586691856384,0.0,-21.861392974853516,15.860801389
1782909371660918610,joint3,-0.6981316804885864,0.0,-7.551408767700195,15.860801389
1782909371660918610,joint4,0.0,0.0,-0.021940410137176514,15.860801389
1782909371660918610,joint5,-1.3962633609771729,0.0,-1.797418475151062,15.860801389
1782909371660918610,joint6,0.0,0.0,0.011274855583906174,15.860801389
1782909371861764001,joint1,0.0,0.0,-6.356666286149529e-18,16.06164678
1782909371861764001,joint2,0.5759586691856384,0.0,-21.861392974853516,16.06164678
1782909371861764001,joint3,-0.6981316804885864,0.0,-7.551408767700195,16.06164678
1782909371861764001,joint4,0.0,0.0,-0.021940410137176514,16.06164678
1782909371861764001,joint5,-1.3962633609771729,0.0,-1.797418475151062,16.06164678
1782909371861764001,joint6,0.0,0.0,0.011274855583906174,16.06164678
1782909372062792788,joint1,0.0,0.0,-6.356666286149529e-18,16.262675567000002
1782909372062792788,joint2,0.5759586691856384,0.0,-21.861392974853516,16.262675567000002
1782909372062792788,joint3,-0.6981316804885864,0.0,-7.551408767700195,16.262675567000002
1782909372062792788,joint4,0.0,0.0,-0.021940410137176514,16.262675567000002
1782909372062792788,joint5,-1.3962633609771729,0.0,-1.797418475151062,16.262675567000002
1782909372062792788,joint6,0.0,0.0,0.011274855583906174,16.262675567000002
1782909372263703399,joint1,0.0,0.0,-6.356666286149529e-18,16.463586178
1782909372263703399,joint2,0.5759586691856384,0.0,-21.861392974853516,16.463586178
1782909372263703399,joint3,-0.6981316804885864,0.0,-7.551408767700195,16.463586178
1782909372263703399,joint4,0.0,0.0,-0.021940410137176514,16.463586178
1782909372263703399,joint5,-1.3962633609771729,0.0,-1.797418475151062,16.463586178
1782909372263703399,joint6,0.0,0.0,0.011274855583906174,16.463586178
1782909372464469427,joint1,0.0,0.0,-6.356666286149529e-18,16.664352206
1782909372464469427,joint2,0.5759586691856384,0.0,-21.861392974853516,16.664352206
1782909372464469427,joint3,-0.6981316804885864,0.0,-7.551408767700195,16.664352206
1782909372464469427,joint4,0.0,0.0,-0.021940410137176514,16.664352206
1782909372464469427,joint5,-1.3962633609771729,0.0,-1.797418475151062,16.664352206
1782909372464469427,joint6,0.0,0.0,0.011274855583906174,16.664352206
1782909372665252737,joint1,0.0,0.0,-6.356666286149529e-18,16.865135516000002
1782909372665252737,joint2,0.5759586691856384,0.0,-21.861392974853516,16.865135516000002
1782909372665252737,joint3,-0.6981316804885864,0.0,-7.551408767700195,16.865135516000002
1782909372665252737,joint4,0.0,0.0,-0.021940410137176514,16.865135516000002
1782909372665252737,joint5,-1.3962633609771729,0.0,-1.797418475151062,16.865135516000002
1782909372665252737,joint6,0.0,0.0,0.011274855583906174,16.865135516000002
1782909372866035848,joint1,0.0,0.0,-6.356666286149529e-18,17.065918627000002
1782909372866035848,joint2,0.5759586691856384,0.0,-21.861392974853516,17.065918627000002
1782909372866035848,joint3,-0.6981316804885864,0.0,-7.551408767700195,17.065918627000002
1782909372866035848,joint4,0.0,0.0,-0.021940410137176514,17.065918627000002
1782909372866035848,joint5,-1.3962633609771729,0.0,-1.797418475151062,17.065918627000002
1782909372866035848,joint6,0.0,0.0,0.011274855583906174,17.065918627000002
1782909373066878450,joint1,0.0,0.0,-6.356666286149529e-18,17.266761229
1782909373066878450,joint2,0.5759586691856384,0.0,-21.861392974853516,17.266761229
1782909373066878450,joint3,-0.6981316804885864,0.0,-7.551408767700195,17.266761229
1782909373066878450,joint4,0.0,0.0,-0.021940410137176514,17.266761229
1782909373066878450,joint5,-1.3962633609771729,0.0,-1.797418475151062,17.266761229
1782909373066878450,joint6,0.0,0.0,0.011274855583906174,17.266761229
1782909373267511714,joint1,0.0,0.0,-6.356666286149529e-18,17.467394493
1782909373267511714,joint2,0.5759586691856384,0.0,-21.861392974853516,17.467394493
1782909373267511714,joint3,-0.6981316804885864,0.0,-7.551408767700195,17.467394493
1782909373267511714,joint4,0.0,0.0,-0.021940410137176514,17.467394493
1782909373267511714,joint5,-1.3962633609771729,0.0,-1.797418475151062,17.467394493
1782909373267511714,joint6,0.0,0.0,0.011274855583906174,17.467394493
1782909373468256158,joint1,-0.025090999901294708,-0.21959897875785828,-5.80380916595459,17.668138937000002
1782909373468256158,joint2,0.5668346881866455,-0.07985418289899826,-23.714868545532227,17.668138937000002
1782909373468256158,joint3,-0.7346276640892029,-0.31941673159599304,-8.753809928894043,17.668138937000002
1782909373468256158,joint4,0.0,0.0,-0.01939229853451252,17.668138937000002
1782909373468256158,joint5,-1.3563458919525146,0.34936195611953735,-2.2160491943359375,17.668138937000002
1782909373468256158,joint6,0.0,0.0,0.011332216672599316,17.668138937000002
1782909373669056759,joint1,-0.06901079416275024,-0.21959897875785828,-4.07490873336792,17.868939538
1782909373669056759,joint2,0.5508638620376587,-0.07985418289899826,-25.41316795349121,17.868939538
1782909373669056759,joint3,-0.7985110282897949,-0.31941673159599304,-9.013910293579102,17.868939538
1782909373669056759,joint4,0.0,0.0,-0.03353309631347656,17.868939538
1782909373669056759,joint5,-1.2864735126495361,0.34936195611953735,-2.5042691230773926,17.868939538
1782909373669056759,joint6,0.0,0.0,0.011335101909935474,17.868939538
1782909373869859303,joint1,-0.11293058842420578,-0.21959897875785828,-3.7536089420318604,18.069742082
1782909373869859303,joint2,0.5348929762840271,-0.07985418289899826,-26.055768966674805,18.069742082
1782909373869859303,joint3,-0.862394392490387,-0.31941673159599304,-10.3756103515625,18.069742082
1782909373869859303,joint4,0.0,0.0,-0.0478331558406353,18.069742082
1782909373869859303,joint5,-1.2166011333465576,0.34936195611953735,-2.521223306655884,18.069742082
1782909373869859303,joint6,0.0,0.0,0.011336630210280418,18.069742082
1782909374070504940,joint1,-0.15772877633571625,-0.21959897875785828,-4.5033087730407715,18.270387719000002
1782909374070504940,joint2,0.518602728843689,-0.07985418289899826,-26.606569290161133,18.270387719000002
1782909374070504940,joint3,-0.9275553822517395,-0.31941673159599304,-11.645509719848633,18.270387719000002
1782909374070504940,joint4,0.0,0.0,-0.061639852821826935,18.270387719000002
1782909374070504940,joint5,-1.1453312635421753,0.34936195611953735,-2.1990950107574463,18.270387719000002
1782909374070504940,joint6,0.0,0.0,0.011336750350892544,18.270387719000002
1782909374271381582,joint1,-0.20164857804775238,-0.21959897875785828,-3.8607089519500732,18.471264361000003
1782909374271381582,joint2,0.5026319026947021,-0.07985418289899826,-27.55516815185547,18.471264361000003
1782909374271381582,joint3,-0.9914387464523315,-0.31941673159599304,-12.45641040802002,18.471264361000003
1782909374271381582,joint4,0.0,0.0,-0.07514341920614243,18.471264361000003
1782909374271381582,joint5,-1.0754588842391968,0.34936195611953735,-2.5890398025512695,18.471264361000003
1782909374271381582,joint6,0.0,0.0,0.011335516348481178,18.471264361000003
1782909374472189313,joint1,-0.24556836485862732,-0.21959897875785828,-3.799509048461914,18.672072092
1782909374472189313,joint2,0.48666107654571533,-0.07985418289899826,-27.708168029785156,18.672072092
1782909374472189313,joint3,-1.0553220510482788,-0.31941673159599304,-13.206110000610352,18.672072092
1782909374472189313,joint4,0.0,0.0,-0.08825156092643738,18.672072092
1782909374472189313,joint5,-1.0055865049362183,0.34936195611953735,-2.4703609943389893,18.672072092
1782909374472189313,joint6,0.0,0.0,0.011332940310239792,18.672072092
1782909374672970665,joint1,-0.28948816657066345,-0.21959897875785828,-3.723008871078491,18.872853444
1782909374672970665,joint2,0.4706902503967285,-0.07985418289899826,-28.672067642211914,18.872853444
1782909374672970665,joint3,-1.119205355644226,-0.31941673159599304,-13.833410263061523,18.872853444
1782909374672970665,joint4,0.0,0.0,-0.10087206959724426,18.872853444
1782909374672970665,joint5,-0.935714066028595,0.34936195611953735,-2.4025444984436035,18.872853444
1782909374672970665,joint6,0.0,0.0,0.011329034343361855,18.872853444
1782909374873758268,joint1,-0.3334079682826996,-0.21959897875785828,-4.0596089363098145,19.073641047000002
1782909374873758268,joint2,0.4547193944454193,-0.07985418289899826,-29.085168838500977,19.073641047000002
1782909374873758268,joint3,-1.183088779449463,-0.31941673159599304,-15.042110443115234,19.073641047000002
1782909374873758268,joint4,0.0,0.0,-0.11314789950847626,19.073641047000002
1782909374873758268,joint5,-0.8658416867256165,0.34936195611953735,-2.1312785148620605,19.073641047000002
1782909374873758268,joint6,0.0,0.0,0.011323693208396435,19.073641047000002
1782909375074584754,joint1,-0.37812817096710205,-0.2080581933259964,-4.581381320953369,19.274467533000003
1782909375074584754,joint2,0.4384574890136719,-0.07565753161907196,-29.284061431884766,19.274467533000003
1782909375074584754,joint3,-1.2481364011764526,-0.30263012647628784,-15.309476852416992,19.274467533000003
1782909375074584754,joint4,0.0,0.0,-0.24413491785526276,19.274467533000003
1782909375074584754,joint5,-0.7946958541870117,0.3310016393661499,-2.17075777053833,19.274467533000003
1782909375074584754,joint6,0.0,0.0,0.010633528232574463,19.274467533000003
1782909375275333632,joint1,-0.3839724361896515,0.0,-3.473099946975708,19.475216411
1782909375275333632,joint2,0.4363323152065277,0.0,-26.809432983398438,19.475216411
1782909375275333632,joint3,-1.2566370964050293,0.0,-17.380800247192383,19.475216411
1782909375275333632,joint4,0.0,0.0,-0.13166728615760803,19.475216411
1782909375275333632,joint5,-0.7853981852531433,0.0,-0.1525871306657791,19.475216411
1782909375275333632,joint6,0.0,0.0,0.0112834507599473,19.475216411
1782909375476087429,joint1,-0.3839724361896515,0.0,-8.729206564025559e-17,19.675970208000003
1782909375476087429,joint2,0.4363323152065277,0.0,-26.809432983398438,19.675970208000003
1782909375476087429,joint3,-1.2566370964050293,0.0,-14.744183540344238,19.675970208000003
1782909375476087429,joint4,0.0,0.0,-0.13166728615760803,19.675970208000003
1782909375476087429,joint5,-0.7853981852531433,0.0,-1.659764289855957,19.675970208000003
1782909375476087429,joint6,0.0,0.0,0.0112834507599473,19.675970208000003
1782909375676929202,joint1,-0.3839724361896515,0.0,-8.729206564025559e-17,19.876811981
1782909375676929202,joint2,0.4363323152065277,0.0,-26.809432983398438,19.876811981
1782909375676929202,joint3,-1.2566370964050293,0.0,-14.744183540344238,19.876811981
1782909375676929202,joint4,0.0,0.0,-0.13166728615760803,19.876811981
1782909375676929202,joint5,-0.7853981852531433,0.0,-1.659764289855957,19.876811981
1782909375676929202,joint6,0.0,0.0,0.0112834507599473,19.876811981
1782909375877753553,joint1,-0.3839724361896515,0.0,-8.729206564025559e-17,20.077636332
1782909375877753553,joint2,0.4363323152065277,0.0,-26.809432983398438,20.077636332
1782909375877753553,joint3,-1.2566370964050293,0.0,-14.744183540344238,20.077636332
1782909375877753553,joint4,0.0,0.0,-0.13166728615760803,20.077636332
1782909375877753553,joint5,-0.7853981852531433,0.0,-1.659764289855957,20.077636332
1782909375877753553,joint6,0.0,0.0,0.0112834507599473,20.077636332
1782909376078607719,joint1,-0.3839724361896515,0.0,-8.729206564025559e-17,20.278490498
1782909376078607719,joint2,0.4363323152065277,0.0,-26.809432983398438,20.278490498
1782909376078607719,joint3,-1.2566370964050293,0.0,-14.744183540344238,20.278490498
1782909376078607719,joint4,0.0,0.0,-0.13166728615760803,20.278490498
1782909376078607719,joint5,-0.7853981852531433,0.0,-1.659764289855957,20.278490498
1782909376078607719,joint6,0.0,0.0,0.0112834507599473,20.278490498
1782909376279232940,joint1,-0.38311266899108887,0.015860646963119507,0.003368675010278821,20.479115719000003
1782909376279232940,joint2,0.4535275399684906,0.31721314787864685,-24.044513702392578,20.479115719000003
1782909376279232940,joint3,-1.2523382902145386,0.07930326461791992,-14.581716537475586,20.479115719000003
1782909376279232940,joint4,0.0,0.0,-0.12848688662052155,20.479115719000003
1782909376279232940,joint5,-0.8043129444122314,-0.34893447160720825,-1.3035359382629395,20.479115719000003
1782909376279232940,joint6,0.0,0.0,0.011292673647403717,20.479115719000003
1782909376479975593,joint1,-0.37994053959846497,0.015860646963119507,0.09273397922515869,20.679858372
1782909376479975593,joint2,0.516970157623291,0.31721314787864685,-28.313213348388672,20.679858372
1782909376479975593,joint3,-1.2364776134490967,0.07930326461791992,-14.976945877075195,20.679858372
1782909376479975593,joint4,0.0,0.0,-0.11805186420679092,20.679858372
1782909376479975593,joint5,-0.8740997910499573,-0.34893447160720825,-1.540893793106079,20.679858372
1782909376479975593,joint6,0.0,0.0,0.011300436221063137,20.679858372
1782909376680765556,joint1,-0.37676841020584106,0.015860646963119507,1.7910339832305908,20.880648335
1782909376680765556,joint2,0.5804128050804138,0.31721314787864685,-28.573312759399414,20.880648335
1782909376680765556,joint3,-1.2206169366836548,0.07930326461791992,-13.508146286010742,20.880648335
1782909376680765556,joint4,0.0,0.0,-0.1068725511431694,20.880648335
1782909376680765556,joint5,-0.9438866972923279,-0.34893447160720825,-1.761297345161438,20.880648335
1782909376680765556,joint6,0.0,0.0,0.011307061649858952,20.880648335
1782909376881488271,joint1,-0.37359628081321716,0.015860646963119507,1.8216339349746704,21.08137105
1782909376881488271,joint2,0.6438553929328918,0.31721314787864685,-28.7263126373291,21.08137105
1782909376881488271,joint3,-1.2047563791275024,0.07930326461791992,-13.645846366882324,21.08137105
1782909376881488271,joint4,0.0,0.0,-0.09477712213993073,21.08137105
1782909376881488271,joint5,-1.0136735439300537,-0.34893447160720825,-1.523939609527588,21.08137105
1782909376881488271,joint6,0.0,0.0,0.011312628164887428,21.08137105
1782909377082210755,joint1,-0.37036070227622986,0.015860646963119507,2.4489340782165527,21.282093534
1782909377082210755,joint2,0.7085669040679932,0.31721314787864685,-29.368913650512695,21.282093534
1782909377082210755,joint3,-1.188578486442566,0.07930326461791992,-12.636046409606934,21.282093534
1782909377082210755,joint4,0.0,0.0,-0.08231689780950546,21.282093534
1782909377082210755,joint5,-1.0848562717437744,-0.34893447160720825,-1.6426185369491577,21.282093534
1782909377082210755,joint6,0.0,0.0,0.011316896416246891,21.282093534
1782909377282998842,joint1,-0.36718857288360596,0.015860646963119507,1.9287339448928833,21.482881621
1782909377282998842,joint2,0.772009551525116,0.31721314787864685,-29.33831214904785,21.482881621
1782909377282998842,joint3,-1.172717809677124,0.07930326461791992,-11.993446350097656,21.482881621
1782909377282998842,joint4,0.0,0.0,-0.06934060156345367,21.482881621
1782909377282998842,joint5,-1.154643177986145,-0.34893447160720825,-1.6765267848968506,21.482881621
1782909377282998842,joint6,0.0,0.0,0.011319969780743122,21.482881621
1782909377483896396,joint1,-0.36651915311813354,0.0,1.211483828235938e-16,21.683779175
1782909377483896396,joint2,0.7853981852531433,0.0,-29.406600952148438,21.683779175
1782909377483896396,joint3,-1.1693706512451172,0.0,-10.893600463867188,21.683779175
1782909377483896396,joint4,0.0,0.0,-0.06744128465652466,21.683779175
1782909377483896396,joint5,-1.1693706512451172,0.0,-4.340256214141846,21.683779175
1782909377483896396,joint6,0.0,0.0,0.011288609355688095,21.683779175
1782909377684600323,joint1,-0.36651915311813354,0.0,1.211483828235938e-16,21.884483102
1782909377684600323,joint2,0.7853981852531433,0.0,-27.93817138671875,21.884483102
1782909377684600323,joint3,-1.1693706512451172,0.0,-10.795514106750488,21.884483102
1782909377684600323,joint4,0.0,0.0,-0.06744128465652466,21.884483102
1782909377684600323,joint5,-1.1693706512451172,0.0,-1.7439417839050293,21.884483102
1782909377684600323,joint6,0.0,0.0,0.011288609355688095,21.884483102
1782909377885406154,joint1,-0.36651915311813354,0.0,1.211483828235938e-16,22.085288933
1782909377885406154,joint2,0.7853981852531433,0.0,-27.93817138671875,22.085288933
1782909377885406154,joint3,-1.1693706512451172,0.0,-10.795514106750488,22.085288933
1782909377885406154,joint4,0.0,0.0,-0.06744128465652466,22.085288933
1782909377885406154,joint5,-1.1693706512451172,0.0,-1.7439417839050293,22.085288933
1782909377885406154,joint6,0.0,0.0,0.011288609355688095,22.085288933
1782909378086153973,joint1,-0.36651915311813354,0.0,1.211483828235938e-16,22.286036752
1782909378086153973,joint2,0.7853981852531433,0.0,-27.93817138671875,22.286036752
1782909378086153973,joint3,-1.1693706512451172,0.0,-10.795514106750488,22.286036752
1782909378086153973,joint4,0.0,0.0,-0.06744128465652466,22.286036752
1782909378086153973,joint5,-1.1693706512451172,0.0,-1.7439417839050293,22.286036752
1782909378086153973,joint6,0.0,0.0,0.011288609355688095,22.286036752
1782909378286906880,joint1,-0.36651915311813354,0.0,1.211483828235938e-16,22.486789659000003
1782909378286906880,joint2,0.7853981852531433,0.0,-27.93817138671875,22.486789659000003
1782909378286906880,joint3,-1.1693706512451172,0.0,-10.795514106750488,22.486789659000003
1782909378286906880,joint4,0.0,0.0,-0.06744128465652466,22.486789659000003
1782909378286906880,joint5,-1.1693706512451172,0.0,-1.7439417839050293,22.486789659000003
1782909378286906880,joint6,0.0,0.0,0.011288609355688095,22.486789659000003
1782909378488052060,joint1,-0.36651915311813354,0.0,1.211483828235938e-16,22.687934839
1782909378488052060,joint2,0.7853981852531433,0.0,-27.93817138671875,22.687934839
1782909378488052060,joint3,-1.1693706512451172,0.0,-10.795514106750488,22.687934839
1782909378488052060,joint4,0.0,0.0,-0.06744128465652466,22.687934839
1782909378488052060,joint5,-1.1693706512451172,0.0,-1.7439417839050293,22.687934839
1782909378488052060,joint6,0.0,0.0,0.011288609355688095,22.687934839
1782909378688861124,joint1,-0.36651915311813354,0.0,1.211483828235938e-16,22.888743903
1782909378688861124,joint2,0.7853981852531433,0.0,-27.93817138671875,22.888743903
1782909378688861124,joint3,-1.1693706512451172,0.0,-10.795514106750488,22.888743903
1782909378688861124,joint4,0.0,0.0,-0.06744128465652466,22.888743903
1782909378688861124,joint5,-1.1693706512451172,0.0,-1.7439417839050293,22.888743903
1782909378688861124,joint6,0.0,0.0,0.011288609355688095,22.888743903
1782909378889701467,joint1,-0.36651915311813354,0.0,1.211483828235938e-16,23.089584246
1782909378889701467,joint2,0.7853981852531433,0.0,-27.93817138671875,23.089584246
1782909378889701467,joint3,-1.1693706512451172,0.0,-10.795514106750488,23.089584246
1782909378889701467,joint4,0.0,0.0,-0.06744128465652466,23.089584246
1782909378889701467,joint5,-1.1693706512451172,0.0,-1.7439417839050293,23.089584246
1782909378889701467,joint6,0.0,0.0,0.011288609355688095,23.089584246
1782909379090467137,joint1,-0.36651915311813354,0.0,1.211483828235938e-16,23.290349916
1782909379090467137,joint2,0.7853981852531433,0.0,-27.93817138671875,23.290349916
1782909379090467137,joint3,-1.1693706512451172,0.0,-10.795514106750488,23.290349916
1782909379090467137,joint4,0.0,0.0,-0.06744128465652466,23.290349916
1782909379090467137,joint5,-1.1693706512451172,0.0,-1.7439417839050293,23.290349916
1782909379090467137,joint6,0.0,0.0,0.011288609355688095,23.290349916
1782909379291681135,joint1,-0.36651915311813354,0.0,1.211483828235938e-16,23.491563914
1782909379291681135,joint2,0.7853981852531433,0.0,-27.93817138671875,23.491563914
1782909379291681135,joint3,-1.1693706512451172,0.0,-10.795514106750488,23.491563914
1782909379291681135,joint4,0.0,0.0,-0.06744128465652466,23.491563914
1782909379291681135,joint5,-1.1693706512451172,0.0,-1.7439417839050293,23.491563914
1782909379291681135,joint6,0.0,0.0,0.011288609355688095,23.491563914
1782909379492412058,joint1,-0.36651915311813354,0.0,1.211483828235938e-16,23.692294837000002
1782909379492412058,joint2,0.7853981852531433,0.0,-27.93817138671875,23.692294837000002
1782909379492412058,joint3,-1.1693706512451172,0.0,-10.795514106750488,23.692294837000002
1782909379492412058,joint4,0.0,0.0,-0.06744128465652466,23.692294837000002
1782909379492412058,joint5,-1.1693706512451172,0.0,-1.7439417839050293,23.692294837000002
1782909379492412058,joint6,0.0,0.0,0.011288609355688095,23.692294837000002
1782909379693172538,joint1,-0.36651915311813354,0.0,1.211483828235938e-16,23.893055317
1782909379693172538,joint2,0.7853981852531433,0.0,-27.93817138671875,23.893055317
1782909379693172538,joint3,-1.1693706512451172,0.0,-10.795514106750488,23.893055317
1782909379693172538,joint4,0.0,0.0,-0.06744128465652466,23.893055317
1782909379693172538,joint5,-1.1693706512451172,0.0,-1.7439417839050293,23.893055317
1782909379693172538,joint6,0.0,0.0,0.011288609355688095,23.893055317
1782909379893907619,joint1,-0.36651915311813354,0.0,1.211483828235938e-16,24.093790398000003
1782909379893907619,joint2,0.7853981852531433,0.0,-27.93817138671875,24.093790398000003
1782909379893907619,joint3,-1.1693706512451172,0.0,-10.795514106750488,24.093790398000003
1782909379893907619,joint4,0.0,0.0,-0.06744128465652466,24.093790398000003
1782909379893907619,joint5,-1.1693706512451172,0.0,-1.7439417839050293,24.093790398000003
1782909379893907619,joint6,0.0,0.0,0.011288609355688095,24.093790398000003
1782909380094742057,joint1,-0.36651915311813354,0.0,1.211483828235938e-16,24.294624836
1782909380094742057,joint2,0.7853981852531433,0.0,-27.93817138671875,24.294624836
1782909380094742057,joint3,-1.1693706512451172,0.0,-10.795514106750488,24.294624836
1782909380094742057,joint4,0.0,0.0,-0.06744128465652466,24.294624836
1782909380094742057,joint5,-1.1693706512451172,0.0,-1.7439417839050293,24.294624836
1782909380094742057,joint6,0.0,0.0,0.011288609355688095,24.294624836
1782909380295429295,joint1,-0.36651915311813354,0.0,0.08625175058841705,24.495312074
1782909380295429295,joint2,0.7838382720947266,-0.1160859614610672,-34.75394821166992,24.495312074
1782909380295429295,joint3,-1.1693706512451172,0.0,-13.975519180297852,24.495312074
1782909380295429295,joint4,0.0,0.0,-0.09247244894504547,24.495312074
1782909380295429295,joint5,-1.1680258512496948,0.10007411241531372,-2.09708309173584,24.495312074
1782909380295429295,joint6,0.0,0.0,0.014266224578022957,24.495312074
1782909380496120481,joint1,-0.36651915311813354,0.0,0.0022492636926472187,24.69600326
1782909380496120481,joint2,0.7175180315971375,-0.3494200110435486,-31.551183700561523,24.69600326
1782909380496120481,joint3,-1.1693706512451172,0.0,-11.48625373840332,24.69600326
1782909380496120481,joint4,0.0,0.0,-0.07757720351219177,24.69600326
1782909380496120481,joint5,-1.1108533143997192,0.30122414231300354,-2.5416862964630127,24.69600326
1782909380496120481,joint6,0.0,0.0,0.01130267046391964,24.69600326
1782909380696917336,joint1,-0.36651915311813354,0.0,0.00210328446701169,24.896800115
1782909380696917336,joint2,0.6476340293884277,-0.3494200110435486,-31.168682098388672,24.896800115
1782909380696917336,joint3,-1.1693706512451172,0.0,-12.209230422973633,24.896800115
1782909380696917336,joint4,0.0,0.0,-0.08870308846235275,24.896800115
1782909380696917336,joint5,-1.0506083965301514,0.30122414231300354,-2.5925486087799072,24.896800115
1782909380696917336,joint6,0.0,0.0,0.01129924040287733,24.896800115
1782909380897701247,joint1,-0.36651915311813354,0.0,0.0019438177114352584,25.097584026
1782909380897701247,joint2,0.577750027179718,-0.3494200110435486,-29.791683197021484,25.097584026
1782909380897701247,joint3,-1.1693706512451172,0.0,-12.893446922302246,25.097584026
1782909380897701247,joint4,0.0,0.0,-0.09960097819566727,25.097584026
1782909380897701247,joint5,-0.990363597869873,0.30122414231300354,-2.575594663619995,25.097584026
1782909380897701247,joint6,0.0,0.0,0.011294625699520111,25.097584026
1782909381098479677,joint1,-0.36651915311813354,0.0,0.001777893048711121,25.298362456000003
1782909381098479677,joint2,0.5064683556556702,-0.3494200110435486,-29.210283279418945,25.298362456000003
1782909381098479677,joint3,-1.1693706512451172,0.0,-13.508663177490234,25.298362456000003
1782909381098479677,joint4,0.0,0.0,-0.10979045927524567,25.298362456000003
1782909381098479677,joint5,-0.9289138913154602,0.30122414231300354,-2.2365121841430664,25.298362456000003
1782909381098479677,joint6,0.0,0.0,0.011289023794233799,25.298362456000003
1782909381299153417,joint1,-0.36651915311813354,0.0,0.001603293581865728,25.499036196000002
1782909381299153417,joint2,0.43658435344696045,-0.3494200110435486,-28.261682510375977,25.499036196000002
1782909381299153417,joint3,-1.1693706512451172,0.0,-14.06574535369873,25.499036196000002
1782909381299153417,joint4,0.0,0.0,-0.11944003403186798,25.499036196000002
1782909381299153417,joint5,-0.8686690330505371,0.30122414231300354,-2.100879192352295,25.499036196000002
1782909381299153417,joint6,0.0,0.0,0.011282367631793022,25.499036196000002
1782909381499970197,joint1,-0.36651915311813354,0.0,0.0014208715874701738,25.699852976000003
1782909381499970197,joint2,0.36670035123825073,-0.3494200110435486,-28.078083038330078,25.699852976000003
1782909381499970197,joint3,-1.1693706512451172,0.0,-14.561899185180664,25.699852976000003
1782909381499970197,joint4,0.0,0.0,-0.12850260734558105,25.699852976000003
1782909381499970197,joint5,-0.8084242343902588,0.30122414231300354,-2.0839250087738037,25.699852976000003
1782909381499970197,joint6,0.0,0.0,0.011274673044681549,25.699852976000003
1782909381700821914,joint1,-0.36651915311813354,0.0,0.001231517642736435,25.900704693
1782909381700821914,joint2,0.296816349029541,-0.3494200110435486,-27.29778289794922,25.900704693
1782909381700821914,joint3,-1.1693706512451172,0.0,-14.994624137878418,25.900704693
1782909381700821914,joint4,0.0,0.0,-0.13693390786647797,25.900704693
1782909381700821914,joint5,-0.7481793761253357,0.30122414231300354,-2.0839250087738037,25.900704693
1782909381700821914,joint6,0.0,0.0,0.01126595214009285,25.900704693
1782909381901607947,joint1,-0.36651915311813354,0.0,-2.3520470436361516e-17,26.101490726
1782909381901607947,joint2,0.27925267815589905,0.0,-24.87779998779297,26.101490726
1782909381901607947,joint3,-1.1693706512451172,0.0,-15.146536827087402,26.101490726
1782909381901607947,joint4,0.0,0.0,-0.13991136848926544,26.101490726
1782909381901607947,joint5,-0.7330383062362671,0.0,0.20344950258731842,26.101490726
1782909381901607947,joint6,0.0,0.0,0.011274855583906174,26.101490726
1782909382102443552,joint1,-0.36651915311813354,0.0,-2.3520470436361516e-17,26.302326331000003
1782909382102443552,joint2,0.27925267815589905,0.0,-24.40811538696289,26.302326331000003
1782909382102443552,joint3,-1.1693706512451172,0.0,-15.146536827087402,26.302326331000003
1782909382102443552,joint4,0.0,0.0,-0.13991136848926544,26.302326331000003
1782909382102443552,joint5,-0.7330383062362671,0.0,-1.630682349205017,26.302326331000003
1782909382102443552,joint6,0.0,0.0,0.011274855583906174,26.302326331000003
1782909382303223951,joint1,-0.36651915311813354,0.0,-2.3520470436361516e-17,26.503106730000002
1782909382303223951,joint2,0.27925267815589905,0.0,-24.40811538696289,26.503106730000002
1782909382303223951,joint3,-1.1693706512451172,0.0,-15.146536827087402,26.503106730000002
1782909382303223951,joint4,0.0,0.0,-0.13991136848926544,26.503106730000002
1782909382303223951,joint5,-0.7330383062362671,0.0,-1.630682349205017,26.503106730000002
1782909382303223951,joint6,0.0,0.0,0.011274855583906174,26.503106730000002
1782909382503971048,joint1,-0.36651915311813354,0.0,-2.3520470436361516e-17,26.703853827000003
1782909382503971048,joint2,0.27925267815589905,0.0,-24.40811538696289,26.703853827000003
1782909382503971048,joint3,-1.1693706512451172,0.0,-15.146536827087402,26.703853827000003
1782909382503971048,joint4,0.0,0.0,-0.13991136848926544,26.703853827000003
1782909382503971048,joint5,-0.7330383062362671,0.0,-1.630682349205017,26.703853827000003
1782909382503971048,joint6,0.0,0.0,0.011274855583906174,26.703853827000003
1782909382704672357,joint1,-0.36651915311813354,0.0,-2.3520470436361516e-17,26.904555136000003
1782909382704672357,joint2,0.27925267815589905,0.0,-24.40811538696289,26.904555136000003
1782909382704672357,joint3,-1.1693706512451172,0.0,-15.146536827087402,26.904555136000003
1782909382704672357,joint4,0.0,0.0,-0.13991136848926544,26.904555136000003
1782909382704672357,joint5,-0.7330383062362671,0.0,-1.630682349205017,26.904555136000003
1782909382704672357,joint6,0.0,0.0,0.011274855583906174,26.904555136000003
1782909382905362987,joint1,-0.36376914381980896,0.07949485629796982,0.563574492931366,27.105245766000003
1782909382905362987,joint2,0.27013832330703735,-0.2634686529636383,-26.50629234313965,27.105245766000003
1782909382905362987,joint3,-1.1600337028503418,0.2699039578437805,-15.237458229064941,27.105245766000003
1782909382905362987,joint4,0.0,0.0,-0.20357222855091095,27.105245766000003
1782909382905362987,joint5,-0.7210691571235657,0.3459918797016144,-2.7294788360595703,27.105245766000003
1782909382905362987,joint6,0.0,0.0,0.01114162988960743,27.105245766000003
1782909383106194020,joint1,-0.34740591049194336,0.08022792637348175,2.6214499473571777,27.306076799000003
1782909383106194020,joint2,0.21590591967105865,-0.2658982574939728,-26.148969650268555,27.306076799000003
1782909383106194020,joint3,-1.1044766902923584,0.2723928987979889,-15.260555267333984,27.306076799000003
1782909383106194020,joint4,0.0,0.0,-0.13770480453968048,27.306076799000003
1782909383106194020,joint5,-0.6498501896858215,0.34918248653411865,-2.266355514526367,27.306076799000003
1782909383106194020,joint6,0.0,0.0,0.011249000206589699,27.306076799000003
1782909383307133278,joint1,-0.3313603103160858,0.08022792637348175,3.2487499713897705,27.507016057
1782909383307133278,joint2,0.1627262830734253,-0.2658982574939728,-24.756669998168945,27.507016057
1782909383307133278,joint3,-1.0499980449676514,0.2723928987979889,-15.918455123901367,27.507016057
1782909383307133278,joint4,0.0,0.0,-0.1374468207359314,27.507016057
1782909383307133278,joint5,-0.5800136923789978,0.34918248653411865,-2.6393463611602783,27.507016057
1782909383307133278,joint6,0.0,0.0,0.01119445450603962,27.507016057
1782909383507726410,joint1,-0.31531473994255066,0.08022792637348175,2.2542500495910645,27.707609189000003
1782909383507726410,joint2,0.10954662412405014,-0.2658982574939728,-22.828868865966797,27.707609189000003
1782909383507726410,joint3,-0.9955194592475891,0.2723928987979889,-15.704255104064941,27.707609189000003
1782909383507726410,joint4,0.0,0.0,-0.13720917701721191,27.707609189000003
1782909383507726410,joint5,-0.5101771950721741,0.34918248653411865,-2.7580251693725586,27.707609189000003
1782909383507726410,joint6,0.0,0.0,0.011083478108048439,27.707609189000003
1782909383708618599,joint1,-0.2992691397666931,0.08022792637348175,2.3919501304626465,27.908501378
1782909383708618599,joint2,0.05636698007583618,-0.2658982574939728,-22.155668258666992,27.908501378
1782909383708618599,joint3,-0.9410408735275269,0.2723928987979889,-15.719554901123047,27.908501378
1782909383708618599,joint4,0.0,0.0,-0.13699401915073395,27.908501378
1782909383708618599,joint5,-0.44034069776535034,0.34918248653411865,-2.8088877201080322,27.908501378
1782909383708618599,joint6,0.0,0.0,0.010916639119386673,27.908501378
1782909383909326548,joint1,-0.28322356939315796,0.08022792637348175,2.3154499530792236,28.109209327000002
1782909383909326548,joint2,0.003187329275533557,-0.2658982574939728,-20.977569580078125,28.109209327000002
1782909383909326548,joint3,-0.8865622878074646,0.2723928987979889,-15.949054718017578,28.109209327000002
1782909383909326548,joint4,0.0,0.0,-0.13680316507816315,28.109209327000002
1782909383909326548,joint5,-0.3705042004585266,0.34918248653411865,-2.690208673477173,28.109209327000002
1782909383909326548,joint6,0.0,0.0,0.010694785974919796,28.109209327000002
1782909384110122203,joint1,-0.2668570876121521,0.08022792637348175,2.7591500282287598,28.310004982000002
1782909384110122203,joint2,-0.0510559119284153,-0.2658982574939728,-19.49346923828125,28.310004982000002
1782909384110122203,joint3,-0.8309941291809082,0.2723928987979889,-16.040855407714844,28.310004982000002
1782909384110122203,joint4,0.0,0.0,-0.13663505017757416,28.310004982000002
1782909384110122203,joint5,-0.29927098751068115,0.34918248653411865,-2.9445207118988037,28.310004982000002
1782909384110122203,joint6,0.0,0.0,0.01041298359632492,28.310004982000002
1782909384310865627,joint1,-0.25081148743629456,0.08022792637348175,2.101249933242798,28.510748406
1782909384310865627,joint2,-0.10423555970191956,-0.2658982574939728,-18.08586883544922,28.510748406
1782909384310865627,joint3,-0.7765156030654907,0.2723928987979889,-15.734854698181152,28.510748406
1782909384310865627,joint4,0.0,0.0,-0.1364973485469818,28.510748406
1782909384310865627,joint5,-0.22943449020385742,0.34918248653411865,-2.8088877201080322,28.510748406
1782909384310865627,joint6,0.0,0.0,0.010083699598908424,28.510748406
1782909384511618669,joint1,-0.2347659021615982,0.08022792637348175,2.8662500381469727,28.711501448000003
1782909384511618669,joint2,-0.1574152112007141,-0.2658982574939728,-16.89246940612793,28.711501448000003
1782909384511618669,joint3,-0.7220370173454285,0.2723928987979889,-15.96435546875,28.711501448000003
1782909384511618669,joint4,0.0,0.0,-0.13638713955879211,28.711501448000003
1782909384511618669,joint5,-0.1595979928970337,0.34918248653411865,-3.1310160160064697,28.711501448000003
1782909384511618669,joint6,0.0,0.0,0.009703598916530609,28.711501448000003
1782909384712296960,joint1,-0.21872031688690186,0.08022792637348175,2.2542500495910645,28.912179739000003
1782909384712296960,joint2,-0.21059486269950867,-0.2658982574939728,-16.219268798828125,28.912179739000003
1782909384712296960,joint3,-0.6675584316253662,0.2723928987979889,-16.19385528564453,28.912179739000003
1782909384712296960,joint4,0.0,0.0,-0.1363046020269394,28.912179739000003
1782909384712296960,joint5,-0.08976149559020996,0.34918248653411865,-2.7410712242126465,28.912179739000003
1782909384712296960,joint6,0.0,0.0,0.009274592623114586,28.912179739000003
1782909384913042639,joint1,-0.2026747316122055,0.08022792637348175,2.9427499771118164,29.112925418000003
1782909384913042639,joint2,-0.2637745141983032,-0.2658982574939728,-14.658669471740723,29.112925418000003
1782909384913042639,joint3,-0.613079845905304,0.2723928987979889,-16.438655853271484,29.112925418000003
1782909384913042639,joint4,0.0,0.0,-0.13624948263168335,29.112925418000003
1782909384913042639,joint5,-0.01992499642074108,0.34918248653411865,-3.2157866954803467,29.112925418000003
1782909384913042639,joint6,0.0,0.0,0.008798833936452866,29.112925418000003
1782909385113728162,joint1,-0.18662914633750916,0.08022792637348175,2.0094499588012695,29.313610941
1782909385113728162,joint2,-0.3169541656970978,-0.2658982574939728,-13.63356876373291,29.313610941
1782909385113728162,joint3,-0.5586012601852417,0.2723928987979889,-16.316255569458008,29.313610941
1782909385113728162,joint4,0.0,0.0,-0.136220782995224,29.313610941
1782909385113728162,joint5,0.0499114990234375,0.34918248653411865,-3.2836031913757324,29.313610941
1782909385113728162,joint6,0.0,0.0,0.008267872966825962,29.313610941
1782909385314581762,joint1,-0.1702626496553421,0.08022792637348175,3.309950113296509,29.514464541000002
1782909385314581762,joint2,-0.3711974024772644,-0.2658982574939728,-11.659869194030762,29.514464541000002
1782909385314581762,joint3,-0.5030331015586853,0.2723928987979889,-15.826655387878418,29.514464541000002
1782909385314581762,joint4,0.0,0.0,-0.13621842861175537,29.514464541000002
1782909385314581762,joint5,0.12114472687244415,0.34918248653411865,-3.063199520111084,29.514464541000002
1782909385314581762,joint6,0.0,0.0,0.007705186028033495,29.514464541000002
1782909385515383665,joint1,-0.15421706438064575,0.08022792637348175,1.825850009918213,29.715266444
1782909385515383665,joint2,-0.42437705397605896,-0.2658982574939728,-10.894868850708008,29.715266444
1782909385515383665,joint3,-0.44855451583862305,0.2723928987979889,-16.071455001831055,29.715266444
1782909385515383665,joint4,0.0,0.0,-0.13623997569084167,29.715266444
1782909385515383665,joint5,0.19098122417926788,0.34918248653411865,-2.9275665283203125,29.715266444
1782909385515383665,joint6,0.0,0.0,0.007103618234395981,29.715266444
1782909385716141624,joint1,-0.1381714791059494,0.08022792637348175,2.9733500480651855,29.916024403
1782909385716141624,joint2,-0.4775567054748535,-0.2658982574939728,-9.456668853759766,29.916024403
1782909385716141624,joint3,-0.3940759301185608,0.2723928987979889,-16.255054473876953,29.916024403
1782909385716141624,joint4,0.0,0.0,-0.13628339767456055,29.916024403
1782909385716141624,joint5,0.2608177065849304,0.34918248653411865,-3.063199520111084,29.916024403
1782909385716141624,joint6,0.0,0.0,0.006466185208410025,29.916024403
1782909385916956631,joint1,-0.12212590128183365,0.08022792637348175,1.9329500198364258,30.11683941
1782909385916956631,joint2,-0.5307363271713257,-0.2658982574939728,-7.727769374847412,30.11683941
1782909385916956631,joint3,-0.33959734439849854,0.2723928987979889,-16.056154251098633,30.11683941
1782909385916956631,joint4,0.0,0.0,-0.1363462656736374,30.11683941
1782909385916956631,joint5,0.33065420389175415,0.34918248653411865,-3.063199520111084,30.11683941
1782909385916956631,joint6,0.0,0.0,0.0057960813865065575,30.11683941
1782909386117575977,joint1,-0.1060803160071373,0.08022792637348175,3.1110501289367676,30.317458756
1782909386117575977,joint2,-0.5839160084724426,-0.2658982574939728,-6.901569366455078,30.317458756
1782909386117575977,joint3,-0.28511878848075867,0.2723928987979889,-15.76545524597168,30.317458756
1782909386117575977,joint4,0.0,0.0,-0.13642753660678864,30.317458756
1782909386117575977,joint5,0.4004907011985779,0.34918248653411865,-2.8427958488464355,30.317458756
1782909386117575977,joint6,0.0,0.0,0.005082402378320694,30.317458756
1782909386318340876,joint1,-0.08971381932497025,0.08022792637348175,2.652050018310547,30.518223655000003
1782909386318340876,joint2,-0.6381592154502869,-0.2658982574939728,-6.366069316864014,30.518223655000003
1782909386318340876,joint3,-0.22955061495304108,0.2723928987979889,-15.96435546875,30.518223655000003
1782909386318340876,joint4,0.0,0.0,-0.1365208625793457,30.518223655000003
1782909386318340876,joint5,0.4717239439487457,0.34918248653411865,-2.690208673477173,30.518223655000003
1782909386318340876,joint6,0.0,0.0,0.004356702324002981,30.518223655000003
1782909386519069137,joint1,-0.0736682340502739,0.08022792637348175,3.0345499515533447,30.718951916
1782909386519069137,joint2,-0.6913388967514038,-0.2658982574939728,-4.989068984985352,30.718951916
1782909386519069137,joint3,-0.17507204413414001,0.2723928987979889,-16.132654190063477,30.718951916
1782909386519069137,joint4,0.0,0.0,-0.13662433624267578,30.718951916
1782909386519069137,joint5,0.5415604114532471,0.34918248653411865,-3.0462453365325928,30.718951916
1782909386519069137,joint6,0.0,0.0,0.0036089064087718725,30.718951916
1782909386719752993,joint1,-0.057622648775577545,0.08022792637348175,3.0804500579833984,30.919635772000003
1782909386719752993,joint2,-0.744518518447876,-0.2658982574939728,-3.076569080352783,30.919635772000003
1782909386719752993,joint3,-0.12059345841407776,0.2723928987979889,-15.780755043029785,30.919635772000003
1782909386719752993,joint4,0.0,0.0,-0.13673433661460876,30.919635772000003
1782909386719752993,joint5,0.6113969087600708,0.34918248653411865,-2.6563005447387695,30.919635772000003
1782909386719752993,joint6,0.0,0.0,0.0028427657671272755,30.919635772000003
1782909386920418615,joint1,-0.041577063500881195,0.08022792637348175,2.743849992752075,31.120301394000002
1782909386920418615,joint2,-0.7976981997489929,-0.2658982574939728,-1.9443691968917847,31.120301394000002
1782909386920418615,joint3,-0.0661148801445961,0.2723928987979889,-15.199355125427246,31.120301394000002
1782909386920418615,joint4,0.0,0.0,-0.1368471384048462,31.120301394000002
1782909386920418615,joint5,0.6812334060668945,0.34918248653411865,-2.7580251693725586,31.120301394000002
1782909386920418615,joint6,0.0,0.0,0.0020621237345039845,31.120301394000002
1782909387121110385,joint1,-0.025531478226184845,0.08022792637348175,2.896850109100342,31.320993164
1782909387121110385,joint2,-0.8508778214454651,-0.2658982574939728,-1.4853692054748535,31.320993164
1782909387121110385,joint3,-0.011636297218501568,0.2723928987979889,-15.214654922485352,31.320993164
1782909387121110385,joint4,0.0,0.0,-0.13695891201496124,31.320993164
1782909387121110385,joint5,0.7510699033737183,0.34918248653411865,-2.4019885063171387,31.320993164
1782909387121110385,joint6,0.0,0.0,0.0012708983849734068,31.320993164
1782909387321860966,joint1,-0.00948589388281107,0.08022792637348175,2.4531500339508057,31.521743745000002
1782909387321860966,joint2,-0.904057502746582,-0.2658982574939728,0.07523080706596375,31.521743745000002
1782909387321860966,joint3,0.042842283844947815,0.2723928987979889,-15.612455368041992,31.521743745000002
1782909387321860966,joint4,0.0,0.0,-0.13706783950328827,31.521743745000002
1782909387321860966,joint5,0.820906400680542,0.34918248653411865,-2.605437994003296,31.521743745000002
1782909387321860966,joint6,0.0,0.0,0.0004570663732010871,31.521743745000002
1782909387522555790,joint1,0.0,0.0,6.762599945068359,31.722438569
1782909387522555790,joint2,-0.93549644947052,0.0,-4.314599990844727,31.722438569
1782909387522555790,joint3,0.07504915446043015,0.0,-12.515399932861328,31.722438569
1782909387522555790,joint4,0.0,0.0,-0.1364886611700058,31.722438569
1782909387522555790,joint5,0.8621926307678223,0.0,0.27126601338386536,31.722438569
1782909387522555790,joint6,0.0,0.0,-1.9705405065906234e-05,31.722438569
1782909387723350083,joint1,0.0,0.0,6.955415678590118e-17,31.923232862000003
1782909387723350083,joint2,-0.93549644947052,0.0,-0.6772262454032898,31.923232862000003
1782909387723350083,joint3,0.07504915446043015,0.0,-14.930364608764648,31.923232862000003
1782909387723350083,joint4,0.0,0.0,-0.1364886611700058,31.923232862000003
1782909387723350083,joint5,0.8621926307678223,0.0,-1.5899393558502197,31.923232862000003
1782909387723350083,joint6,0.0,0.0,-1.9705405065906234e-05,31.923232862000003
1782909387924162771,joint1,0.0,0.0,6.955415678590118e-17,32.124045550000005
1782909387924162771,joint2,-0.93549644947052,0.0,-0.6772262454032898,32.124045550000005
1782909387924162771,joint3,0.07504915446043015,0.0,-14.930364608764648,32.124045550000005
1782909387924162771,joint4,0.0,0.0,-0.1364886611700058,32.124045550000005
1782909387924162771,joint5,0.8621926307678223,0.0,-1.5899393558502197,32.124045550000005
1782909387924162771,joint6,0.0,0.0,-1.9705405065906234e-05,32.124045550000005
1782909388124989003,joint1,0.0,0.0,6.955415678590118e-17,32.324871782
1782909388124989003,joint2,-0.93549644947052,0.0,-0.6772262454032898,32.324871782
1782909388124989003,joint3,0.07504915446043015,0.0,-14.930364608764648,32.324871782
1782909388124989003,joint4,0.0,0.0,-0.1364886611700058,32.324871782
1782909388124989003,joint5,0.8621926307678223,0.0,-1.5899393558502197,32.324871782
1782909388124989003,joint6,0.0,0.0,-1.9705405065906234e-05,32.324871782
1782909388325760390,joint1,0.0,0.0,6.955415678590118e-17,32.525643169
1782909388325760390,joint2,-0.93549644947052,0.0,-0.6772262454032898,32.525643169
1782909388325760390,joint3,0.07504915446043015,0.0,-14.930364608764648,32.525643169
1782909388325760390,joint4,0.0,0.0,-0.1364886611700058,32.525643169
1782909388325760390,joint5,0.8621926307678223,0.0,-1.5899393558502197,32.525643169
1782909388325760390,joint6,0.0,0.0,-1.9705405065906234e-05,32.525643169
