demonstration,phase,start_index,end_index,start_time_sec,end_time_sec,duration_sec,samples,signal,position_label,position_slope,position_change,position_intercept,position_start_value,position_end_value,position_mean_value,position_valid_samples,velocity_label,velocity_slope,velocity_change,velocity_intercept,velocity_start_value,velocity_end_value,velocity_mean_value,velocity_valid_samples
demo_6_labeled,approach,0,4,0.0,0.1333332,0.1333332,5,finger_2,constant,0.0,0.0,0.04000000000000001,0.04,0.04,0.04,5,constant,4.3852721278721295e-10,5.847023656800003e-11,-5.862561680400001e-11,0.0,-2.3198059e-13,-2.939049852e-11,5
demo_6_labeled,approach,5,9,0.1666665,0.2999997,0.13333319999999999,5,finger_2,constant,7.60118503179518e-17,1.0134903240813529e-17,0.03999999999999998,0.04,0.04,0.04,5,constant,-4.606049176049181e-12,-6.141392760000006e-13,2.79222179000001e-13,-2.9233284e-13,-9.726473e-13,-7.95521554e-13,5
demo_6_labeled,approach,10,14,0.333333,0.4666662,0.13333319999999999,5,finger_2,constant,0.0004261564261565366,5.682080000001472e-05,0.039808617199999945,0.03994564,0.039999995,0.0399790796,5,constant,-0.0050179102207102205,-0.0006690540270399999,0.00243682955836,0.00048131874,1.2611762e-06,0.00042966747724,5
demo_6_labeled,approach,15,19,0.4999995,0.6333327000000001,0.1333332000000001,5,finger_2,constant,-7.601185031795173e-17,-1.0134903240813529e-17,0.04000000000000002,0.04,0.04,0.04,5,constant,-1.3012483951483952e-07,-1.7349961252000015e-08,7.7827596335e-08,2.0702423e-08,-2.367594e-10,4.090261014000001e-09,5
demo_6_labeled,approach,20,24,0.6666660000000001,0.7999992,0.13333319999999993,5,finger_2,constant,8.820008820030005e-06,1.176000000002824e-06,0.03999283399999995,0.04,0.04,0.039999302,5,constant,-0.0002786220474089871,-3.7149569171591944e-05,0.00023862002947865377,-1.2286551e-10,8.192983e-07,3.4297399034898e-05,5
demo_6_labeled,approach,25,29,0.8333325,0.9666657,0.13333319999999993,5,finger_2,constant,-5.5500055499578654e-06,-7.399999999936417e-07,0.04000478699999996,0.04,0.03999919,0.03999979199999999,5,constant,0.0002101858390858392,2.8024750519999997e-05,-0.0001802962438900001,1.3046886e-06,3.5701873e-05,8.87082212e-06,5
demo_6_labeled,approach,30,34,0.999999,1.1333322,0.13333319999999993,5,finger_2,constant,7.494007493785617e-06,9.991999999704158e-07,0.03999004760000023,0.039998192,0.04,0.0399980412,5,constant,0.0019721665421665404,0.00026295527599999965,-0.0018791639293999983,0.00012832986,0.00034265197,0.00022447827860000002,5
demo_6_labeled,approach,35,39,1.1666655,1.2999987000000002,0.13333320000000026,5,finger_2,constant,0.0,0.0,0.04,0.04,0.04,0.04,5,constant,-0.0011495513795513781,-0.0001532733640000001,0.0016744868269999984,0.0003046518,0.00018756292,0.00025670821,5
demo_6_labeled,approach,40,44,1.3333320000000002,1.4666652000000002,0.13333320000000004,5,finger_2,constant,2.068802068815967e-05,2.758400000018532e-06,0.03996830659999981,0.039997045,0.03999903,0.0399972698,5,constant,0.0014188668868668865,0.00018918206240000002,-0.0020056506484,-0.00021085909,1.860383e-05,-1.92389932e-05,5
demo_6_labeled,approach,45,49,1.4999985000000002,1.6333317,0.13333319999999982,5,finger_2,constant,3.135003134861875e-06,4.1799999998116475e-07,0.039994879100000214,0.039999492,0.039999925,0.039999790599999994,5,constant,-6.606498726498745e-05,-8.808656160000013e-06,0.0001075428069800003,9.975208e-06,1.0755574e-06,4.041097099999999e-06,5
demo_6_labeled,approach,50,54,1.666665,1.7999982,0.13333320000000004,5,finger_2,constant,3.8005925158975885e-17,5.067451620406765e-18,0.03999992499999993,0.039999925,0.039999925,0.039999925,5,constant,6.048006048020358e-10,8.064000000019081e-11,1.0748440799999973e-06,1.075826e-06,1.0759164e-06,1.0758924000000001e-06,5
demo_6_labeled,approach,55,59,1.8333315,1.9666647,0.13333320000000004,5,finger_2,constant,-0.00031883431883420523,-4.251119999998486e-05,0.040591185599999795,0.04,0.039966717,0.039985401,5,constant,-0.0009827216357216344,-0.00013102942039999987,0.0019855016477999974,0.00041394585,0.00036451916,0.00011833240710000001,5
demo_6_labeled,approach,60,64,1.999998,2.1333312,0.13333320000000026,5,finger_2,constant,-0.00010903210903232131,-1.4537600000028333e-05,0.040208942000000435,0.039979946,0.0399578,0.039983609200000006,5,constant,-0.0026115128955128933,-0.0003482013712000004,0.005534524648799995,0.00033549525,-2.6655114e-05,0.0001374033952,5
demo_6_labeled,approach,65,69,2.1666645,2.2999977,0.13333320000000004,5,finger_2,constant,-1.5202370063590366e-16,-2.0269806481627076e-17,0.039999998000000335,0.04,0.04,0.039999998,5,constant,-0.0017460044349854333,-0.00023280035853079985,0.0039590608869153965,0.00028459114,9.3334505e-09,5.965488152449999e-05,5
demo_6_labeled,approach,70,74,2.3333310000000003,2.4666642000000003,0.13333320000000004,5,finger_2,constant,-2.241002241039503e-06,-2.9880000000496833e-07,0.04000527660000009,0.04,0.03999972,0.03999989820000001,5,constant,-0.0004150889467889468,-5.534513756000002e-05,0.0009752004346600001,7.530335e-06,-4.1743253e-05,-2.101204142e-05,5
demo_6_labeled,approach,75,79,2.4999975,2.6333307,0.13333320000000004,5,finger_2,constant,2.719202719194887e-05,3.6255999999895583e-06,0.03992821020000021,0.039996013,0.039999526,0.039998003000000004,5,constant,-1.3068168252167936e-05,-1.7424206911999585e-06,5.2785211778399197e-05,-3.735636e-09,9.241814e-06,1.92436134728e-05,5
demo_6_labeled,approach,80,84,2.6666640000000004,2.7999972000000004,0.13333320000000004,5,finger_2,constant,1.2180012180533707e-06,1.6240000000695374e-07,0.039996556599999865,0.039999757,0.039999932,0.0399998858,5,constant,-2.8858550458550442e-05,-3.847802879999999e-06,8.097319177999996e-05,4.9511254e-06,9.677411e-07,2.09323274e-06,5
demo_6_labeled,approach,85,89,2.8333305,2.9666637,0.1333331999999996,5,finger_2,constant,0.0,0.0,0.039999932,0.039999932,0.039999932,0.039999932,5,constant,1.2831012830982147e-09,1.7107999999959036e-10,9.64507950000009e-07,9.680982e-07,9.682834e-07,9.6822894e-07,5
demo_6_labeled,approach,90,94,2.9999970000000005,3.1333302000000005,0.13333320000000004,5,finger_2,constant,3.8005925158975916e-17,5.067451620406769e-18,0.039999931999999884,0.039999932,0.039999932,0.039999932,5,constant,8.700008699226143e-12,1.1599999998956596e-12,9.682591400000022e-07,9.68285e-07,9.682861e-07,9.6828582e-07,5
demo_6_labeled,approach,95,96,3.1666635000000003,3.1999968,0.03333329999999979,2,finger_2,constant,-1.0408351264212173e-16,-3.469446951953614e-18,0.03999993200000032,0.039999932,0.039999932,0.039999932,2,constant,-9.000009004069142e-12,-3.0000000013533605e-13,9.68314800000013e-07,9.682863e-07,9.68286e-07,9.6828615e-07,2
demo_6_labeled,pick,97,101,3.2333301000000003,3.3666633000000004,0.13333320000000004,5,finger_2,ramp_down,-0.041822429822429945,-0.005576318400000018,0.1766197328000004,0.039999932,0.033029534,0.0386058524,5,ramp_down,-1.2233976131124147,-0.16311951862864027,3.9964291746875453,9.682858e-07,-0.20389843,-0.0407789113713,5
demo_6_labeled,pick,102,106,3.3999966,3.5333298,0.13333320000000004,5,finger_2,constant,-0.03252557052557069,-0.004336738400000023,0.13462724240000057,0.026119849,0.020823058,0.021872043999999997,5,ramp_up,1.1719087219087234,0.15625434000000024,-4.074476654200005,-0.20113708,0.012821895,-0.0118638142,5
demo_6_labeled,transport,107,111,3.5666631000000004,3.699996300000001,0.13333320000000048,5,finger_2,constant,0.00040131640131659495,5.350880000002601e-05,0.019421142999999294,0.020844433,0.020899385,0.020879257800000002,5,constant,-0.0036008376008375234,-0.0004801111999999914,0.02669588459999972,0.013999077,0.013487924,0.013612854399999999,5
demo_6_labeled,transport,112,116,3.7333296,3.8666628,0.13333320000000004,5,finger_2,constant,0.0007645117645116888,0.00010193479999998994,0.018035128800000282,0.020901743,0.020967664,0.020940270599999998,5,ramp_down,-0.10107477627477734,-0.013476623360000146,0.3921774898200041,0.013575773,0.0077310493,0.008093724060000002,5
demo_6_labeled,transport,117,121,3.899996100000001,4.0333293,0.13333319999999915,5,finger_2,constant,-0.0010117450117449768,-0.0001348991999999945,0.024898123999999862,0.020950245,0.020814687,0.0208848728,5,constant,8.400158400157224e-05,1.120019999999836e-05,-0.001770738909999953,-0.0018021164,-0.0017198978,-0.0014375329600000001,5
demo_6_labeled,transport,122,126,4.066662600000001,4.199995800000001,0.13333320000000004,5,finger_2,constant,-0.0012593232593233392,-0.0001679096000000107,0.025899946800000337,0.020778988,0.020638723,0.0206947492,5,constant,0.06894482274482272,0.009192633839999999,-0.2870574611999999,-0.0035663575,0.0010102373,-0.0020858121600000005,5
demo_6_labeled,transport,127,131,4.233329100000001,4.366662300000001,0.13333320000000004,5,finger_2,constant,0.00038863238863227895,5.1817599999985394e-05,0.019014973000000473,0.020658387,0.020711133,0.020686090600000002,5,constant,-0.007257184167184153,-0.0009676235879999983,0.03027673789699994,-0.00015470595,-0.0011728321,-0.000929122816,5
demo_6_labeled,transport,132,136,4.3999956000000005,4.5333288000000005,0.13333320000000004,5,finger_2,constant,0.00047644847644852807,6.35264000000069e-05,0.018627827799999774,0.020726418,0.020788865,0.0207559622,5,constant,0.011183316503316342,0.001491107375999979,-0.04937233107599929,-0.0009841862,0.00058754254,0.0005797660199999999,5
demo_6_labeled,transport,137,141,4.5666621,4.6999953,0.13333320000000004,5,finger_2,constant,0.0001319941319941113,1.7599199999997248e-05,0.020179950400000098,0.020789243,0.020812733,0.0207915226,5,constant,-0.03269092725892711,-0.004358785942399981,0.1504464399389993,-4.3742417e-05,-0.0054944884,-0.0010213715594,5
demo_6_labeled,transport,142,146,4.7333286,4.8666618,0.13333320000000004,5,finger_2,constant,-0.0020969420969420135,-0.00027959199999998894,0.030755156399999595,0.020768736,0.020561572,0.020689844399999997,5,constant,0.012768566328566166,0.001702473807999979,-0.05872147247199922,0.00397923,0.0047283876,0.0025675846159999996,5
demo_6_labeled,transport,147,151,4.899995100000001,5.033328300000001,0.13333320000000004,5,finger_2,constant,0.0005575565575564733,7.434079999998879e-05,0.017926491400000417,0.020640263,0.020718446,0.0206956862,5,constant,-0.0017676257676257523,-0.00023568319999999802,0.013636186879999925,0.005517686,0.005109351,0.004856987680000001,5
demo_6_labeled,transport,152,156,5.066661600000001,5.199994800000001,0.13333320000000004,5,finger_2,constant,1.980001979574709e-07,2.6399999994303066e-08,0.020712344200000232,0.020715475,0.020715782,0.0207133606,5,constant,0.01842308202308197,0.002456408479999994,-0.08774886085999974,0.005613434,0.008059159,0.006822865619999998,5
demo_6_labeled,transport,157,161,5.2333281000000005,5.3666613000000005,0.13333320000000004,5,finger_2,constant,0.0003465063465062826,4.6200799999991496e-05,0.019041210200000346,0.020722756,0.020884415,0.020877692,5,constant,0.01124291744291759,0.00149905416000002,-0.05172845814000078,0.00866941,0.0042706095,0.00785894472,5
demo_6_labeled,transport,162,166,5.3999946,5.5333278,0.13333320000000004,5,finger_2,constant,3.3324033323990155e-05,4.443199999994245e-06,0.020578637400000235,0.020835094,0.02079914,0.020760808600000003,5,constant,-0.05321035601035582,-0.007094707039999977,0.301008126579999,0.011908166,0.0024077487,0.01012513794,5
demo_6_labeled,transport,167,169,5.5666611,5.633327700000001,0.06666660000000046,3,finger_2,constant,0.0010530310530312073,7.020200000001078e-05,0.015278645999999119,0.020936368,0.02100657,0.021175614,3,ramp_down,-0.25892807192808254,-0.01726185420000083,1.4083026702000596,-0.0032696268,-0.020531481,-0.041693082599999993,3
demo_6_labeled,place,170,174,5.666661,5.7999942,0.13333320000000004,5,finger_2,ramp_up,0.040683187683187454,0.005424419599999971,-0.2107475191999987,0.021261323,0.028084941,0.022502523599999998,5,ramp_up,0.9711043161043115,0.12948044599999942,-5.509189425199974,0.041035775,0.20004804,0.0584697528,5
demo_6_labeled,place,175,179,5.8333275,5.9666607,0.13333320000000004,5,finger_2,ramp_up,0.04184296184296194,0.0055790560000000145,-0.2093539310000006,0.033764977,0.039558932,0.037519297,5,ramp_down,-0.8403306483306506,-0.11204397440000034,5.007750656600014,0.12520766,0.008846142,0.0498047894,5
demo_6_labeled,retract,180,184,5.999994000000001,6.133327200000001,0.13333320000000004,5,finger_2,constant,0.0015266835266834564,0.0002035575999999907,0.030647465200000425,0.039772402,0.039983783,0.039909336,5,constant,-0.03061256653256654,-0.004081671456000002,0.18753220547400007,0.00456237,0.00032364763,0.0018161542259999997,5
demo_6_labeled,retract,185,186,6.166660500000001,6.1999938000000006,0.03333329999999979,2,finger_2,constant,0.00012132012131996365,4.0439999999947185e-06,0.03924346600000097,0.039991606,0.03999565,0.039993628,2,constant,-0.0024260748260748425,-8.086908000000003e-05,0.015128162420000103,0.00016738262,8.651354e-05,0.00012694808,2
