joint,bag_time_ns,bag_time_sec,header_stamp_sec,position,velocity,effort,phase
joint3,1785502006692069013,1785502006.6920693,1785502006.691973,0.0750491544604301,0.0,-14.930364608764648,home
joint3,1785502006892882379,1785502006.8928826,1785502006.892705,0.0750491544604301,0.0,-14.930364608764648,home
joint3,1785502007093691279,1785502007.0936916,1785502007.0934625,0.0750491544604301,0.0,-14.930364608764648,home
joint3,1785502007294408363,1785502007.2944086,1785502007.2942736,0.0750491544604301,0.0,-14.930364608764648,home
joint3,1785502007495152165,1785502007.4951522,1785502007.4949784,0.0750491544604301,0.0,-14.930364608764648,home
joint3,1785502007695890626,1785502007.695891,1785502007.6957252,0.0750491544604301,0.0,-14.930364608764648,home
joint3,1785502007896576891,1785502007.896577,1785502007.896417,0.0750491544604301,0.0,-14.930364608764648,gripper_opening
joint3,1785502008097355274,1785502008.0973554,1785502008.0971715,0.0750491544604301,0.0,-14.930364608764648,gripper_opening
joint3,1785502008298036277,1785502008.2980363,1785502008.297947,0.0750491544604301,0.0,-14.930364608764648,gripper_opening
joint3,1785502008498678534,1785502008.4986787,1785502008.498612,0.0750491544604301,0.0,-14.930364608764648,gripper_opening
joint3,1785502008699509348,1785502008.6995094,1785502008.6993525,0.0750491544604301,0.0,-14.930364608764648,gripper_opening
joint3,1785502008900296184,1785502008.9002962,1785502008.900124,0.0750491544604301,0.0,-14.930364608764648,gripper_opening
joint3,1785502009101057790,1785502009.101058,1785502009.1008706,0.0750491544604301,0.0,-14.930364608764648,gripper_opening
joint3,1785502009301784382,1785502009.3017845,1785502009.3016338,0.0750491544604301,0.0,-14.930364608764648,gripper_opening
joint3,1785502009502515575,1785502009.5025156,1785502009.5023792,0.0750491544604301,0.0,-14.930364608764648,gripper_opening
joint3,1785502009703183578,1785502009.7031837,1785502009.703105,0.0750491544604301,0.0,-14.930364608764648,gripper_opening
joint3,1785502009903963749,1785502009.9039638,1785502009.903791,0.0750491544604301,0.0,-14.930364608764648,gripper_opening
joint3,1785502010104602793,1785502010.104603,1785502010.10449,0.0750491544604301,0.0,-14.930364608764648,gripper_opening
joint3,1785502010305271085,1785502010.3052711,1785502010.3051617,0.0750491544604301,0.0,-14.930364608764648,gripper_opening
joint3,1785502010505901754,1785502010.505902,1785502010.5057838,0.0750491544604301,0.0,-14.930364608764648,gripper_opening
joint3,1785502010706549782,1785502010.70655,1785502010.7064557,0.0750491544604301,0.0,-14.930364608764648,gripper_opening
joint3,1785502010907277214,1785502010.907277,1785502010.9071617,0.0750491544604301,0.0,-14.930364608764648,gripper_opening
joint3,1785502011107956235,1785502011.1079564,1785502011.1078534,0.0750491544604301,0.0,-14.930364608764648,gripper_opening
joint3,1785502011308741924,1785502011.308742,1785502011.30854,0.0728905871510505,-0.108112521469593,-16.339672088623047,pick
joint3,1785502011509389950,1785502011.50939,1785502011.5092022,0.0460194237530231,-0.1330218613147735,-16.291669845581055,pick
joint3,1785502011710058120,1785502011.7100585,1785502011.7099116,0.0194150526076555,-0.1330218613147735,-16.3681697845459,pick
joint3,1785502011910764023,1785502011.9107642,1785502011.9105964,-0.0071893208660185,-0.1330218613147735,-15.649070739746094,pick
joint3,1785502012111461362,1785502012.1114614,1785502012.111302,-0.0337936952710151,-0.1330218613147735,-15.86327075958252,pick
joint3,1785502012312147389,1785502012.3121476,1785502012.31199,-0.0603980645537376,-0.1330218613147735,-15.939770698547363,pick
joint3,1785502012512902899,1785502012.512903,1785502012.512745,-0.0870024412870407,-0.1330218613147735,-15.618470191955566,pick
joint3,1785502012713550682,1785502012.7135508,1785502012.7134342,-0.1141389012336731,-0.1330218613147735,-15.190070152282717,pick
joint3,1785502012914408377,1785502012.9144084,1785502012.9142065,-0.1407432705163955,-0.1330218613147735,-14.516870498657228,pick
joint3,1785502013115038456,1785502013.1150386,1785502013.1149168,-0.167347639799118,-0.1330218613147735,-15.28187084197998,pick
joint3,1785502013315659647,1785502013.3156595,1785502013.3155935,-0.1939520239830017,-0.1330218613147735,-14.654570579528809,pick
joint3,1785502013516509282,1785502013.5165093,1785502013.5163352,-0.2205563932657241,-0.1330218613147735,-14.654570579528809,pick
joint3,1785502013717237990,1785502013.7172382,1785502013.7170954,-0.2471607625484466,-0.1330218613147735,-14.3026704788208,pick
joint3,1785502013918045231,1785502013.9180453,1785502013.9178593,-0.2742972075939178,-0.1330218613147735,-14.317970275878906,pick
joint3,1785502014118701084,1785502014.1187012,1785502014.1185625,-0.3009015917778015,-0.1330218613147735,-14.042570114135742,pick
joint3,1785502014319452689,1785502014.3194528,1785502014.319308,-0.3275059759616852,-0.1330218613147735,-13.461170196533203,pick
joint3,1785502014520307172,1785502014.5203073,1785502014.5200725,-0.3541103303432464,-0.1330218613147735,-13.078670501708984,pick
joint3,1785502014720927728,1785502014.720928,1785502014.720832,-0.3807147145271301,-0.1330218613147735,-13.231670379638672,pick
joint3,1785502014921671005,1785502014.921671,1785502014.921576,-0.4073190987110138,-0.1330218613147735,-12.80327033996582,pick
joint3,1785502015122510360,1785502015.1225104,1785502015.122347,-0.434455543756485,-0.1330218613147735,-12.48197078704834,pick
joint3,1785502015323354175,1785502015.3233542,1785502015.323099,-0.4610599279403686,-0.1330218613147735,-11.869970321655272,pick
joint3,1785502015524034910,1785502015.524035,1785502015.5238495,-0.4876642823219299,-0.1330218613147735,-11.410970687866213,pick
joint3,1785502015725051396,1785502015.7250514,1785502015.7249012,-0.5142686367034912,-0.1330218613147735,-11.579270362854004,pick
joint3,1785502015925747224,1785502015.9257474,1785502015.925589,-0.5408730506896973,-0.1330218613147735,-10.92137050628662,pick
joint3,1785502016126472494,1785502016.1264725,1785502016.126338,-0.5674774050712585,-0.1330218613147735,-11.319170951843262,pick
joint3,1785502016327248886,1785502016.327249,1785502016.3270855,-0.5946138501167297,-0.1330218613147735,-10.951970100402832,pick
joint3,1785502016527967490,1785502016.5279677,1785502016.527836,-0.6212182641029358,-0.1330218613147735,-10.431770324707031,pick
joint3,1785502016728632336,1785502016.7286325,1785502016.7285163,-0.6478226184844971,-0.1330218613147735,-9.544370651245115,pick
joint3,1785502016929367968,1785502016.9293685,1785502016.929199,-0.6744269728660583,-0.1330218613147735,-8.840570449829102,pick
joint3,1785502017130227560,1785502017.1302276,1785502017.1299715,-0.7010313868522644,-0.1330218613147735,-8.947670936584473,pick
joint3,1785502017330925715,1785502017.330926,1785502017.3307323,-0.7281678318977356,-0.1330218613147735,-8.228570938110352,pick
joint3,1785502017531725324,1785502017.5317254,1785502017.5314877,-0.7547721862792969,-0.1330218613147735,-7.693070411682129,pick
joint3,1785502017732354346,1785502017.7323544,1785502017.7322588,-0.7813570499420166,-0.1295051425695419,-7.37498140335083,pick
joint3,1785502017933179481,1785502017.9331796,1785502017.932997,-0.7853981852531433,0.0,-10.174500465393066,pick
joint3,1785502018133916999,1785502018.133917,1785502018.133773,-0.7853981852531433,0.0,-7.340874195098877,pick
joint3,1785502018334709598,1785502018.3347096,1785502018.3345263,-0.7853981852531433,0.0,-7.340874195098877,pick
joint3,1785502018535414833,1785502018.535415,1785502018.5352323,-0.7853981852531433,0.0,-7.340874195098877,pick
joint3,1785502018736161640,1785502018.7361617,1785502018.7359793,-0.7853981852531433,0.0,-7.340874195098877,pick
joint3,1785502018936995770,1785502018.936996,1785502018.936746,-0.7853981852531433,0.0,-7.340874195098877,pick
joint3,1785502019137696443,1785502019.1376965,1785502019.1375146,-0.7853981852531433,0.0,-7.340874195098877,pick
joint3,1785502019338435106,1785502019.3384352,1785502019.3382332,-0.7853981852531433,0.0,-7.340874195098877,pick
joint3,1785502019539177549,1785502019.5391777,1785502019.5389876,-0.7853981852531433,0.0,-7.340874195098877,pick
joint3,1785502019739897351,1785502019.7398975,1785502019.739699,-0.7853981852531433,0.0,-7.340874195098877,pick
joint3,1785502019940606189,1785502019.9406064,1785502019.9403958,-0.7853981852531433,0.0,-7.340874195098877,pick
joint3,1785502020141631562,1785502020.1416316,1785502020.1414237,-0.7853981852531433,0.0,-7.340874195098877,pick
joint3,1785502020342404436,1785502020.3424044,1785502020.3421862,-0.7853981852531433,0.0,-7.340874195098877,pick
joint3,1785502020543107927,1785502020.543108,1785502020.5428908,-0.7853981852531433,0.0,-7.340874195098877,pick
joint3,1785502020743760976,1785502020.743761,1785502020.7435968,-0.7853981852531433,0.0,-7.340874195098877,pick
joint3,1785502020944563234,1785502020.9445634,1785502020.9443395,-0.7853981852531433,0.0,-7.340874195098877,gripper_closing
joint3,1785502021145246267,1785502021.1452465,1785502021.1450543,-0.7853981852531433,0.0,-7.340874195098877,gripper_closing
joint3,1785502021346000363,1785502021.3460004,1785502021.345774,-0.7853981852531433,0.0,-7.340874195098877,gripper_closing
joint3,1785502021546614019,1785502021.5466142,1785502021.5464814,-0.7853981852531433,0.0,-7.340874195098877,gripper_closing
joint3,1785502021747393661,1785502021.7473936,1785502021.7471802,-0.7853981852531433,0.0,-7.340874195098877,gripper_closing
joint3,1785502021948053329,1785502021.9480534,1785502021.9478834,-0.7853981852531433,0.0,-7.340874195098877,gripper_closing
joint3,1785502022148856922,1785502022.1488569,1785502022.1486712,-0.7853981852531433,0.0,-7.340874195098877,gripper_closing
joint3,1785502022349613126,1785502022.3496132,1785502022.349429,-0.7853981852531433,0.0,-7.340874195098877,gripper_closing
joint3,1785502022550297882,1785502022.550298,1785502022.55012,-0.7853981852531433,0.0,-7.340874195098877,gripper_closing
joint3,1785502022751043393,1785502022.7510436,1785502022.7508557,-0.7853981852531433,0.0,-7.340874195098877,gripper_closing
joint3,1785502022951674010,1785502022.9516742,1785502022.9515316,-0.8194257616996765,-0.2695078253746032,-10.301648139953612,lift
joint3,1785502023152766093,1785502023.1527662,1785502023.1525717,-0.8744053840637207,-0.2695078253746032,-9.903847694396973,lift
joint3,1785502023353460724,1785502023.3534608,1785502023.3532767,-0.9283069372177124,-0.2695078253746032,-11.479747772216797,lift
joint3,1785502023554205076,1785502023.5542052,1785502023.5540235,-0.982208490371704,-0.2695078253746032,-13.05564785003662,lift
joint3,1785502023755030776,1785502023.7550309,1785502023.7548158,-1.0361100435256958,-0.2695078253746032,-13.943047523498535,lift
joint3,1785502023955782794,1785502023.9557831,1785502023.9555848,-1.0900115966796875,-0.2695078253746032,-14.723347663879396,lift
joint3,1785502024156556979,1785502024.156557,1785502024.1563356,-1.1439132690429688,-0.2695078253746032,-16.651147842407227,lift
joint3,1785502024357271157,1785502024.3572712,1785502024.3570433,-1.1988928318023682,-0.2695078253746032,-17.32434844970703,lift
joint3,1785502024558002452,1785502024.5580025,1785502024.5577986,-1.2522592544555664,-0.2191800475120544,-17.464570999145508,lift
joint3,1785502024758582843,1785502024.7585828,1785502024.7584865,-1.2566370964050293,0.0,-20.394899368286133,lift
joint3,1785502024959470815,1785502024.959471,1785502024.9592285,-1.2566370964050293,0.0,-20.88450050354004,lift
joint3,1785502025160060514,1785502025.1600606,1785502025.159965,-1.2566370964050293,0.0,-20.991600036621094,lift
joint3,1785502025360893316,1785502025.3608935,1785502025.360693,-1.2566370964050293,0.0,-20.853900909423828,lift
joint3,1785502025561630126,1785502025.5616302,1785502025.561437,-1.2566370964050293,0.0,-20.609100341796875,lift
joint3,1785502025762301521,1785502025.7623014,1785502025.76218,-1.2516014575958252,0.0759795978665351,-14.533405303955078,place
joint3,1785502025962995867,1785502025.962996,1785502025.9628885,-1.236405611038208,0.0759795978665351,-16.56816291809082,place
joint3,1785502026163814716,1785502026.1638148,1785502026.163622,-1.2212096452713013,0.0759795978665351,-15.145262718200684,place
joint3,1785502026364388457,1785502026.3643885,1785502026.3642924,-1.206013798713684,0.0759795978665351,-15.405362129211426,place
joint3,1785502026565292759,1785502026.5652928,1785502026.5650227,-1.1908178329467771,0.0759795978665351,-13.50816249847412,place
joint3,1785502026765876854,1785502026.7658768,1785502026.765723,-1.1753180027008057,0.0759795978665351,-13.156262397766112,place
joint3,1785502026966538098,1785502026.9665382,1785502026.966423,-1.1693706512451172,0.0,-7.925399780273437,place
joint3,1785502027167366811,1785502027.167367,1785502027.1671543,-1.1693706512451172,0.0,-3.274199962615967,place
joint3,1785502027367996027,1785502027.367996,1785502027.3679054,-1.1693706512451172,0.0,-2.019599914550781,place
joint3,1785502027568771456,1785502027.5687716,1785502027.568617,-1.1693706512451172,0.0,-1.6370999813079834,place
joint3,1785502027769625138,1785502027.7696252,1785502027.7693872,-1.1693706512451172,0.0,-1.652400016784668,place
joint3,1785502027970240182,1785502027.9702404,1785502027.97009,-1.1693706512451172,0.0,-1.7595000267028809,gripper_opening
joint3,1785502028170897277,1785502028.1708972,1785502028.1708045,-1.1693706512451172,0.0,-1.8359999656677248,gripper_opening
joint3,1785502028372249672,1785502028.3722496,1785502028.3720725,-1.1693706512451172,0.0,-1.9737000465393064,gripper_opening
joint3,1785502028573041960,1785502028.573042,1785502028.5728335,-1.1693706512451172,0.0,-10.258068084716797,gripper_opening
joint3,1785502028773773322,1785502028.7737734,1785502028.7735865,-1.1693706512451172,0.0,-10.258068084716797,gripper_opening
joint3,1785502028974471151,1785502028.974471,1785502028.9743142,-1.1693706512451172,0.0,-10.258068084716797,gripper_opening
joint3,1785502029175298645,1785502029.1752987,1785502029.1750712,-1.1693706512451172,0.0,-10.258068084716797,gripper_opening
joint3,1785502029375941974,1785502029.375942,1785502029.3757756,-1.1693706512451172,0.0,-10.258068084716797,gripper_opening
joint3,1785502029576696379,1785502029.5766964,1785502029.5765216,-1.1693706512451172,0.0,-10.258068084716797,gripper_opening
joint3,1785502029777421669,1785502029.7774217,1785502029.7772336,-1.1693706512451172,0.0,-10.419538497924805,retract
joint3,1785502029978215902,1785502029.978216,1785502029.9779892,-1.1693706512451172,0.0,-11.20224666595459,retract
joint3,1785502030179234659,1785502030.1792347,1785502030.1790314,-1.1693706512451172,0.0,-11.952718734741213,retract
joint3,1785502030379991670,1785502030.3799918,1785502030.3797965,-1.1693706512451172,0.0,-12.637770652770996,retract
joint3,1785502030580662240,1785502030.5806625,1785502030.5805533,-1.1693706512451172,0.0,-13.26914882659912,retract
joint3,1785502030781405030,1785502030.781405,1785502030.781232,-1.1693706512451172,0.0,-13.843667030334473,retract
joint3,1785502030982165640,1785502030.9821658,1785502030.981981,-1.1693706512451172,0.0,-14.35841464996338,retract
joint3,1785502031183554455,1785502031.1835546,1785502031.1833682,-1.1693706512451172,0.0,-14.819162368774414,retract
joint3,1785502031384306937,1785502031.3843071,1785502031.3841193,-1.1693706512451172,0.0,-15.146536827087402,retract
joint3,1785502031585030455,1785502031.5850306,1785502031.5848851,-1.1693706512451172,0.0,-15.146536827087402,retract
joint3,1785502031785741404,1785502031.785741,1785502031.785597,-1.1693706512451172,0.0,-15.146536827087402,retract
joint3,1785502031986502234,1785502031.9865022,1785502031.9863403,-1.1693706512451172,0.0,-15.146536827087402,retract
joint3,1785502032187283428,1785502032.1872835,1785502032.1871068,-1.1693706512451172,0.0,-15.146536827087402,retract
joint3,1785502032387981670,1785502032.3879817,1785502032.3878317,-1.1693706512451172,0.0,-15.146536827087402,retract
joint3,1785502032589103608,1785502032.5891037,1785502032.5888772,-1.12844717502594,0.2723928987979889,-15.317793846130373,return_home
joint3,1785502032790126708,1785502032.7901268,1785502032.7899652,-1.0739686489105225,0.2723928987979889,-15.66969394683838,return_home
joint3,1785502032991229283,1785502032.9912293,1785502032.9910252,-1.0194900035858154,0.2723928987979889,-15.715594291687012,return_home
joint3,1785502033192290907,1785502033.192291,1785502033.1921225,-0.9639219045639038,0.2723928987979889,-15.746193885803224,return_home
joint3,1785502033392999441,1785502033.3929996,1785502033.392871,-0.9094433188438416,0.2723928987979889,-15.945094108581545,return_home
joint3,1785502033593737390,1785502033.5937376,1785502033.5935931,-0.8549647331237793,0.2723928987979889,-15.8685941696167,return_home
joint3,1785502033794476111,1785502033.794476,1785502033.7943594,-0.800486147403717,0.2723928987979889,-16.296993255615234,return_home
joint3,1785502033995322310,1785502033.9953225,1785502033.9951549,-0.7460075616836548,0.2723928987979889,-16.052194595336914,return_home
joint3,1785502034196074309,1785502034.1960742,1785502034.195938,-0.6915289759635925,0.2723928987979889,-15.975693702697754,return_home
joint3,1785502034396865937,1785502034.396866,1785502034.396694,-0.6359608173370361,0.2723928987979889,-15.990994453430176,return_home
joint3,1785502034597586196,1785502034.5975864,1785502034.5974314,-0.5814822316169739,0.2723928987979889,-16.18989372253418,return_home
joint3,1785502034798326631,1785502034.7983267,1785502034.798187,-0.5270036458969116,0.2723928987979889,-16.113393783569336,return_home
joint3,1785502034999087841,1785502034.999088,1785502034.9989574,-0.4725250899791717,0.2723928987979889,-16.067493438720703,return_home
joint3,1785502035200464500,1785502035.2004645,1785502035.2003007,-0.4180465042591095,0.2723928987979889,-16.251094818115234,return_home
joint3,1785502035401129006,1785502035.401129,1785502035.401035,-0.3624783456325531,0.2723928987979889,-16.22049331665039,return_home
joint3,1785502035601902192,1785502035.6019022,1785502035.6017616,-0.3079997897148132,0.2723928987979889,-16.067493438720703,return_home
joint3,1785502035802633776,1785502035.8026338,1785502035.802511,-0.253521203994751,0.2723928987979889,-15.66969394683838,return_home
joint3,1785502036003448243,1785502036.0034485,1785502036.0032916,-0.1990426182746887,0.2723928987979889,-15.746193885803224,return_home
joint3,1785502036204269363,1785502036.2042694,1785502036.2041016,-0.1445640325546264,0.2723928987979889,-15.89919376373291,return_home
joint3,1785502036404988148,1785502036.4049883,1785502036.4048617,-0.0889958813786506,0.2723928987979889,-15.960393905639648,return_home
joint3,1785502036605746610,1785502036.6057467,1785502036.605609,-0.0345172993838787,0.2723928987979889,-15.501394271850586,return_home
joint3,1785502036806474916,1785502036.8064752,1785502036.8063607,0.0199612807482481,0.2723928987979889,-15.501394271850586,return_home
joint3,1785502037007264828,1785502037.0072649,1785502037.007115,0.0728324800729751,0.1623245179653167,-15.546992301940918,return_home
joint3,1785502037208057384,1785502037.2080574,1785502037.2079237,0.0750491544604301,0.0,-14.930364608764648,return_home
joint3,1785502037409126962,1785502037.409127,1785502037.4089558,0.0750491544604301,0.0,-14.930364608764648,return_home
joint3,1785502037610131437,1785502037.6101315,1785502037.6100051,0.0750491544604301,0.0,-14.930364608764648,return_home
joint3,1785502037810882050,1785502037.810882,1785502037.8107522,0.0750491544604301,0.0,-14.930364608764648,return_home
joint3,1785502038011992570,1785502038.0119927,1785502038.0118625,0.0750491544604301,0.0,-14.930364608764648,return_home
