bag_time_ns,bag_time_sec,header_stamp_sec,joint1_position,joint1_velocity,joint1_effort,joint2_position,joint2_velocity,joint2_effort,joint3_position,joint3_velocity,joint3_effort,joint4_position,joint4_velocity,joint4_effort,joint5_position,joint5_velocity,joint5_effort,joint6_position,joint6_velocity,joint6_effort,phase
1785500934967084334,1785500934.9670844,1785500934.9668345,0.0,0.0,6.955415678590118e-17,-0.93549644947052,0.0,-0.6772262454032898,0.07504915446043015,0.0,-14.930364608764648,0.0,0.0,-0.1364886611700058,0.8621926307678223,0.0,-1.5899393558502197,0.0,0.0,-1.9705405065906234e-05,gripper_opening
1785500935167910208,1785500935.1679103,1785500935.167626,0.0,0.0,6.955415678590118e-17,-0.93549644947052,0.0,-0.6772262454032898,0.07504915446043015,0.0,-14.930364608764648,0.0,0.0,-0.1364886611700058,0.8621926307678223,0.0,-1.5899393558502197,0.0,0.0,-1.9705405065906234e-05,gripper_opening
1785500935368528992,1785500935.368529,1785500935.3683863,0.0,0.0,6.955415678590118e-17,-0.93549644947052,0.0,-0.6772262454032898,0.07504915446043015,0.0,-14.930364608764648,0.0,0.0,-0.1364886611700058,0.8621926307678223,0.0,-1.5899393558502197,0.0,0.0,-1.9705405065906234e-05,gripper_opening
1785500935569364826,1785500935.5693648,1785500935.5691433,0.0,0.0,6.955415678590118e-17,-0.93549644947052,0.0,-0.6772262454032898,0.07504915446043015,0.0,-14.930364608764648,0.0,0.0,-0.1364886611700058,0.8621926307678223,0.0,-1.5899393558502197,0.0,0.0,-1.9705405065906234e-05,gripper_opening
1785500935770126026,1785500935.770126,1785500935.7699146,0.0,0.0,6.955415678590118e-17,-0.93549644947052,0.0,-0.6772262454032898,0.07504915446043015,0.0,-14.930364608764648,0.0,0.0,-0.1364886611700058,0.8621926307678223,0.0,-1.5899393558502197,0.0,0.0,-1.9705405065906234e-05,gripper_opening
1785500935970886975,1785500935.970887,1785500935.9706726,0.0,0.0,6.955415678590118e-17,-0.93549644947052,0.0,-0.6772262454032898,0.07504915446043015,0.0,-14.930364608764648,0.0,0.0,-0.1364886611700058,0.8621926307678223,0.0,-1.5899393558502197,0.0,0.0,-1.9705405065906234e-05,gripper_opening
1785500936172157495,1785500936.1721575,1785500936.1719506,0.0,0.0,6.955415678590118e-17,-0.93549644947052,0.0,-0.6772262454032898,0.07504915446043015,0.0,-14.930364608764648,0.0,0.0,-0.1364886611700058,0.8621926307678223,0.0,-1.5899393558502197,0.0,0.0,-1.9705405065906234e-05,gripper_opening
1785500936372927688,1785500936.372928,1785500936.3727224,0.0,0.0,6.955415678590118e-17,-0.93549644947052,0.0,-0.6772262454032898,0.07504915446043015,0.0,-14.930364608764648,0.0,0.0,-0.1364886611700058,0.8621926307678223,0.0,-1.5899393558502197,0.0,0.0,-1.9705405065906234e-05,gripper_opening
1785500936573579681,1785500936.5735798,1785500936.5734146,0.0,0.0,6.955415678590118e-17,-0.93549644947052,0.0,-0.6772262454032898,0.07504915446043015,0.0,-14.930364608764648,0.0,0.0,-0.1364886611700058,0.8621926307678223,0.0,-1.5899393558502197,0.0,0.0,-1.9705405065906234e-05,gripper_opening
1785500936774194573,1785500936.7741947,1785500936.774089,0.0,0.0,6.955415678590118e-17,-0.93549644947052,0.0,-0.6772262454032898,0.07504915446043015,0.0,-14.930364608764648,0.0,0.0,-0.1364886611700058,0.8621926307678223,0.0,-1.5899393558502197,0.0,0.0,-1.9705405065906234e-05,gripper_opening
1785500936974901243,1785500936.9749014,1785500936.9747207,0.0,0.0,6.955415678590118e-17,-0.93549644947052,0.0,-0.6772262454032898,0.07504915446043015,0.0,-14.930364608764648,0.0,0.0,-0.1364886611700058,0.8621926307678223,0.0,-1.5899393558502197,0.0,0.0,-1.9705405065906234e-05,gripper_opening
1785500937175621864,1785500937.175622,1785500937.1754243,0.0,0.0,6.955415678590118e-17,-0.93549644947052,0.0,-0.6772262454032898,0.07504915446043015,0.0,-14.930364608764648,0.0,0.0,-0.1364886611700058,0.8621926307678223,0.0,-1.5899393558502197,0.0,0.0,-1.9705405065906234e-05,gripper_opening
1785500937376404105,1785500937.3764043,1785500937.3761868,0.0,0.0,6.955415678590118e-17,-0.93549644947052,0.0,-0.6772262454032898,0.07504915446043015,0.0,-14.930364608764648,0.0,0.0,-0.1364886611700058,0.8621926307678223,0.0,-1.5899393558502197,0.0,0.0,-1.9705405065906234e-05,gripper_opening
1785500937577135718,1785500937.5771358,1785500937.57691,0.0,0.0,6.955415678590118e-17,-0.93549644947052,0.0,-0.6772262454032898,0.07504915446043015,0.0,-14.930364608764648,0.0,0.0,-0.1364886611700058,0.8621926307678223,0.0,-1.5899393558502197,0.0,0.0,-1.9705405065906234e-05,gripper_opening
1785500937777890947,1785500937.7778912,1785500937.7776766,0.0,0.0,6.955415678590118e-17,-0.93549644947052,0.0,-0.6772262454032898,0.07504915446043015,0.0,-14.930364608764648,0.0,0.0,-0.1364886611700058,0.8621926307678223,0.0,-1.5899393558502197,0.0,0.0,-1.9705405065906234e-05,gripper_opening
1785500937978624043,1785500937.978624,1785500937.9784086,0.0,0.0,6.955415678590118e-17,-0.93549644947052,0.0,-0.6772262454032898,0.07504915446043015,0.0,-14.930364608764648,0.0,0.0,-0.1364886611700058,0.8621926307678223,0.0,-1.5899393558502197,0.0,0.0,-1.9705405065906234e-05,gripper_opening
1785500938179411488,1785500938.1794116,1785500938.1791842,0.0,0.0,6.955415678590118e-17,-0.93549644947052,0.0,-0.6772262454032898,0.07504915446043015,0.0,-14.930364608764648,0.0,0.0,-0.1364886611700058,0.8621926307678223,0.0,-1.5899393558502197,0.0,0.0,-1.9705405065906234e-05,gripper_opening
1785500954841877692,1785500954.841878,1785500954.8416898,-0.36651915311813354,0.0,1.1760860566723848e-16,0.8377580642700195,0.0,-27.995981216430664,-1.1693706512451172,0.0,-10.258068084716797,0.0,0.0,-0.05861278250813484,-1.1693706512451172,0.0,-1.8233392238616943,0.0,0.0,0.01126282662153244,gripper_opening
1785500955042599712,1785500955.0425997,1785500955.0424361,-0.36651915311813354,0.0,1.1760860566723848e-16,0.8377580642700195,0.0,-27.995981216430664,-1.1693706512451172,0.0,-10.258068084716797,0.0,0.0,-0.05861278250813484,-1.1693706512451172,0.0,-1.8233392238616943,0.0,0.0,0.01126282662153244,gripper_opening
1785500955243365461,1785500955.2433655,1785500955.2431998,-0.36651915311813354,0.0,1.1760860566723848e-16,0.8377580642700195,0.0,-27.995981216430664,-1.1693706512451172,0.0,-10.258068084716797,0.0,0.0,-0.05861278250813484,-1.1693706512451172,0.0,-1.8233392238616943,0.0,0.0,0.01126282662153244,gripper_opening
1785500955444131771,1785500955.4441319,1785500955.4439564,-0.36651915311813354,0.0,1.1760860566723848e-16,0.8377580642700195,0.0,-27.995981216430664,-1.1693706512451172,0.0,-10.258068084716797,0.0,0.0,-0.05861278250813484,-1.1693706512451172,0.0,-1.8233392238616943,0.0,0.0,0.01126282662153244,gripper_opening
1785500955644906037,1785500955.644906,1785500955.6446917,-0.36651915311813354,0.0,1.1760860566723848e-16,0.8377580642700195,0.0,-27.995981216430664,-1.1693706512451172,0.0,-10.258068084716797,0.0,0.0,-0.05861278250813484,-1.1693706512451172,0.0,-1.8233392238616943,0.0,0.0,0.01126282662153244,gripper_opening
1785500955845682958,1785500955.845683,1785500955.84553,-0.36651915311813354,0.0,1.1760860566723848e-16,0.8377580642700195,0.0,-27.995981216430664,-1.1693706512451172,0.0,-10.258068084716797,0.0,0.0,-0.05861278250813484,-1.1693706512451172,0.0,-1.8233392238616943,0.0,0.0,0.01126282662153244,gripper_opening
1785500956046441423,1785500956.0464416,1785500956.0462878,-0.36651915311813354,0.0,1.1760860566723848e-16,0.8377580642700195,0.0,-27.995981216430664,-1.1693706512451172,0.0,-10.258068084716797,0.0,0.0,-0.05861278250813484,-1.1693706512451172,0.0,-1.8233392238616943,0.0,0.0,0.01126282662153244,gripper_opening
1785500956247183621,1785500956.2471838,1785500956.2470498,-0.36651915311813354,0.0,1.1760860566723848e-16,0.8377580642700195,0.0,-27.995981216430664,-1.1693706512451172,0.0,-10.258068084716797,0.0,0.0,-0.05861278250813484,-1.1693706512451172,0.0,-1.8233392238616943,0.0,0.0,0.01126282662153244,gripper_opening
1785500956447870001,1785500956.44787,1785500956.4477198,-0.36651915311813354,0.0,1.1760860566723848e-16,0.8377580642700195,0.0,-27.995981216430664,-1.1693706512451172,0.0,-10.258068084716797,0.0,0.0,-0.05861278250813484,-1.1693706512451172,0.0,-1.8233392238616943,0.0,0.0,0.01126282662153244,gripper_opening
