timestep,joint1_position,joint1_velocity,joint2_position,joint2_velocity,joint3_position,joint3_velocity,joint4_position,joint4_velocity,joint5_position,joint5_velocity,joint6_position,joint6_velocity,joint7_position,joint7_velocity,finger1_position,finger2_position,finger1_velocity,finger2_velocity,gripper_width,phase
0,0.0,0.0,-0.569,0.0,0.0,0.0,-2.81,0.0,0.0,0.0,3.037,0.0,0.741,0.0,0.04,0.04,0.0,0.0,0.08,unknown
1,0.0019916086,0.042583533,-0.59200937,-0.8640894,-0.0038464123,-0.120125264,-2.8162034,-0.1535911,0.0014729593,0.035836402,3.0101633,-0.73930067,0.7387518,-0.062239192,0.03999573,0.039999805,7.224072e-05,-1.2505223e-05,0.079995535,unknown
2,0.006492399,0.103823364,-0.61278087,-0.5237433,-0.012404719,-0.2531739,-2.8183959,-0.050952338,0.0014302143,-0.0019847702,2.9963827,-0.38237205,0.73071,-0.2216191,0.039994366,0.039999936,9.2634946e-05,-3.7463958e-06,0.079994306,unknown
3,0.0049841255,-0.041312803,-0.642264,-0.9468196,-0.016102174,-0.091993235,-2.8227339,-0.1048738,0.0005373642,-0.029666308,2.9677646,-0.7905053,0.72722745,-0.09546955,0.039998516,0.03999853,0.00012546558,-5.843246e-05,0.07999705,unknown
4,0.0059177624,0.043358777,-0.677157,-1.0055939,-0.018827083,-0.059431646,-2.8334284,-0.35394758,0.001393293,0.023384957,2.9444208,-0.6554225,0.7260457,-0.032417342,0.04,0.039992087,2.2200002e-06,6.503112e-05,0.079992086,unknown
5,0.0056827897,-0.0119891,-0.7018445,-0.63664407,-0.019271266,-0.014360327,-2.83413,0.061032843,0.0017208789,0.006941165,2.9180856,-0.7250933,0.72621465,0.004136735,0.03999819,0.03999774,1.13311435e-05,7.2203205e-05,0.07999593,unknown
6,0.0076919547,0.056533493,-0.71592516,-0.33652377,-0.021522732,-0.06556519,-2.8295026,0.13970973,0.0023427347,0.017529234,2.9001355,-0.4960599,0.72437966,-0.051102556,0.03999986,0.03999816,-1.02372894e-07,4.627356e-05,0.07999802,unknown
7,0.013735405,0.17474926,-0.7302372,-0.4207895,-0.026371503,-0.13804002,-2.8320904,-0.124223866,0.007427567,0.14328149,2.889721,-0.2917818,0.7245034,0.0009981726,0.04,0.03999744,4.2206193e-05,0.00013955667,0.079997435,unknown
8,0.0200209,0.19855686,-0.7419495,-0.31286076,-0.027514113,-0.009348748,-2.8327315,0.00624405,0.013064883,0.15281777,2.8749309,-0.40753576,0.7281289,0.09655229,0.04,0.03999272,7.551045e-05,0.00019570236,0.07999272,unknown
9,0.027757542,0.16276442,-0.75282973,-0.29971206,-0.037372414,-0.33816686,-2.8371904,-0.15964317,0.016585235,0.104483195,2.8672695,-0.21623327,0.72077876,-0.20547651,0.03998251,0.04,0.00019570919,3.2364886e-05,0.079982504,unknown
10,0.03566171,0.24716257,-0.7591932,-0.14537829,-0.045720074,-0.21048038,-2.8407264,-0.0932897,0.023712592,0.19589075,2.8613827,-0.16342226,0.7200197,-0.026375676,0.04,0.03999165,0.00013241087,0.00021567491,0.07999165,unknown
11,0.04569596,0.2546954,-0.7632205,-0.09657858,-0.05847842,-0.39152968,-2.8439186,-0.091273524,0.028373918,0.13267453,2.8539286,-0.20836325,0.7106523,-0.263258,0.039993893,0.04,0.00011322313,5.4590942e-05,0.07999389,unknown
12,0.05325482,0.18948135,-0.7715516,-0.2651197,-0.07324363,-0.43092278,-2.8513005,-0.22892846,0.03253461,0.117522545,2.8441644,-0.27272952,0.7003281,-0.28917658,0.039994605,0.04,0.00020851092,2.9181387e-05,0.079994604,unknown
13,0.06473237,0.31466144,-0.76668596,0.25831133,-0.09306782,-0.58307654,-2.8525884,-0.008046452,0.03788138,0.15127063,2.8483467,0.112868294,0.6855943,-0.41416502,0.039996542,0.04,0.00016811109,6.30377e-05,0.07999654,unknown
14,0.07923515,0.42552587,-0.76330113,0.06774682,-0.11233032,-0.5296589,-2.8557856,-0.105497815,0.04593147,0.22510289,2.8446069,-0.10632973,0.6733634,-0.34675673,0.04,0.039993335,0.00019417069,0.00022012183,0.07999334,unknown
15,0.097813,0.49395633,-0.75596267,0.27882802,-0.13940682,-0.82050264,-2.864068,-0.28200573,0.054737102,0.25509796,2.8576179,0.35142902,0.65349054,-0.56197715,0.039993405,0.04,0.00028197505,0.00014512717,0.079993404,unknown
16,0.1098741,0.36308748,-0.7543335,-0.00077529,-0.15765116,-0.47375804,-2.878347,-0.428458,0.06194692,0.19616309,2.8641582,0.18040961,0.6425482,-0.31205025,0.04,0.03999019,0.0001540678,0.00014816129,0.07999019,unknown
17,0.12867281,0.5092101,-0.730802,0.85708845,-0.18492155,-0.83141476,-2.8748786,0.20564967,0.06783119,0.17148338,2.880228,0.44193268,0.62010455,-0.63109756,0.03998625,0.04,0.00028462836,7.532916e-05,0.079986244,unknown
18,0.1395669,0.30043986,-0.72473097,0.020035781,-0.20664325,-0.6006787,-2.887486,-0.47456983,0.073283456,0.1555691,2.8903358,0.2748003,0.60491014,-0.42815635,0.04,0.039993428,9.611402e-05,6.337685e-05,0.07999343,unknown
19,0.15221055,0.36470762,-0.71522284,0.33659223,-0.22767547,-0.5967834,-2.8936481,-0.10252045,0.07925392,0.16392149,2.9019175,0.32306543,0.59068584,-0.40166685,0.04,0.039997436,6.1543586e-05,3.3820503e-05,0.079997435,unknown
20,0.16529016,0.3878652,-0.7003334,0.4634098,-0.24589711,-0.50268334,-2.8963509,-0.080842905,0.08365173,0.123725034,2.9168153,0.4093908,0.5772951,-0.37598106,0.04,0.039994415,1.6024425e-05,2.8387309e-05,0.07999441,unknown
21,0.17632729,0.30696383,-0.6851794,0.43511876,-0.26169744,-0.45087337,-2.9002206,-0.116523914,0.087194644,0.10155272,2.9335232,0.46183565,0.56570727,-0.324379,0.039998747,0.039998893,7.629757e-05,-1.486127e-05,0.079997644,unknown
22,0.18861093,0.32229072,-0.672809,0.35135284,-0.28329313,-0.6444944,-2.9076502,-0.23756891,0.08904239,0.05919718,2.9503667,0.46373048,0.5466122,-0.53182036,0.039993003,0.04,0.00014618634,3.633368e-05,0.079993,unknown
23,0.19318447,0.16585186,-0.66996515,0.03365973,-0.29290077,-0.22451487,-2.9277444,-0.6538383,0.09086444,0.04838689,2.9724479,0.6107445,0.5396953,-0.19354396,0.04,0.03998388,9.963823e-07,0.00013183938,0.079983875,unknown
24,0.20325758,0.26425865,-0.659576,0.36287925,-0.3089306,-0.4906788,-2.9393005,-0.25133952,0.092431225,0.04689711,2.9950109,0.6303377,0.52629983,-0.3735503,0.039987367,0.04,0.00020523093,8.346032e-06,0.07998736,unknown
25,0.20500039,0.07283493,-0.6519952,0.18999177,-0.31443685,-0.11954025,-2.954721,-0.48698273,0.09345779,0.026228515,3.0218177,0.74417925,0.5232109,-0.08466742,0.04,0.039990436,1.2760396e-05,6.386086e-05,0.07999043,unknown
26,0.20432699,-0.0012096392,-0.63879097,0.44595823,-0.31422588,0.02238725,-2.9694016,-0.42111725,0.09204797,-0.0344874,3.0492136,0.76117903,0.52183056,-0.03346535,0.04,0.039994296,4.3884942e-05,7.479921e-05,0.07999429,unknown
27,0.22296394,0.57502854,-0.6055504,1.1062545,-0.32865247,-0.4324041,-2.9780688,-0.23520726,0.09581384,0.11130553,3.1038191,1.5147961,0.5146062,-0.19691885,0.04,0.039998043,8.879455e-05,-4.985171e-05,0.079998046,unknown
28,0.24358927,0.58269215,-0.57080287,0.97935647,-0.3477712,-0.57080466,-2.9835174,-0.1368868,0.098177135,0.07147258,3.1435838,1.103739,0.5048227,-0.26723155,0.039997075,0.04,6.785995e-05,5.661077e-05,0.07999708,unknown
29,0.25325528,0.27321562,-0.54500383,0.68242997,-0.35785896,-0.27652407,-2.9913058,-0.23077655,0.0990527,0.023642993,3.1767251,0.9242256,0.5002888,-0.119635455,0.04,0.039999783,0.000105310224,2.388941e-05,0.07999978,unknown
30,0.25433275,0.06243864,-0.51706696,0.8322965,-0.35439795,0.140854,-2.9951808,-0.085292,0.10105234,0.05708012,3.2083695,0.8784429,0.5048297,0.13374573,0.04,0.039996628,0.00010579413,3.190543e-05,0.07999663,unknown
31,0.25313437,-0.022286227,-0.4971778,0.5061273,-0.34420398,0.3111041,-3.0014682,-0.1925976,0.104338534,0.0915639,3.2340026,0.7121004,0.51263523,0.22154997,0.04,0.039993815,4.6194167e-05,0.00015789871,0.079993814,unknown
32,0.26791078,0.3884902,-0.47544134,0.66678894,-0.3549671,-0.3507917,-3.0057278,-0.12075071,0.10528559,0.031721584,3.263394,0.8128509,0.51143235,-0.027703809,0.0399904,0.04,9.295703e-05,1.7373426e-05,0.0799904,unknown
33,0.27030045,0.061226923,-0.46658304,0.13435231,-0.35598642,-0.016817732,-3.0083864,-0.032782886,0.10592539,0.0126882065,3.2678704,0.12835646,0.5119117,0.015127912,0.03999765,0.039998055,-1.986924e-05,0.00010448641,0.07999571,unknown
34,0.27352613,0.09338786,-0.45992908,0.20539099,-0.35737404,-0.035676103,-3.0092342,-0.026141442,0.106547974,0.017603466,3.2772126,0.25871927,0.512851,0.027108576,0.039998658,0.039999228,5.1076466e-05,4.8446134e-07,0.07999788,unknown
35,0.27814537,0.13601957,-0.45023933,0.30016908,-0.3594444,-0.052965216,-3.010374,-0.043451525,0.10739285,0.02428769,3.2907958,0.37510526,0.5142999,0.04205011,0.04,0.039998937,7.4242625e-06,-8.377706e-06,0.07999894,unknown
36,0.28437036,0.18252762,-0.4372865,0.39459726,-0.3622378,-0.07283987,-3.0120523,-0.05916516,0.10841059,0.028943963,3.3082874,0.48334414,0.5163499,0.059735376,0.04,0.039998706,1.193387e-05,-1.836213e-06,0.0799987,unknown
37,0.2923438,0.23281075,-0.42111593,0.48727638,-0.3659088,-0.0975533,-3.0141459,-0.07038062,0.10948396,0.030001992,3.3294325,0.5846395,0.5191408,0.08156009,0.04,0.039998695,1.707213e-05,3.956644e-06,0.079998694,unknown
38,0.30483592,0.3646897,-0.40064922,0.62404084,-0.37319577,-0.20347345,-3.017301,-0.110598974,0.11035181,0.021719445,3.3567586,0.75524455,0.5235748,0.1302561,0.04,0.039998367,1.9893907e-05,9.201795e-06,0.07999837,unknown
39,0.3209974,0.44737554,-0.37963712,0.59919655,-0.38562816,-0.35656643,-3.0192354,-0.044618968,0.108069405,-0.06963352,3.3808901,0.6681582,0.52678967,0.09850185,0.039998606,0.04,2.6232142e-06,1.487007e-05,0.079998605,unknown
40,0.326591,0.18537313,-0.36159077,0.49465218,-0.38422075,0.0666433,-3.0200984,-0.013293845,0.11107406,0.08244886,3.3984642,0.4866544,0.5327584,0.1690257,0.04,0.039995678,1.5338645e-05,1.698175e-05,0.07999568,unknown
41,0.33717665,0.27568427,-0.3414876,0.60541123,-0.3899036,-0.17090382,-3.0202215,-0.013880015,0.110220335,-0.021656482,3.4189372,0.5641801,0.5374109,0.13501588,0.03999454,0.04,6.467985e-05,2.1305985e-05,0.079994544,unknown
42,0.34600157,0.26508406,-0.3243605,0.4736409,-0.3936582,-0.09463217,-3.025105,-0.17282107,0.11035744,-0.0006150541,3.4407191,0.60337234,0.543695,0.18114145,0.04,0.03999589,1.13067235e-05,4.2037907e-05,0.079995885,unknown
43,0.35325122,0.1811637,-0.31004694,0.39306396,-0.397698,-0.11975589,-3.0286372,-0.077527076,0.10905133,-0.035514735,3.4556496,0.41410628,0.547452,0.10849281,0.039994806,0.04,7.815415e-06,1.4755095e-05,0.079994805,unknown
44,0.39185548,0.83086085,-0.30557084,0.050194535,-0.4697935,-2.173068,-3.0295293,-0.012748058,0.05176623,-1.5796069,3.4583495,0.066086136,0.5385963,-0.24864505,0.039966792,0.04,0.00020464808,0.00074032415,0.07996679,unknown
45,0.420242,0.8423865,-0.30454513,0.017118482,-0.542332,-2.1734521,-3.0280077,0.06232752,-0.0050234287,-1.5748417,3.461032,0.06795428,0.5296965,-0.24593407,0.039987788,0.04,0.00020903797,0.00029987426,0.07998779,unknown
46,0.45741984,1.2074832,-0.29965752,0.16548605,-0.61492544,-2.1727042,-3.0227873,0.15297444,-0.06771493,-1.7591785,3.4680867,0.18782657,0.52531254,-0.110684074,0.04,0.039994903,0.0008878523,0.0012087788,0.0799949,unknown
47,0.44800234,-0.11563781,-0.29508612,0.1364522,-0.61094254,0.199984,-3.0265892,-0.1429499,-0.06109328,0.18941931,3.4760258,0.22214147,0.52813643,0.08155248,0.04,0.039987616,0.0001506694,-0.00025438317,0.079987615,unknown
48,0.4591083,0.29235643,-0.28284478,0.40272558,-0.6233946,-0.36316216,-3.025144,0.0705979,-0.06541203,-0.119746536,3.4867547,0.29456148,0.53448564,0.17999059,0.039994482,0.039999794,7.973773e-05,6.331898e-05,0.079994276,unknown
49,0.463727,0.1184696,-0.27394128,0.22611251,-0.6309034,-0.21237019,-3.0276053,-0.10243771,-0.06733036,-0.05525731,3.49627,0.26326603,0.5380249,0.10191189,0.039999265,0.039998814,4.8096976e-05,2.9700366e-05,0.079998076,unknown
50,0.4676747,0.13840921,-0.26264215,0.34932688,-0.6352882,-0.10979407,-3.0299854,-0.063634805,-0.066436864,0.024072383,3.510164,0.38507062,0.54376566,0.16266046,0.04,0.039997105,3.8527385e-05,-3.8046855e-05,0.07999711,unknown
51,0.4782281,0.2764773,-0.24956083,0.37913576,-0.64762294,-0.35109305,-3.0283,0.07182948,-0.07256137,-0.17203397,3.5192173,0.24896891,0.5513006,0.21437736,0.03999708,0.04,1.1084235e-05,5.1979055e-06,0.07999708,unknown
52,0.54475373,2.0302138,-0.2000052,1.6305156,-0.72021353,-2.1732295,-2.9884295,1.3483144,-0.12653826,-1.6026409,3.5293498,0.25570232,0.60567826,1.6056428,0.039996266,0.03999991,-7.5873664e-05,0.00016726494,0.079996176,unknown
53,0.5538418,0.1622022,-0.18493004,0.17512406,-0.7315934,-0.32104513,-2.9810624,-0.014815065,-0.13500157,-0.23684943,3.5342689,0.14164823,0.6102699,0.13333265,0.03999728,0.03999988,-0.00021180208,0.00028875066,0.07999716,unknown
54,0.5542059,0.037391953,-0.17951116,0.15109304,-0.73313665,-0.031759363,-2.9810839,0.011984562,-0.13246568,0.07133387,3.5376225,0.09265625,0.6156233,0.15025802,0.04,0.039998118,6.152227e-05,-5.508614e-05,0.07999812,unknown
55,0.55870867,0.09548614,-0.17416081,0.15258463,-0.74090356,-0.22414392,-2.9812672,-0.015720453,-0.13777465,-0.14763565,3.5441566,0.18146555,0.62064236,0.13929944,0.039997894,0.04,-4.7949274e-05,6.4397072e-06,0.0799979,unknown
56,0.5667633,0.21029687,-0.1648921,0.29476553,-0.75555927,-0.41073033,-2.9804611,0.019431874,-0.14985803,-0.33653978,3.553206,0.24977589,0.6315857,0.3068788,0.03999772,0.04,7.6091936e-05,1.4523217e-05,0.07999772,unknown
57,0.5561663,-0.26831126,-0.16762018,-0.16361915,-0.7431519,0.3641254,-2.9828684,-0.050224155,-0.13397461,0.44307265,3.547609,-0.15290812,0.622109,-0.2599479,0.04,0.03999636,3.578335e-05,-2.799479e-05,0.07999636,unknown
58,0.56697434,0.22248048,-0.16293378,0.19989972,-0.7634771,-0.5981326,-2.9803014,0.06696335,-0.15430939,-0.56496245,3.5517142,0.11150153,0.63173044,0.2666284,0.039990615,0.04,-0.000103734805,2.3223752e-06,0.07999061,unknown
59,0.5664088,0.04417763,-0.15710306,0.16430044,-0.76757985,-0.08985994,-2.9797173,0.014162909,-0.15570034,-0.03677271,3.5559702,0.11838342,0.63769454,0.16709001,0.04,0.03999263,5.480732e-05,-0.00012620055,0.07999263,unknown
60,0.6276606,1.9842337,-0.09010227,2.1721435,-0.83988166,-2.1687667,-2.9658515,0.35810554,-0.23701876,-2.3399138,3.637785,2.316529,0.72466916,2.6099877,0.03999773,0.039986175,-0.00013712051,0.0010209389,0.079983905,unknown
61,0.66944915,0.6593505,-0.01758996,2.1737068,-0.8986979,-1.3224711,-2.9528418,0.40923724,-0.32401767,-2.6100125,3.716371,2.2515006,0.8116967,2.6090574,0.03997992,0.039998792,-0.00012290948,-3.3607193e-05,0.07997871,unknown
62,0.6601198,-0.6545271,0.05441716,2.1681094,-0.9151542,-0.16603528,-2.9369936,0.44982016,-0.41119727,-2.601825,3.7525003,3.6069203e-05,0.89871264,2.6100008,0.03998065,0.0399987,0.0003758807,-7.758745e-05,0.079979345,unknown
63,0.6163508,-1.3795002,0.1268277,2.1669974,-0.894638,0.791016,-2.918731,0.55736375,-0.49525577,-2.3390465,3.7525005,-1.1920017e-06,0.9857083,2.6099312,0.039999053,0.039991286,0.0003543967,-0.000121090554,0.07999034,unknown
64,0.5672489,-1.3050342,0.19894251,2.168209,-0.8542038,1.2127727,-2.9018118,0.48094973,-0.543642,-1.0698227,3.7525,4.0369923e-07,1.065178,2.0749412,0.04,0.039977837,0.0020215956,-0.00085400796,0.07997784,unknown
65,0.5610248,-0.18626872,0.22517931,0.36187032,-0.84734356,0.16603659,-2.901655,0.008538974,-0.55450547,-0.30676526,3.7525,2.9842781e-06,1.0733262,0.23032854,0.03999597,0.03997586,-0.00035478122,0.0009951597,0.07997183,unknown
66,0.55809706,-0.06958391,0.240542,0.47794306,-0.8428089,0.14081617,-2.9046302,-0.106341876,-0.5523185,0.06509276,3.7525,1.6178483e-06,1.07719,0.112700745,0.039996363,0.039989915,0.00026550321,8.6502616e-05,0.079986274,unknown
67,0.551297,-0.20818488,0.25726986,0.47617915,-0.8357457,0.19748087,-2.9054596,-0.004559534,-0.5579248,-0.15400247,3.7525003,-2.624089e-06,1.0851763,0.22473621,0.039996877,0.039996494,-1.4908152e-05,0.00015082219,0.07999337,unknown
68,0.5460546,-0.1016575,0.27482945,0.5143009,-0.8266863,0.27449834,-2.9047086,0.03317149,-0.5566028,0.040359613,3.7524998,2.7415513e-06,1.0944623,0.2593876,0.04,0.03999254,6.295362e-05,-7.956973e-05,0.07999254,unknown
69,0.5383877,-0.26228592,0.2913432,0.45432812,-0.81836295,0.21550725,-2.901976,0.087698504,-0.5644953,-0.21580115,3.7525005,-7.681765e-06,1.1025274,0.22401343,0.039992314,0.04,-0.00011648992,4.6482786e-05,0.07999231,unknown
70,0.53080356,-0.17954345,0.30819997,0.48926356,-0.8092614,0.26698086,-2.8973227,0.14819013,-0.56652826,-0.050027944,3.7525,2.376004e-06,1.1117193,0.25393307,0.039999772,0.03999726,0.00020560874,-9.6128366e-05,0.07999703,unknown
71,0.52787966,-0.05587953,0.3250303,0.48404664,-0.80112696,0.23989107,-2.8936977,0.09551281,-0.5625991,0.11279842,3.7525,8.511603e-07,1.1181548,0.17916334,0.04,0.03999608,2.7753882e-05,-3.183508e-05,0.07999608,unknown
72,0.52425474,-0.100928396,0.3430833,0.52563465,-0.79184216,0.26245713,-2.889371,0.12598892,-0.56002426,0.07595296,3.7525003,-3.665108e-07,1.1250204,0.19047426,0.03999925,0.039999373,3.904909e-05,2.7595794e-05,0.07999863,unknown
73,0.51701033,-0.22194432,0.35917076,0.4384625,-0.78187877,0.2692432,-2.8840241,0.15790173,-0.5642991,-0.11676181,3.7525003,-4.054245e-06,1.1328855,0.2173511,0.0399978,0.04,-8.040769e-05,2.2522845e-05,0.0799978,unknown
74,0.51565444,-0.026237214,0.36821088,0.2057641,-0.77808166,0.10404156,-2.881857,0.058719687,-0.5625187,0.049556185,3.7525,2.5117215e-06,1.1356459,0.078240566,0.04,0.03999917,4.4682024e-06,-8.32793e-06,0.079999164,unknown
75,0.5124504,-0.106655456,0.37861416,0.3365739,-0.7734938,0.1314352,-2.8819728,-0.033364374,-0.56086355,0.047482364,3.7525003,-2.1703518e-06,1.1382679,0.07406939,0.03999721,0.039999988,6.746021e-05,-6.347646e-07,0.0799972,unknown
76,0.50901824,-0.07969072,0.38719696,0.20965122,-0.7681535,0.15182889,-2.880139,0.08621311,-0.5607093,0.0043005818,3.7525,2.3331281e-06,1.1423507,0.114190586,0.04,0.039996468,5.7417988e-06,2.683403e-05,0.07999647,unknown
77,0.5121889,0.12246872,0.390888,0.075668305,-0.76594794,0.072450005,-2.8793597,0.02152036,-0.5543116,0.17680511,3.7525,3.37729e-06,1.1442211,0.052306097,0.04,0.039993525,5.4779653e-06,2.7484359e-05,0.07999352,unknown
78,0.5128138,-0.03200285,0.38881463,-0.099412255,-0.76570404,-0.017757025,-2.880544,-0.04635613,-0.5577676,-0.10124596,3.7521183,-0.009079887,1.1439444,-0.006546897,0.03999462,0.04,-0.00013664432,1.4642985e-05,0.07999462,unknown
79,0.4881232,-0.6671682,0.4007195,0.41534036,-0.7385081,0.7766706,-2.841347,1.400494,-0.5779993,-0.55370677,3.7270303,-0.70425117,1.176271,0.8974326,0.039994456,0.03999968,0.00017468966,-3.7128146e-05,0.079994135,unknown
80,0.48767897,-0.02998253,0.3995372,-0.12067512,-0.73754907,0.014810295,-2.8321097,0.001073596,-0.5801545,-0.075263694,3.725146,-0.040134594,1.1779835,0.045499045,0.04,0.03999656,9.996969e-06,0.000100767465,0.079996556,unknown
81,0.49145538,0.1198942,0.39599487,-0.09330119,-0.7404028,-0.07351563,-2.8352396,-0.10855337,-0.5764145,0.10418609,3.7269647,0.05260767,1.1752931,-0.076143205,0.03999996,0.039997377,-1.8442133e-06,-1.6280108e-06,0.07999734,unknown
82,0.4897713,-0.06372366,0.39402962,-0.046884354,-0.73872066,0.042720146,-2.8349807,0.026954368,-0.5803866,-0.11204227,3.7251523,-0.051743872,1.1769854,0.047589708,0.039998144,0.04,-5.6371777e-05,5.8375763e-06,0.07999814,unknown
83,0.4861758,-0.10717675,0.39597586,0.08320823,-0.73623216,0.06736891,-2.8326557,0.06955624,-0.5831061,-0.073895596,3.7272065,0.056735236,1.1793057,0.06328036,0.039996352,0.04,4.380277e-05,1.6495499e-06,0.07999635,unknown
84,0.48990488,0.15663016,0.3989727,0.09259309,-0.7362149,0.024983076,-2.8337634,-0.049838975,-0.57487667,0.22855496,3.731932,0.1329064,1.1789848,-0.009917093,0.04,0.03999286,1.3880469e-06,-6.552974e-05,0.07999286,unknown
85,0.48540083,-0.1533759,0.40789893,0.29513586,-0.72866505,0.20006442,-2.8280723,0.1934714,-0.5768061,-0.051202215,3.7384658,0.1789706,1.1847821,0.15796843,0.039995182,0.04,-6.558686e-05,6.1444907e-06,0.079995185,unknown
86,0.52269936,1.3667779,0.40553972,-0.13390508,-0.7339541,-0.0047966475,-2.8404477,-0.4107999,-0.52321327,1.4817927,3.7352827,-0.084371366,1.1838527,-0.016187204,0.04,0.03995979,0.00034118487,2.1913125e-05,0.07995979,unknown
87,0.574937,1.5662754,0.40176255,-0.09497489,-0.7328082,0.097195625,-2.8526902,-0.3200649,-0.46820122,1.5145319,3.7308424,-0.12937391,1.1850936,0.048491012,0.04,0.039965983,9.887525e-06,0.0005534961,0.07996598,unknown
88,0.5899431,0.1363939,0.40458894,0.10701087,-0.72273535,0.16076653,-2.8525503,0.019000186,-0.4688204,-0.026969615,3.7343974,0.09527028,1.1876704,0.072499566,0.03995605,0.04,-0.00023394807,0.0004116307,0.079956055,unknown
89,0.5886865,-0.105621874,0.40800846,0.09048424,-0.71840113,0.08406103,-2.8505592,0.064028405,-0.4737888,-0.13674621,3.736551,0.058055583,1.1894182,0.048672263,0.039961103,0.04,0.00040829586,4.01392e-05,0.079961106,unknown
90,0.58437216,-0.1387328,0.40885156,0.00370216,-0.71637625,0.044320382,-2.8489733,0.045737453,-0.47864956,-0.1354815,3.7374203,0.024854718,1.19151,0.05818968,0.03997637,0.04,0.00038199627,3.2921434e-06,0.079976365,unknown
91,0.5877312,0.13072595,0.4021389,-0.252284,-0.7194473,-0.07990168,-2.848815,0.021747882,-0.47636798,0.06524868,3.7283056,-0.25073844,1.1906672,-0.023113856,0.03999334,0.039995898,0.00031331426,-6.143264e-05,0.07998924,unknown
92,0.5592051,-0.78156894,0.45629078,2.1151893,-0.6885673,0.8786134,-2.8252842,0.65813535,-0.477427,0.04538704,3.7525005,-4.367812e-05,1.212443,0.54854727,0.039973386,0.04,0.00075798045,1.09982375e-05,0.079973385,unknown
93,0.5399474,-0.42129904,0.52631754,1.8395805,-0.6622633,0.5529105,-2.8052604,0.6619558,-0.46628478,0.3935663,3.7524376,0.060260214,1.2261797,0.01338774,0.04,0.04,0.17879519,0.0050226264,0.08,unknown
94,0.5193688,-0.51448244,0.5955496,2.0289364,-0.6316367,0.88508797,-2.7756832,0.8473812,-0.45293993,0.39671594,3.7524977,1.5519618e-07,1.243797,0.4674343,0.04,0.03999708,0.00043983298,-1.4838625e-05,0.07999708,unknown
95,0.51832557,-0.033906296,0.60710526,-0.21418807,-0.6269606,0.043513577,-2.7743506,-0.019805195,-0.4566725,-0.13229749,3.7476726,-0.11469445,1.2458702,0.064546466,0.039999478,0.039989844,-3.098035e-05,0.00032990618,0.07998932,unknown
96,0.51791716,0.008376045,0.6047248,-0.04065354,-0.62403524,0.089118995,-2.769221,0.18884107,-0.4551358,0.04742055,3.7485561,0.03133346,1.249399,0.09518195,0.03999994,0.039994113,-5.2883406e-06,0.00011533019,0.07999405,unknown
97,0.5175385,-0.027643865,0.600651,-0.13041554,-0.6225538,0.03131672,-2.7679174,-0.0026473089,-0.45718592,-0.06183721,3.7521253,0.10558434,1.2503142,0.023804054,0.03999791,0.039999995,-7.354471e-05,0.00016397212,0.079997905,unknown
98,0.51266813,-0.15930182,0.5969198,-0.10502961,-0.61959916,0.06929371,-2.763568,0.15141594,-0.46343705,-0.17287752,3.750234,-0.0506327,1.252773,0.06759466,0.039994687,0.04,-1.8478246e-05,1.5727255e-05,0.079994686,unknown
99,0.51209843,-0.003290736,0.59120095,-0.17881821,-0.62096107,-0.037175573,-2.7637782,-0.036137782,-0.4647812,-0.038805485,3.751231,0.033416737,1.2525839,-0.0065111164,0.039997928,0.039999325,8.1765924e-05,-5.1681777e-06,0.07999726,unknown
100,0.50762737,-0.16614294,0.58539563,-0.16337697,-0.6217039,-0.042957712,-2.7641459,-0.011470685,-0.47178245,-0.19542226,3.7525005,-1.3201494e-05,1.2517095,-0.024918038,0.039991237,0.04,-2.4394925e-05,1.2606028e-05,0.07999124,unknown
101,0.50665027,0.010985521,0.5788779,-0.19850065,-0.6237671,-0.042221066,-2.764902,-0.0131936455,-0.47241712,-0.01650729,3.7511847,-0.032113142,1.2520337,0.007932066,0.03999995,0.039994124,-3.2574994e-06,-3.982152e-05,0.079994075,unknown
102,0.5059263,-0.017334383,0.5744312,-0.09710533,-0.6233439,0.020693185,-2.7662804,-0.057721306,-0.47367024,-0.03702877,3.7525003,4.561575e-08,1.2526102,0.014310346,0.03999988,0.039996237,-1.0007411e-06,9.4922485e-05,0.07999612,unknown
103,0.5074964,0.048627507,0.5689649,-0.18658581,-0.6249197,-0.050590694,-2.7674937,-0.015708761,-0.47400877,-0.008573333,3.751574,-0.021435328,1.251912,-0.020015677,0.03999991,0.039998226,4.994149e-06,3.6838865e-05,0.079998136,unknown
104,0.5078554,0.004397901,0.56489474,-0.09763412,-0.6257342,-0.024669606,-2.7662523,0.0417362,-0.47475848,-0.01906798,3.7515614,0.0024010094,1.2515037,-0.01254411,0.03999832,0.039999995,-6.6616485e-06,8.6883256e-07,0.079998314,unknown
105,0.50598305,-0.056539364,0.56305885,-0.03909907,-0.62469566,0.02843857,-2.7633536,0.08655609,-0.47645825,-0.04652784,3.7521303,0.018453393,1.2527144,0.0324702,0.039998926,0.04,-1.0191729e-05,5.50888e-06,0.079998925,unknown
106,0.5059907,0.017318025,0.55798066,-0.17641698,-0.62413704,0.020457637,-2.7620091,0.037309043,-0.47725442,-0.023779042,3.747363,-0.1296531,1.255077,0.06531441,0.04,0.039996803,2.2937477e-06,9.8057735e-06,0.0799968,unknown
107,0.5075573,0.04708882,0.5552494,-0.04240872,-0.6240091,0.010747589,-2.7631564,-0.060468424,-0.47627726,0.02529803,3.7505107,0.090153895,1.2549802,-0.0043940125,0.039999798,0.039998576,-1.1942551e-05,5.6996578e-05,0.079998374,unknown
108,0.50720644,-0.018616961,0.555972,0.028263452,-0.62427825,0.0055171177,-2.7622275,0.043117527,-0.47495794,0.014020274,3.7524989,-0.00017994143,1.2540765,-0.009625043,0.03302332,0.03317954,-0.20012164,-0.20030147,0.066202864,unknown
109,0.5029802,-0.12746602,0.55931467,0.12607756,-0.6211654,0.10171433,-2.760232,0.04565293,-0.47614014,-0.051236756,3.7525034,0.0042510238,1.2560426,0.06729906,0.0261166,0.026331915,-0.20102194,-0.20111266,0.052448515,unknown
110,0.50514406,0.07602921,0.55872303,-0.050732262,-0.62294966,-0.038297925,-2.7627215,-0.085096255,-0.47231635,0.09325688,3.7524958,-6.5215863e-06,1.254956,-0.07966999,0.020491164,0.021074658,0.013015337,0.04237233,0.04156582,unknown
111,0.5065428,0.030502291,0.5611766,0.057281606,-0.6237381,-0.030595476,-2.76233,0.05689013,-0.46770296,0.13711593,3.752505,0.086261615,1.2539476,0.024585098,0.019578457,0.02087944,0.0045378767,0.08693938,0.040457897,unknown
112,0.50654066,0.0025196488,0.55872905,-0.10342186,-0.6237057,0.0066531394,-2.7638257,-0.06096856,-0.46910307,-0.050038908,3.7525,-0.011924754,1.2536952,-0.054902602,0.019303769,0.020999257,0.016340408,0.04397823,0.040303025,unknown
113,0.5066826,0.023461724,0.5576698,-0.021743061,-0.6212614,0.07899642,-2.761427,0.11037642,-0.46756867,0.040065493,3.7508495,-0.05411849,1.2569472,0.042800967,0.019215258,0.021108594,0.018051516,0.043762803,0.040323853,unknown
114,0.5252835,0.5130524,0.5097892,-1.7984183,-0.64301157,-0.69009537,-2.7858436,-0.7775522,-0.47691673,-0.27475852,3.713995,-1.047028,1.2437555,-0.41878414,0.019156842,0.02118323,0.010058331,0.03402518,0.040340073,unknown
115,0.5417532,0.452591,0.4426567,-2.002531,-0.6672205,-0.71196985,-2.8067732,-0.5169919,-0.48949915,-0.33216143,3.6665537,-1.3619633,1.2305691,-0.43205285,0.01915159,0.021234691,0.008249259,0.032537106,0.040386282,unknown
116,0.5618543,0.5687922,0.3708559,-2.1199462,-0.69665766,-0.8581384,-2.8267539,-0.56517404,-0.49776798,-0.19303855,3.617243,-1.411331,1.2118385,-0.5869738,0.019156372,0.021237118,0.0095581105,0.024570175,0.04039349,unknown
117,0.58565074,0.7163377,0.29937488,-2.0604203,-0.7274384,-0.89166254,-2.8438597,-0.45273942,-0.49759096,0.065546274,3.5653417,-1.4771292,1.1913929,-0.64827317,0.019200431,0.021178475,0.009509016,0.024519261,0.040378906,unknown
118,0.6252921,1.1905922,0.22692896,-2.1716948,-0.7733218,-1.3851156,-2.8647134,-0.64086807,-0.48599443,0.45890132,3.5069315,-1.683974,1.1544756,-1.1620945,0.019195957,0.02116375,0.014026609,0.02095633,0.040359706,unknown
119,0.6833318,1.88112,0.15445147,-2.1725705,-0.83365023,-1.8910778,-2.8818743,-0.44752392,-0.4526599,1.1913329,3.441033,-1.8801666,1.1039851,-1.6257368,0.019266888,0.021073109,0.013299286,0.023034438,0.04034,unknown
120,0.75921047,2.1754587,0.08191516,-2.172362,-0.90599364,-2.1327143,-2.9035895,-0.68916273,-0.3659999,2.585943,3.3790748,-1.7473263,1.0170472,-2.610002,0.019328563,0.020978404,0.0047696787,0.032249182,0.040306967,unknown
121,0.83326554,2.1751635,0.009439752,-2.1721976,-0.97867197,-2.1646318,-2.925062,-0.6257774,-0.27901554,2.5873265,3.3203418,-1.5567613,0.9299689,-2.610001,0.019540729,0.020754067,-0.005946772,0.03963748,0.040294796,unknown
122,0.83063024,-2.1743822,-0.048472997,-1.1620525,-0.97594726,2.0318992,-2.9364588,-0.0054058377,-0.20447484,1.3981649,3.2873905,-0.8076219,0.8432005,-2.6100016,0.01941645,0.020731442,-0.00057831436,-0.006973952,0.040147893,unknown
123,0.758206,-2.1735294,-0.083087444,-0.9318461,-0.9049978,2.0357072,-2.932846,0.17904152,-0.13963893,1.3187017,3.2444706,-1.2534808,0.78122854,-1.1212122,0.019435938,0.020672811,-0.0035484447,-0.011177101,0.040108748,unknown
124,0.67922896,-2.1682053,-0.11934105,-1.20879,-0.8411034,1.7375335,-2.9250479,0.20054193,-0.2035145,-2.582798,3.1891148,-1.5979385,0.84110975,2.5534039,0.019788992,0.020323899,-0.036082763,0.019318208,0.04011289,unknown
125,0.6021669,-2.1750014,-0.1700244,-1.6364913,-0.77023804,2.1139116,-2.9182358,0.22568269,-0.28843024,-2.5335517,3.1231909,-1.857721,0.9280955,2.539007,0.019750189,0.02039567,0.0027177245,-0.014859525,0.04014586,unknown
126,0.53020906,-2.1568818,-0.23344369,-1.9336251,-0.6980804,2.1703935,-2.9094858,0.29269344,-0.3747196,-2.5791962,3.0493171,-2.0505543,1.0034684,1.7682902,0.019610919,0.0205706,0.009773723,-0.022259496,0.040181518,unknown
127,0.47063333,-1.4736269,-0.30088088,-1.9414618,-0.6380472,1.3770511,-2.9025974,0.20859592,-0.428582,-1.225083,2.9814305,-1.8587468,1.0360739,0.6487377,0.019442877,0.020755334,0.014937904,-0.02623329,0.04019821,unknown
128,0.4334503,-0.8844214,-0.368723,-1.9377112,-0.6016722,0.88502926,-2.892584,0.34735733,-0.45602,-0.614783,2.9087272,-1.9753785,1.0520768,0.28386742,0.01952751,0.020716459,0.0036848057,-0.021335762,0.04024397,unknown
129,0.4128323,-0.4957226,-0.43195283,-1.7630646,-0.5782759,0.61087024,-2.8807504,0.36270022,-0.46774474,-0.25764647,2.8429732,-1.78253,1.0573566,0.043463092,0.019599957,0.020657383,0.0013528634,-0.018900685,0.040257342,unknown
130,0.39690864,-0.37101796,-0.4970749,-1.8738927,-0.5531929,0.68503493,-2.8668628,0.45502242,-0.4727982,-0.08544,2.7665684,-2.0702105,1.0622171,0.038388662,0.019633455,0.020634204,-0.0030821299,-0.014750794,0.04026766,unknown
131,0.39035866,-0.16198081,-0.55248547,-1.4931589,-0.535682,0.47326618,-2.846768,0.63714385,-0.47042668,0.088564105,2.6995995,-1.8075659,1.0589993,-0.16149852,0.019588523,0.020690331,-0.001874515,-0.015597073,0.040278852,unknown
132,0.38790923,-0.030749869,-0.600746,-1.332048,-0.51911837,0.47635767,-2.8264062,0.59369314,-0.46360677,0.20033234,2.6389217,-1.6385173,1.056844,-0.12613374,0.019622343,0.020672686,-0.004452311,-0.013092403,0.040295027,unknown
133,0.388728,0.03103776,-0.63695014,-0.94869953,-0.5051287,0.3877394,-2.8017893,0.7519379,-0.4556234,0.22217587,2.585523,-1.4370259,1.0529494,-0.1687018,0.019551067,0.020757651,-0.0044795303,-0.012970523,0.040308718,unknown
134,0.38701347,-0.08245883,-0.64879525,-0.15790635,-0.5036506,-0.018418686,-2.7884157,0.22940548,-0.458387,-0.07488644,2.5823455,-0.08171336,1.0484172,-0.1738223,0.019474756,0.020833876,-0.0030909998,-0.015537257,0.040308632,unknown
135,0.3822474,-0.09939892,-0.6525121,-0.08749003,-0.4991997,0.15628974,-2.7866237,-0.008394602,-0.46239516,-0.113145776,2.585108,0.09649455,1.053755,0.09270695,0.019558769,0.020758208,-0.0046826317,-0.012895116,0.040316977,unknown
136,0.37891787,-0.05716819,-0.67044264,-0.6373355,-0.48474455,0.4498139,-2.7872396,0.01529161,-0.46099743,0.043770973,2.558398,-0.716633,1.0607266,0.13003144,0.019579967,0.020744588,-0.00750769,-0.00916007,0.040324554,unknown
137,0.37691483,-0.109889165,-0.6935135,-0.67796487,-0.4768701,0.16921751,-2.7853997,0.08814116,-0.45845103,0.07211221,2.531951,-0.712355,1.0580183,-0.1314672,0.019409355,0.02091611,-0.003998728,-0.01292877,0.040325463,unknown
138,0.37072358,-0.18848301,-0.7156252,-0.61723185,-0.47286266,0.09384955,-2.7891204,-0.15676342,-0.4590156,-0.013169568,2.5181816,-0.36692253,1.0573076,-0.07638118,0.019415904,0.020917177,-0.0032156338,-0.014056603,0.04033308,unknown
139,0.36963055,-0.0033883383,-0.7342012,-0.5184193,-0.4684024,0.14819005,-2.7849486,0.21036206,-0.45228085,0.18177551,2.490778,-0.72417796,1.0552227,-0.117228076,0.01944178,0.020901844,-0.004678987,-0.012467584,0.040343624,unknown
140,0.37194568,0.06491949,-0.7486117,-0.39209792,-0.4653861,0.08295502,-2.7731898,0.38798904,-0.44516158,0.18940297,2.4648206,-0.6860764,1.049024,-0.22822212,0.019407487,0.020942556,-0.004431232,-0.012875536,0.040350042,unknown
141,0.37166962,0.030860098,-0.7594268,-0.28670338,-0.45585668,0.3112055,-2.7640283,0.2327451,-0.44125828,0.103342414,2.4496996,-0.3900811,1.0558405,0.13065813,0.019472625,0.020887814,-0.0055832663,-0.01186328,0.04036044,unknown
142,0.37209713,-0.0013503223,-0.7678835,-0.2318683,-0.44719544,0.22689843,-2.7550957,0.26597583,-0.43745762,0.10430581,2.4308503,-0.49800682,1.0592673,0.039494283,0.019380767,0.020983161,-0.004993806,-0.012166252,0.04036393,unknown
143,0.37273717,0.065842494,-0.77689314,-0.23982808,-0.43635443,0.33809423,-2.7564056,-0.12608625,-0.4341537,0.0967062,2.4230132,-0.19616666,1.0700048,0.23894703,0.019470992,0.02090027,-0.006245271,-0.011240227,0.04037126,unknown
144,0.37579352,0.10242006,-0.78193617,-0.13031985,-0.4236353,0.3713095,-2.7545655,0.11493077,-0.4286655,0.14554499,2.4120986,-0.27046832,1.0819827,0.2733748,0.019397845,0.020977223,-0.0061703054,-0.0108760195,0.04037507,unknown
145,0.38083294,0.13987172,-0.7779221,0.17828603,-0.414876,0.23012567,-2.7434058,0.3692033,-0.42371827,0.12964241,2.4012017,-0.2725361,1.0886472,0.12931794,0.019315738,0.021063063,-0.004545256,-0.012731811,0.0403788,unknown
146,0.38548023,0.13837868,-0.7774877,-0.03408962,-0.40562305,0.2729011,-2.733723,0.27299774,-0.41878027,0.13420649,2.3873048,-0.3582934,1.0937306,0.08382842,0.019329848,0.021056214,-0.005441192,-0.011659189,0.040386062,unknown
147,0.38997188,0.14640716,-0.7739123,0.15174848,-0.3965272,0.26546726,-2.727201,0.15729086,-0.41515365,0.096580476,2.385227,-0.0322942,1.1038637,0.22471713,0.01934271,0.021046706,-0.0052269218,-0.012318811,0.040389415,unknown
148,0.39403844,0.16924727,-0.76731116,0.20908423,-0.3802802,0.51386523,-2.7231996,0.10344374,-0.41102713,0.1114892,2.383922,-0.007972032,1.1254221,0.53929025,0.019401602,0.02099494,-0.00677283,-0.010461211,0.04039654,unknown
149,0.39866728,0.104487665,-0.75821155,0.27534613,-0.36820677,0.30691457,-2.7195184,0.10805961,-0.4109569,-0.004976354,2.387521,0.11857958,1.1377243,0.28883794,0.019267403,0.021124676,-0.0051351553,-0.012025607,0.04039208,unknown
150,0.40126318,0.08834915,-0.7529931,0.11714348,-0.35562527,0.37264884,-2.719696,-0.022404138,-0.4101429,0.020001775,2.391008,0.11753265,1.1535919,0.38476706,0.019294567,0.021102566,-0.005257533,-0.011764196,0.040397134,unknown
151,0.4065125,0.2210033,-0.74758816,0.1567875,-0.33481887,0.6597759,-2.7142205,0.2159169,-0.40553638,0.12015339,2.385007,-0.1322714,1.1770692,0.5904126,0.019383645,0.021022104,-0.0070614293,-0.009986694,0.04040575,unknown
152,0.4147848,0.24360152,-0.73222315,0.53555566,-0.31659043,0.5068935,-2.7058961,0.22581314,-0.40328154,0.05245099,2.3937838,0.26536146,1.1988742,0.55019283,0.019316932,0.021083936,-0.006270216,-0.011398709,0.04040087,unknown
153,0.42247579,0.22124526,-0.70627934,0.8204092,-0.3021462,0.40459013,-2.6983395,0.19686621,-0.40351027,-0.01727638,2.4143066,0.58683056,1.220504,0.5473698,0.019279582,0.02111948,-0.005681654,-0.011991558,0.04039906,unknown
154,0.42945707,0.24151428,-0.6872391,0.47993553,-0.28240466,0.6045844,-2.6960766,0.04443563,-0.4015654,0.05266971,2.4219952,0.22774234,1.2462908,0.6592506,0.019317238,0.021085352,-0.007164364,-0.009488527,0.04040259,unknown
155,0.43609524,0.16911677,-0.6686612,0.5522168,-0.26551005,0.45654914,-2.693856,0.07323723,-0.40228832,-0.03058441,2.4353392,0.38487908,1.267383,0.5334292,0.019226048,0.021172332,-0.0050555505,-0.011863495,0.04039838,unknown
156,0.44343027,0.28272048,-0.6484972,0.59607685,-0.24363601,0.6833616,-2.6898403,0.12959108,-0.399424,0.0702783,2.446025,0.32056695,1.2981335,0.7952137,0.01934774,0.021058263,-0.006643499,-0.01035727,0.040406004,unknown
157,0.4489908,0.15635064,-0.6322837,0.44672337,-0.21979412,0.6725618,-2.6919518,-0.10316255,-0.40034968,-0.031789035,2.4598248,0.38851345,1.3308985,0.8584908,0.019250544,0.021150624,-0.0064864047,-0.010134232,0.04040117,unknown
158,0.45570305,0.22815384,-0.61794794,0.40044308,-0.1950797,0.7236582,-2.6915472,0.055164937,-0.3990345,0.028635645,2.4637716,0.12642148,1.3615723,0.7954849,0.01926556,0.021143047,-0.0059015816,-0.010437471,0.040408608,unknown
159,0.4610734,0.14458607,-0.59968925,0.57393825,-0.17262113,0.62474066,-2.6904724,0.021532737,-0.4016722,-0.08715833,2.4794858,0.44782802,1.3914002,0.77816033,0.019212915,0.021193689,-0.005066509,-0.0118469,0.040406603,unknown
160,0.4670038,0.2145559,-0.578949,0.60760427,-0.14859088,0.71372014,-2.687004,0.12343678,-0.40284932,-0.04492809,2.4898663,0.30262458,1.422285,0.8037699,0.019263621,0.021149812,-0.0059763645,-0.010598801,0.04041343,unknown
161,0.47466037,0.24476954,-0.56141794,0.4766401,-0.1234222,0.72588825,-2.6823103,0.15255414,-0.40109044,0.04092692,2.492535,0.084493965,1.4538338,0.8203396,0.019237565,0.021178732,-0.0066492106,-0.009518147,0.040416297,unknown
162,0.48297873,0.21539254,-0.54768556,0.3686626,-0.10306954,0.55102766,-2.676899,0.1726933,-0.39925507,0.0415937,2.4924989,0.00701679,1.4764179,0.57307667,0.019148769,0.021269545,-0.0053029573,-0.0107775405,0.040418312,unknown
163,0.48605826,0.03470218,-0.5264665,0.69008404,-0.088979304,0.3584726,-2.6703389,0.1782038,-0.40569222,-0.19799903,2.5104132,0.5067921,1.4937489,0.43488908,0.019094558,0.02132264,-0.0033502993,-0.013747333,0.040417198,unknown
164,0.48810706,0.11359236,-0.50183946,0.7134136,-0.0722933,0.51070577,-2.6613758,0.27644643,-0.40690985,-0.04676656,2.5207868,0.30180597,1.519645,0.66630864,0.019212518,0.02121355,-0.0047771363,-0.0116860885,0.040426068,unknown
165,0.495272,0.191692,-0.47841296,0.64875126,-0.059836574,0.33798465,-2.6482043,0.4172338,-0.4052402,0.03278407,2.5248375,0.12306926,1.5319744,0.2873913,0.01917016,0.021254022,-0.005790235,-0.010416269,0.040424183,unknown
166,0.4978696,0.11231425,-0.46947145,0.1567824,-0.0433261,0.49195734,-2.6471329,-0.04675821,-0.4079246,-0.08108796,2.5283337,0.09398584,1.5545427,0.5763778,0.019164415,0.021296516,-0.0040462064,-0.011664451,0.04046093,unknown
167,0.5013204,0.0911748,-0.45766452,0.3924995,-0.028300207,0.41643515,-2.64418,0.11330423,-0.41154587,-0.11580085,2.5355008,0.21332176,1.5739592,0.4890741,0.019174011,0.021293523,-0.004353813,-0.012015905,0.040467534,unknown
168,0.5037522,0.07088494,-0.44212583,0.45758808,-0.014292143,0.39376968,-2.6371727,0.22523107,-0.41481587,-0.10475827,2.5405977,0.1521995,1.5927187,0.47087604,0.019172838,0.02129767,-0.0047053946,-0.011454007,0.04047051,unknown
169,0.5057146,0.057970818,-0.42700535,0.42641482,-0.0014095799,0.3619275,-2.62961,0.21988612,-0.4182791,-0.10945647,2.5450478,0.13133362,1.6101711,0.43517357,0.019159863,0.02131274,-0.004750868,-0.011363142,0.040472604,unknown
170,0.50731784,0.047852427,-0.41291836,0.39684504,0.010436427,0.33282477,-2.6222544,0.21389502,-0.42186403,-0.112666555,2.5488539,0.11343372,1.6264113,0.4017879,0.019152008,0.02132318,-0.004606732,-0.011488473,0.04047519,unknown
171,0.50863665,0.03963055,-0.3998181,0.36866125,0.021327512,0.30595222,-2.6151435,0.20670725,-0.4255169,-0.11438898,2.5521016,0.097879566,1.6415195,0.37061828,0.019146387,0.021331267,-0.0045073256,-0.011574219,0.040477656,unknown
172,0.5097259,0.032892328,-0.3876535,0.34200236,0.031336,0.2811306,-2.6083095,0.19863874,-0.42919037,-0.114797466,2.5548651,0.084351495,1.6555713,0.34151477,0.01914189,0.021338148,-0.004434992,-0.011629505,0.04048004,unknown
173,0.5096714,-0.010666449,-0.3772476,0.29249042,0.040138476,0.2419506,-2.6047761,0.07958528,-0.43542597,-0.18564975,2.5609148,0.17176944,1.6687323,0.31874615,0.019114312,0.021366237,-0.0040978463,-0.012008105,0.040480547,unknown
174,0.5099036,0.02639194,-0.3678111,0.25362244,0.04946345,0.27174076,-2.5988634,0.20262466,-0.43858936,-0.09925689,2.5585663,-0.055994693,1.6817809,0.31356174,0.019150032,0.021336922,-0.0040587187,-0.011797827,0.040486954,unknown
175,0.51037407,0.02316922,-0.35424656,0.43044955,0.058926325,0.27068615,-2.5900676,0.26002526,-0.44291368,-0.1366897,2.564099,0.1674847,1.6966307,0.36378962,0.019178402,0.021308439,-0.0051462855,-0.011194729,0.040486842,unknown
176,0.51051664,0.043097325,-0.33715,0.5024236,0.07147585,0.37174824,-2.5768683,0.40447888,-0.44756413,-0.14426026,2.5632958,-0.012081446,1.7147098,0.4529529,0.019200888,0.021290619,-0.005319,-0.010757157,0.040491506,unknown
177,0.5118192,0.064262085,-0.3218927,0.41844037,0.08514818,0.39438096,-2.5642612,0.35728204,-0.4521138,-0.1397012,2.5604217,-0.07481687,1.7348145,0.50925225,0.019170398,0.02132349,-0.0057273735,-0.0101757245,0.04049389,unknown
178,0.51329243,0.065608054,-0.30472028,0.5129898,0.099739395,0.4176634,-2.5496256,0.43279505,-0.45784485,-0.17596261,2.5587835,-0.036030434,1.7571512,0.57099485,0.01917105,0.021327257,-0.0059049036,-0.010142789,0.04049831,unknown
179,0.52072954,0.0720814,-0.30974627,-0.321141,0.096709564,-0.15298021,-2.5610754,-0.46148914,-0.45985273,-0.059828017,2.5672143,0.2038542,1.7464033,-0.3444693,0.018852435,0.021640638,-0.0036306232,-0.01119211,0.04049307,unknown
180,0.52209693,-0.014857806,-0.32231203,-0.37864357,0.08951137,-0.22454415,-2.5769706,-0.43380848,-0.4584288,0.02964516,2.5719109,0.12804434,1.7343335,-0.38215175,0.018930389,0.021565858,-0.00039442373,-0.015193534,0.040496245,unknown
181,0.51928824,-0.22767034,-0.29926932,0.9290496,0.075946175,-0.45288017,-2.5563002,0.803833,-0.46425724,-0.17675756,2.587135,0.4616488,1.7119,-0.6768489,0.01907968,0.021415025,-0.0057062944,-0.011333251,0.040494703,unknown
182,0.50948775,-0.3345736,-0.2667375,0.9438959,0.060981464,-0.44119006,-2.5299165,0.7347127,-0.4712587,-0.18860725,2.6029768,0.43667424,1.6916469,-0.60985994,0.019032585,0.021445015,-0.00072308525,-0.0156889,0.0404776,unknown
183,0.49992624,-0.3091229,-0.23335649,0.9567651,0.044879917,-0.46211138,-2.5023887,0.8066226,-0.4730324,-0.041878544,2.6166966,0.38383535,1.6690116,-0.6798679,0.01907692,0.021394404,-0.00074867846,-0.015487689,0.040471323,unknown
184,0.49147725,-0.27011144,-0.20134598,0.9071776,0.028693898,-0.45579797,-2.4743414,0.8077981,-0.46992078,0.09445798,2.625996,0.2596219,1.6429173,-0.7759427,0.01910774,0.021355309,-0.00031698565,-0.015903197,0.04046305,unknown
185,0.48211828,-0.27620173,-0.16589756,1.0456843,0.0156452,-0.35958505,-2.4418743,0.9508334,-0.46789208,0.060956836,2.6360784,0.28902113,1.6220443,-0.6316386,0.019184329,0.021271065,-0.0009964942,-0.015568119,0.040455393,unknown
186,0.47491643,-0.23195115,-0.12894084,1.059858,0.002864507,-0.3549088,-2.4065046,1.0272542,-0.4621888,0.16571417,2.6430576,0.19898571,1.59681,-0.75386894,0.019199112,0.021246092,-0.0015673237,-0.014863808,0.040445205,unknown
187,0.4686113,-0.20766017,-0.093932375,0.9860692,-0.009242356,-0.3331014,-2.3713262,1.0096939,-0.44984582,0.350793,2.646945,0.11148314,1.5687945,-0.8314774,0.01921114,0.021223737,-0.0012442389,-0.015094774,0.040434875,unknown
188,0.46145406,-0.2225956,-0.06299596,0.85430837,-0.018876515,-0.2614703,-2.3377802,0.95787346,-0.4379839,0.3294878,2.6469378,0.0047130715,1.543074,-0.7633565,0.019232703,0.021193653,-0.00088364875,-0.015417037,0.04042636,unknown
189,0.45540112,-0.20176625,-0.028122954,1.0272111,-0.027946008,-0.24726307,-2.2958834,1.2510331,-0.42257512,0.42449415,2.6437936,-0.07356604,1.5151832,-0.82367355,0.019281887,0.021136388,-0.0020747539,-0.0146482,0.040418275,unknown
190,0.4481828,-0.22669746,0.006715972,0.9982931,-0.03513507,-0.19394301,-2.2553394,1.1358291,-0.4078505,0.4084021,2.6449056,0.03827321,1.4897096,-0.7572991,0.019292964,0.021114469,-0.0018443572,-0.0149412025,0.040407434,unknown
191,0.44083148,-0.23056751,0.04537964,1.1270331,-0.040443912,-0.13942225,-2.2080908,1.3939521,-0.38633767,0.5910233,2.639575,-0.13734868,1.459309,-0.8922404,0.01932909,0.021072809,-0.0020342849,-0.014824289,0.0404019,unknown
192,0.4330636,-0.24906245,0.081183635,0.99584615,-0.044677738,-0.11294836,-2.1625,1.2941785,-0.36358798,0.6232737,2.633097,-0.17571397,1.425449,-0.9851929,0.01931709,0.021077117,-0.0024966176,-0.014162753,0.04039421,unknown
193,0.42501366,-0.252246,0.11726265,1.0511153,-0.048701193,-0.11060082,-2.1169076,1.291316,-0.34925455,0.3879147,2.6287777,-0.10872785,1.4011904,-0.7186667,0.019326482,0.021064302,-0.0024488266,-0.014646306,0.040390782,unknown
194,0.41564065,-0.2902146,0.15272848,1.0070752,-0.051073987,-0.065520905,-2.0725224,1.2656709,-0.33107945,0.49462503,2.6225233,-0.16596976,1.3728007,-0.8324376,0.019330956,0.021058308,-0.0024718046,-0.014381774,0.040389262,unknown
195,0.40712473,-0.22454302,0.15947683,0.029319538,-0.053817444,-0.07533264,-2.0718985,-0.17560412,-0.3305934,0.019235054,2.6274242,0.11980739,1.3685671,-0.1615178,0.0193047,0.021120708,0.0008453694,-0.016531551,0.04042541,unknown
196,0.40018985,-0.17251939,0.160569,0.021585263,-0.05496961,-0.026177201,-2.0755732,-0.074705526,-0.3288992,0.03889552,2.6292865,0.065726094,1.3677489,-0.07248686,0.0194162,0.021024672,-0.0016204219,-0.014128478,0.040440872,unknown
197,0.39525187,-0.13907053,0.15958157,-0.04119541,-0.056300405,-0.0397136,-2.0803533,-0.13073447,-0.32489598,0.1051779,2.631887,0.08341982,1.361741,-0.217525,0.019418905,0.021018205,-0.0032057543,-0.012699295,0.04043711,unknown
198,0.3912936,-0.10294813,0.15870135,-0.020294111,-0.05757874,-0.035331037,-2.0841627,-0.09794092,-0.32382655,0.022293998,2.6339128,0.070442095,1.3615215,-0.056069113,0.019435778,0.02100054,-0.0028617063,-0.0131709175,0.04043632,unknown
199,0.388188,-0.07576778,0.16074021,0.080275394,-0.058314957,-0.018983504,-2.0848162,-0.0034365074,-0.32445526,-0.028407764,2.638333,0.14104696,1.3615665,-0.047540434,0.019457005,0.020976339,-0.0033109137,-0.013045143,0.040433343,unknown
200,0.38616034,-0.053524174,0.16006996,-0.04184377,-0.05901809,-0.022059849,-2.0890903,-0.13009442,-0.32364947,0.019576088,2.6391122,0.029767048,1.3605317,-0.07854606,0.01942706,0.021004938,-0.0035146656,-0.012393194,0.040432,unknown
201,0.38354987,-0.07448503,0.16059762,0.029638203,-0.0587793,0.0038359647,-2.0916026,-0.05194138,-0.3191033,0.11818477,2.6425827,0.11307232,1.3544114,-0.22108902,0.019435147,0.02099501,-0.0036870798,-0.012560843,0.04043016,unknown
202,0.38177785,-0.041098535,0.15699187,-0.13588402,-0.058920477,-0.0045756106,-2.099056,-0.22628134,-0.31894693,0.0008013116,2.644009,0.046939187,1.3541942,-0.056164186,0.019421408,0.021007856,-0.002987689,-0.012880149,0.040429264,unknown
203,0.3807671,-0.035476644,0.15402745,-0.07753322,-0.059755784,-0.028460158,-2.1041002,-0.11767807,-0.3179054,0.020240813,2.6458802,0.06761671,1.3504688,-0.15399146,0.019420702,0.021006595,-0.003542658,-0.012605359,0.040427297,unknown
204,0.3790122,-0.045500137,0.15775417,0.1470284,-0.059545163,0.004391298,-2.0987928,0.19804153,-0.3151517,0.0660645,2.6442828,-0.022593131,1.3472314,-0.13976775,0.019448828,0.02097804,-0.0032497626,-0.013214015,0.040426865,unknown
205,0.37777755,-0.027006177,0.15990183,0.050640967,-0.059402507,0.0031310362,-2.0979478,-0.0024611696,-0.31467697,0.008363161,2.645312,0.03988374,1.3468702,-0.059387155,0.01943521,0.02099077,-0.0033339816,-0.01286896,0.04042598,unknown
206,0.37653878,-0.037191972,0.16088289,0.021512643,-0.059006803,0.0070214765,-2.0990076,-0.023441304,-0.31183854,0.07244712,2.6463509,0.04187889,1.3407909,-0.21944164,0.019425219,0.021000123,-0.0035643314,-0.012577409,0.04042534,unknown
207,0.37580642,-0.017910669,0.15965395,-0.053425394,-0.059171632,-0.0069727125,-2.1016936,-0.07317562,-0.31120417,0.012313264,2.646215,0.008177193,1.3403442,-0.062880784,0.01942273,0.02100224,-0.0031500293,-0.012872306,0.040424973,unknown
208,0.3750725,-0.017378619,0.15888596,-0.013774881,-0.059090625,0.00038792356,-2.1033764,-0.037092563,-0.3104193,0.014245607,2.647145,0.04171787,1.3394738,-0.07464743,0.019434588,0.020989703,-0.0032350887,-0.013028687,0.04042429,unknown
209,0.37445548,-0.014246474,0.15763515,-0.040992733,-0.05885102,0.0043305457,-2.105792,-0.06559442,-0.30942222,0.022179939,2.6470454,0.010097187,1.3379418,-0.09309511,0.01943148,0.020992339,-0.003276131,-0.012877552,0.040423818,unknown
210,0.3745227,0.0026173415,0.1573335,0.004415161,-0.0594499,-0.01924849,-2.1082811,-0.06961878,-0.3110547,-0.05382977,2.6508546,0.12219695,1.3395926,-0.0040509664,0.019434815,0.020987896,-0.003325988,-0.013019155,0.04042271,unknown
211,0.3743571,-0.0060782116,0.15381905,-0.12165502,-0.059970602,-0.018407997,-2.1165242,-0.25289145,-0.31169975,-0.020960664,2.6554005,0.13498339,1.339868,-0.043185145,0.019418076,0.02100386,-0.0033256423,-0.012705069,0.040421933,unknown
212,0.37339047,-0.037260376,0.15131545,-0.06274182,-0.06019294,-0.012560471,-2.1226485,-0.15017426,-0.3088371,0.07274965,2.6594198,0.12648703,1.3332919,-0.23455289,0.019420201,0.020999644,-0.0034114253,-0.0127818305,0.040419847,unknown
213,0.37368733,-0.000114121474,0.1630917,0.52298754,-0.064055346,-0.11522889,-2.1272595,-0.1930602,-0.3191013,-0.30835342,2.693973,0.99238557,1.3432006,0.23438224,0.019451115,0.020961016,-0.0030760618,-0.015168694,0.04041213,unknown
214,0.37243325,-0.039588407,0.17566167,0.2775745,-0.06526297,-0.03954038,-2.1273108,0.064652935,-0.31900173,0.0069351294,2.6943514,0.008116409,1.3399782,-0.14219865,0.019416245,0.021001352,-0.0035055291,-0.011391999,0.040417597,unknown
215,0.37134346,-0.023073245,0.18069574,0.10973128,-0.06650483,-0.03425073,-2.1303093,-0.092409976,-0.3212842,-0.068101496,2.69808,0.11288713,1.3433281,0.042214226,0.019443018,0.020972895,-0.0029505533,-0.012841047,0.040415913,unknown
216,0.36910117,-0.069605194,0.17981012,-0.06936145,-0.06618043,0.007305539,-2.1379533,-0.21319243,-0.31742436,0.107461564,2.7017057,0.09909713,1.3372588,-0.17043355,0.026261259,0.027996767,0.20003091,0.20004939,0.054258026,unknown
217,0.36730692,-0.046426702,0.17835356,-0.04591898,-0.06614021,0.0024739136,-2.1415584,-0.077592775,-0.31595087,0.039971296,2.702913,0.034499213,1.3356127,-0.046269704,0.03253562,0.033710275,0.15001798,0.12631957,0.0662459,unknown
218,0.36607724,-0.034224886,0.1758051,-0.08649951,-0.06619034,-0.0014814204,-2.1437898,-0.053465717,-0.3144831,0.04121875,2.7006907,-0.062240906,1.3335986,-0.056032218,0.036152367,0.036758583,0.07733462,0.06509513,0.07291095,unknown
219,0.36511928,-0.025209349,0.17434584,-0.031201195,-0.06628583,-0.001934312,-2.1439502,0.002352726,-0.3133318,0.031228334,2.699927,-0.020111522,1.3333784,-0.0061710556,0.038018614,0.038327806,0.039836902,0.033575997,0.07634642,unknown
220,0.36375743,-0.034315467,0.17532784,0.041205958,-0.0654303,0.02490178,-2.141112,0.09170242,-0.31050062,0.077724285,2.698896,-0.027404454,1.330455,-0.08118765,0.038981088,0.039136045,0.020500518,0.01733164,0.07811713,unknown
221,0.36384907,0.005423592,0.17614836,0.024803046,-0.06597202,-0.013877595,-2.140189,0.008851058,-0.31199023,-0.042265642,2.7008314,0.053650144,1.3333058,0.07962794,0.039474938,0.039554697,0.010569369,0.00893431,0.079029635,unknown
222,0.36303228,-0.026352,0.17657001,0.013505183,-0.06536827,0.015457943,-2.1410058,-0.028519327,-0.30906484,0.08314782,2.7016768,0.022183271,1.3303828,-0.08193571,0.039728153,0.039771676,0.0054276106,0.004621112,0.079499826,unknown
223,0.36308596,0.0056388155,0.17772523,0.039629515,-0.065799445,-0.010386879,-2.141246,-0.0077464753,-0.31112066,-0.058715463,2.7036185,0.05421853,1.3323029,0.053750485,0.03986116,0.03988116,0.002827623,0.002352531,0.07974232,unknown
224,0.36307397,0.0048068212,0.1773344,-0.026800888,-0.0654901,0.010297148,-2.1426418,-0.038499184,-0.31082162,0.010247914,2.702355,-0.03625098,1.3337562,0.03968721,0.03992893,0.039938353,0.0014913215,0.0011845592,0.07986729,unknown
225,0.36294103,-0.0053113797,0.1809439,0.1278318,-0.06480907,0.01807784,-2.1368182,0.19799313,-0.30830508,0.06805831,2.7004952,-0.04859438,1.3320324,-0.04832611,0.039965607,0.039966207,0.00064908655,0.0007190004,0.07993181,unknown
