timestamp,scenario,run_id,example_type,imu_accel_x,imu_accel_y,lidar_left,imu_angular_z,lidar_front_right,lidar_right,odom_linear_x,lidar_front,odom_angular_z,cmd_linear_x,distance_travelled,pos_x,pos_y,action_label
2026-07-09 12:28:34.987,pillar_wall_bad,pill_bad_02,negative,-0.1629,0.0958,2.632,-0.0405,3.165,1.216,0.0,5.873,-0.0,0.0,0.0,-4.0185,-4.7937,idle
2026-07-09 12:28:35.086,pillar_wall_bad,pill_bad_02,negative,-0.0958,0.4694,2.632,-0.0586,3.146,1.21,0.0,5.868,-0.0,0.0,0.0,-4.0185,-4.7937,searching_wall
2026-07-09 12:28:35.186,pillar_wall_bad,pill_bad_02,negative,0.4982,-1.2837,2.632,2.6877,3.146,1.21,0.0003,5.868,0.0027,0.0,0.0011,-4.0193,-4.793,searching_wall
2026-07-09 12:28:35.286,pillar_wall_bad,pill_bad_02,negative,0.0192,0.0671,2.632,0.5635,3.146,1.21,0.0008,5.868,0.0101,0.0,0.0044,-4.0216,-4.7906,searching_wall
2026-07-09 12:28:35.386,pillar_wall_bad,pill_bad_02,negative,-0.0862,-0.4119,2.632,0.3025,3.146,1.21,-0.0001,5.868,0.017,0.0,0.0108,-4.0267,-4.7867,searching_wall
2026-07-09 12:28:35.486,pillar_wall_bad,pill_bad_02,negative,0.0096,0.0287,2.639,0.1449,3.514,1.258,-0.0008,5.413,0.0248,0.0,0.019,-4.034,-4.7827,searching_wall
2026-07-09 12:28:35.586,pillar_wall_bad,pill_bad_02,negative,0.4982,-1.2837,2.652,2.6877,4.073,1.315,-0.002,4.988,0.0356,0.0,0.0308,-4.0449,-4.7779,searching_wall
2026-07-09 12:28:35.687,pillar_wall_bad,pill_bad_02,negative,0.1437,0.0287,2.671,0.0032,4.376,1.352,-0.0017,4.789,0.0307,0.0,0.0386,-4.0522,-4.7749,searching_wall
2026-07-09 12:28:35.786,pillar_wall_bad,pill_bad_02,negative,0.4982,-1.2837,2.652,2.6877,4.723,1.378,-0.0007,4.643,0.0158,0.0,0.0588,-4.0709,-4.767,searching_wall
2026-07-09 12:28:35.886,pillar_wall_bad,pill_bad_02,negative,0.4694,0.0383,2.655,-0.1459,4.852,1.411,-0.0006,4.522,0.0208,0.0,0.0747,-4.0854,-4.7605,searching_wall
2026-07-09 12:28:35.986,pillar_wall_bad,pill_bad_02,negative,0.0192,0.6514,2.632,0.0341,4.855,1.45,-0.0002,4.43,0.0183,0.0,0.0901,-4.0995,-4.7542,searching_wall
2026-07-09 12:28:36.086,pillar_wall_bad,pill_bad_02,negative,-0.1629,-0.2395,2.608,-0.0245,4.878,1.469,-0.0001,4.424,0.0134,0.0,0.1052,-4.1132,-4.748,searching_wall
2026-07-09 12:28:36.186,pillar_wall_bad,pill_bad_02,negative,-0.1724,-0.1533,2.591,-0.0895,4.879,1.469,-0.0001,4.383,0.0189,0.0,0.1201,-4.127,-4.7421,searching_wall
2026-07-09 12:28:36.286,pillar_wall_bad,pill_bad_02,negative,-0.0766,0.1533,2.576,-0.0426,4.885,1.491,-0.0002,4.358,0.0186,0.0,0.1334,-4.1393,-4.737,searching_wall
2026-07-09 12:28:36.386,pillar_wall_bad,pill_bad_02,negative,-0.1533,0.5461,2.543,-0.0383,4.903,1.517,-0.0001,4.313,0.0207,0.0,0.1497,-4.1545,-4.7311,searching_wall
2026-07-09 12:28:36.486,pillar_wall_bad,pill_bad_02,negative,0.0192,0.661,2.535,0.0522,4.915,1.542,-0.0001,4.281,0.0197,0.0,0.1646,-4.1685,-4.7259,searching_wall
2026-07-09 12:28:36.586,pillar_wall_bad,pill_bad_02,negative,0.0575,0.1437,2.513,0.0181,4.919,1.558,-0.0001,4.26,0.0114,0.0,0.1795,-4.1826,-4.7209,searching_wall
2026-07-09 12:28:36.686,pillar_wall_bad,pill_bad_02,negative,-0.0479,0.4694,2.495,-0.0309,4.933,1.571,-0.0001,4.236,0.0191,0.0,0.1879,-4.1906,-4.7182,searching_wall
2026-07-09 12:28:36.786,pillar_wall_bad,pill_bad_02,negative,-0.115,-0.2682,2.482,0.0096,4.957,1.599,-0.0,4.195,0.0186,0.0,0.2066,-4.2084,-4.7124,searching_wall
2026-07-09 12:28:36.886,pillar_wall_bad,pill_bad_02,negative,-0.2491,0.4694,2.452,0.0149,4.965,1.623,-0.0,4.154,0.0145,0.0,0.2228,-4.224,-4.7077,searching_wall
2026-07-09 12:28:36.986,pillar_wall_bad,pill_bad_02,negative,0.4982,-1.2837,2.432,2.6877,5.029,1.649,0.0001,4.099,0.0197,0.0,0.2373,-4.238,-4.7036,searching_wall
2026-07-09 12:28:37.086,pillar_wall_bad,pill_bad_02,negative,-0.0766,0.3832,2.4,0.0415,5.108,1.665,0.0001,4.09,0.0171,0.0,0.2541,-4.2544,-4.6992,searching_wall
2026-07-09 12:28:37.186,pillar_wall_bad,pill_bad_02,negative,0.1245,0.5269,2.389,-0.0138,5.195,1.69,0.0,4.047,0.0163,0.0,0.2675,-4.2675,-4.6959,searching_wall
2026-07-09 12:28:37.286,pillar_wall_bad,pill_bad_02,negative,-0.0671,0.3545,2.371,-0.0256,5.249,1.712,0.0,4.014,0.0178,0.0,0.2812,-4.2809,-4.6927,searching_wall
2026-07-09 12:28:37.386,pillar_wall_bad,pill_bad_02,negative,-0.115,0.0479,2.349,-0.0394,5.213,1.724,0.0,3.977,0.0131,0.0,0.2986,-4.2981,-4.689,searching_wall
2026-07-09 12:28:37.486,pillar_wall_bad,pill_bad_02,negative,-0.0766,-0.0192,2.317,0.0075,5.269,1.755,0.0,3.938,0.0131,0.0,0.3134,-4.3129,-4.6861,searching_wall
2026-07-09 12:28:37.586,pillar_wall_bad,pill_bad_02,negative,-0.2108,0.3545,2.307,0.0692,65.533,1.77,0.0,3.896,0.0139,0.0,0.3261,-4.3255,-4.6838,searching_wall
2026-07-09 12:28:37.686,pillar_wall_bad,pill_bad_02,negative,-0.0287,0.5556,2.284,-0.0575,65.533,1.8,0.0001,3.86,0.0194,0.0,0.3436,-4.3431,-4.681,searching_wall
2026-07-09 12:28:37.786,pillar_wall_bad,pill_bad_02,negative,0.0671,-0.0671,2.268,0.0256,65.533,1.815,0.0001,3.826,0.0175,0.0,0.3547,-4.3542,-4.6793,searching_wall
2026-07-09 12:28:37.886,pillar_wall_bad,pill_bad_02,negative,0.0479,0.1916,2.231,0.032,65.533,1.847,0.0001,3.791,0.0179,0.0,0.3733,-4.3731,-4.6769,searching_wall
2026-07-09 12:28:37.986,pillar_wall_bad,pill_bad_02,negative,0.2682,1.2742,2.221,0.0863,65.533,1.858,-0.0002,3.765,0.0171,0.0,0.3866,-4.3866,-4.6755,searching_wall
2026-07-09 12:28:38.086,pillar_wall_bad,pill_bad_02,negative,-0.2491,-0.0479,2.19,-0.1395,65.533,1.873,-0.0002,3.763,0.0133,0.0,0.4008,-4.4011,-4.6743,searching_wall
2026-07-09 12:28:38.186,pillar_wall_bad,pill_bad_02,negative,-0.2108,-0.297,2.184,-0.0607,65.533,1.9,-0.0,3.714,0.0196,0.0,0.4165,-4.4172,-4.6732,searching_wall
2026-07-09 12:28:38.286,pillar_wall_bad,pill_bad_02,negative,0.1437,0.7377,2.153,0.066,65.533,1.923,0.0001,3.658,0.0122,0.0,0.4308,-4.4319,-4.6724,searching_wall
2026-07-09 12:28:38.386,pillar_wall_bad,pill_bad_02,negative,-0.4215,0.3161,2.132,0.0277,65.533,1.945,0.0001,3.63,0.012,0.0,0.443,-4.4444,-4.6718,searching_wall
2026-07-09 12:28:38.486,pillar_wall_bad,pill_bad_02,negative,0.182,1.5711,2.114,0.0767,65.533,1.959,0.0002,3.585,0.0175,0.0,0.4598,-4.4617,-4.6712,searching_wall
2026-07-09 12:28:38.586,pillar_wall_bad,pill_bad_02,negative,0.4982,-1.2837,2.091,2.6877,65.533,1.983,0.0001,3.543,0.0133,0.0,0.4721,-4.4744,-4.671,searching_wall
2026-07-09 12:28:38.686,pillar_wall_bad,pill_bad_02,negative,-0.2203,0.1533,2.073,-0.0852,65.533,2.004,0.0001,3.505,0.0177,0.0,0.489,-4.4919,-4.671,searching_wall
2026-07-09 12:28:38.786,pillar_wall_bad,pill_bad_02,negative,-0.479,0.182,2.057,0.0288,65.533,2.026,0.0001,3.45,0.0197,0.0,0.4997,-4.503,-4.6712,searching_wall
2026-07-09 12:28:38.886,pillar_wall_bad,pill_bad_02,negative,0.0383,1.1496,2.05,0.0,65.533,2.051,0.0001,3.422,0.0128,0.0,0.5175,-4.5215,-4.6719,searching_wall
2026-07-09 12:28:38.986,pillar_wall_bad,pill_bad_02,negative,0.1533,0.4407,2.022,0.0149,65.533,2.06,0.0001,3.385,0.0188,0.0,0.5328,-4.5374,-4.6729,searching_wall
2026-07-09 12:28:39.086,pillar_wall_bad,pill_bad_02,negative,0.4982,-1.2837,2.01,2.6877,65.533,2.084,0.0,3.322,0.013,0.0,0.5441,-4.5492,-4.6738,searching_wall
2026-07-09 12:28:39.186,pillar_wall_bad,pill_bad_02,negative,-0.0096,-0.2682,1.995,-0.0511,65.533,2.111,0.0,3.295,0.0124,0.1,0.5599,-4.5657,-4.6753,approaching_wall
2026-07-09 12:28:39.286,pillar_wall_bad,pill_bad_02,negative,0.0766,-0.6706,1.971,-0.4368,65.533,2.142,0.0007,3.268,0.0234,0.1,0.576,-4.5826,-4.677,approaching_wall
2026-07-09 12:28:39.386,pillar_wall_bad,pill_bad_02,negative,-0.1245,-0.7281,1.937,-0.4815,65.533,2.164,0.0022,3.203,0.0196,0.1,0.5938,-4.6009,-4.678,approaching_wall
2026-07-09 12:28:39.486,pillar_wall_bad,pill_bad_02,negative,0.4982,-1.2837,1.898,2.6877,65.533,2.2,0.0059,3.164,0.027,0.1,0.6208,-4.6284,-4.6778,approaching_wall
2026-07-09 12:28:39.586,pillar_wall_bad,pill_bad_02,negative,-0.6323,1.552,1.866,-0.1257,65.533,2.246,0.0066,2.536,0.0267,0.1,0.6447,-4.6525,-4.6766,approaching_wall
2026-07-09 12:28:39.686,pillar_wall_bad,pill_bad_02,negative,-0.479,-0.0862,1.829,-0.1395,65.533,2.289,0.005,2.397,0.0172,0.1,0.6657,-4.6735,-4.6751,approaching_wall
2026-07-09 12:28:39.786,pillar_wall_bad,pill_bad_02,negative,0.4982,-1.2837,1.798,2.6877,65.533,2.315,0.0055,2.342,0.0177,0.1,0.6892,-4.6972,-4.6736,approaching_wall
2026-07-09 12:28:39.887,pillar_wall_bad,pill_bad_02,negative,0.4982,-1.2837,1.754,2.6877,65.533,2.348,0.0055,2.29,0.0163,0.1,0.7121,-4.7202,-4.6724,approaching_wall
2026-07-09 12:28:39.986,pillar_wall_bad,pill_bad_02,negative,-0.115,-0.2108,1.721,-0.0128,65.533,2.392,0.0057,2.244,0.0161,0.1,0.7378,-4.7461,-4.6715,approaching_wall
2026-07-09 12:28:40.086,pillar_wall_bad,pill_bad_02,negative,-0.0192,-0.2491,1.68,-0.017,65.533,2.408,0.0056,2.194,0.0167,0.1,0.7574,-4.7659,-4.671,approaching_wall
2026-07-09 12:28:40.186,pillar_wall_bad,pill_bad_02,negative,0.0,-0.7185,1.64,0.0181,9.147,2.475,0.0053,2.104,0.0172,0.1,0.7847,-4.7935,-4.6709,approaching_wall
2026-07-09 12:28:40.286,pillar_wall_bad,pill_bad_02,negative,0.1437,0.6131,1.625,0.0021,65.533,2.5,0.0055,2.048,0.0151,0.1,0.8021,-4.8112,-4.6712,approaching_wall
2026-07-09 12:28:40.386,pillar_wall_bad,pill_bad_02,negative,0.4982,-1.2837,1.575,2.6877,65.533,2.55,0.0084,1.97,0.0244,0.1,0.8291,-4.8386,-4.6721,approaching_wall
2026-07-09 12:28:40.486,pillar_wall_bad,pill_bad_02,negative,-0.4407,0.6802,1.543,0.0128,65.533,2.594,0.009,1.889,0.025,0.1,0.852,-4.862,-4.6734,approaching_wall
2026-07-09 12:28:40.586,pillar_wall_bad,pill_bad_02,negative,-0.5748,0.2012,1.502,0.0543,65.533,2.637,0.0086,1.82,0.0257,0.1,0.8777,-4.8882,-4.6754,approaching_wall
2026-07-09 12:28:40.686,pillar_wall_bad,pill_bad_02,negative,0.0862,-0.5461,1.387,-0.049,65.533,2.687,0.0086,1.755,0.0219,0.1,0.9006,-4.9116,-4.6776,approaching_wall
2026-07-09 12:28:40.786,pillar_wall_bad,pill_bad_02,negative,19.6104,-2.5675,1.465,-0.2748,11.406,2.727,0.0097,1.671,-0.0137,0.1,0.9154,-4.9267,-4.6792,approaching_wall
2026-07-09 12:28:40.886,pillar_wall_bad,pill_bad_02,negative,-0.3736,-0.7281,1.485,-0.5252,65.533,2.842,0.0055,1.538,0.0032,0.1,0.9413,-4.953,-4.6808,approaching_wall
2026-07-09 12:28:40.986,pillar_wall_bad,pill_bad_02,negative,-0.3353,-0.5748,1.502,-0.1491,65.533,3.067,0.0114,1.472,0.0146,0.1,0.9597,-4.9715,-4.6807,approaching_wall
2026-07-09 12:28:41.086,pillar_wall_bad,pill_bad_02,negative,-0.2108,-1.552,1.527,0.8458,65.533,3.287,0.012,1.554,0.0206,0.1,0.9802,-4.9921,-4.6802,approaching_wall
2026-07-09 12:28:41.186,pillar_wall_bad,pill_bad_02,negative,0.4982,-1.2837,1.003,2.6877,4.586,3.637,0.0111,1.558,0.0202,0.1,1.0024,-5.0145,-4.6803,approaching_wall
2026-07-09 12:28:41.286,pillar_wall_bad,pill_bad_02,negative,0.3545,-1.3987,1.763,0.3388,65.533,4.003,0.0085,1.351,0.0148,0.1,1.0231,-5.0354,-4.6811,approaching_wall
2026-07-09 12:28:41.386,pillar_wall_bad,pill_bad_02,negative,1.619,0.4407,1.975,0.6008,4.261,4.761,0.0125,1.195,0.0196,0.1,1.049,-5.0615,-4.682,approaching_wall
2026-07-09 12:28:41.486,pillar_wall_bad,pill_bad_02,negative,0.8335,0.6227,3.227,0.0522,1.931,5.796,0.0122,1.07,0.0162,0.0,1.0723,-5.085,-4.6828,searching_wall
2026-07-09 12:28:41.586,pillar_wall_bad,pill_bad_02,negative,0.7951,-0.2587,3.118,-0.0011,1.444,7.937,0.0071,0.986,0.0094,0.0,1.0919,-5.1048,-4.6833,searching_wall
2026-07-09 12:28:41.686,pillar_wall_bad,pill_bad_02,negative,0.6035,0.2587,3.862,0.7457,1.536,65.533,0.005,0.926,0.007,0.0,1.1067,-5.1197,-4.6838,searching_wall
2026-07-09 12:28:41.786,pillar_wall_bad,pill_bad_02,negative,0.4982,-1.2837,8.874,2.6877,1.497,65.533,0.0033,0.597,0.0058,0.0,1.118,-5.1312,-4.6851,searching_wall
2026-07-09 12:28:41.886,pillar_wall_bad,pill_bad_02,negative,0.4886,0.182,1.018,1.2006,1.363,65.533,0.0015,0.886,0.0089,0.1,1.1283,-5.1419,-4.6886,approaching_wall
2026-07-09 12:28:41.986,pillar_wall_bad,pill_bad_02,negative,1.2167,0.3449,11.533,0.4336,1.272,5.396,0.0019,0.862,0.0258,0.0,1.1407,-5.155,-4.6954,searching_wall
2026-07-09 12:28:42.086,pillar_wall_bad,pill_bad_02,negative,-0.1629,0.6227,6.257,0.8128,1.182,65.533,0.0029,0.859,0.0221,0.0,1.1544,-5.1693,-4.7025,searching_wall
2026-07-09 12:28:42.186,pillar_wall_bad,pill_bad_02,negative,0.5365,-19.62,6.251,-0.0735,1.166,11.672,0.001,0.856,0.0044,0.0,1.1647,-5.1801,-4.7082,searching_wall
2026-07-09 12:28:42.286,pillar_wall_bad,pill_bad_02,negative,-1.5137,4.5314,6.26,0.3206,1.164,11.613,0.0025,0.855,0.0112,0.0,1.176,-5.1918,-4.7138,searching_wall
2026-07-09 12:28:42.386,pillar_wall_bad,pill_bad_02,negative,-0.2299,-0.8526,6.258,0.9918,1.163,11.645,0.0024,0.848,0.0037,0.0,1.1877,-5.2039,-4.7196,searching_wall
2026-07-09 12:28:42.486,pillar_wall_bad,pill_bad_02,negative,0.4886,-1.6574,6.256,1.1281,1.163,11.629,0.0016,0.85,0.016,0.0,1.1992,-5.2158,-4.726,searching_wall
2026-07-09 12:28:42.586,pillar_wall_bad,pill_bad_02,negative,0.4024,-0.9772,6.258,1.4679,1.157,11.577,0.0011,0.847,0.0176,0.0,1.2109,-5.2279,-4.7341,searching_wall
2026-07-09 12:28:42.686,pillar_wall_bad,pill_bad_02,negative,0.479,0.8239,6.254,0.5838,1.173,11.642,0.0004,0.85,0.0113,0.0,1.2206,-5.238,-4.7416,searching_wall
2026-07-09 12:28:42.786,pillar_wall_bad,pill_bad_02,negative,0.4311,0.0862,6.249,-0.2397,1.175,11.633,0.0004,0.857,0.0107,0.0,1.2302,-5.2479,-4.7489,searching_wall
2026-07-09 12:28:42.886,pillar_wall_bad,pill_bad_02,negative,-0.115,0.3449,6.258,0.0075,1.174,11.663,0.0,0.859,0.0106,0.0,1.2399,-5.2579,-4.7571,searching_wall
2026-07-09 12:28:42.986,pillar_wall_bad,pill_bad_02,negative,-0.0766,0.4694,11.33,0.1385,1.176,11.635,-0.0001,0.861,0.006,0.0,1.2495,-5.2677,-4.7655,searching_wall
2026-07-09 12:28:43.086,pillar_wall_bad,pill_bad_02,negative,0.1629,0.1341,11.347,-0.2045,1.183,11.614,-0.0004,0.854,0.0112,0.0,1.2593,-5.2776,-4.7741,searching_wall
2026-07-09 12:28:43.186,pillar_wall_bad,pill_bad_02,negative,0.1724,0.2874,11.378,-0.9566,1.187,11.592,-0.0002,0.851,0.007,0.0,1.2686,-5.2871,-4.7829,searching_wall
2026-07-09 12:28:43.286,pillar_wall_bad,pill_bad_02,negative,0.1916,-1.0251,11.382,-1.453,1.197,65.533,0.0008,0.857,0.0105,0.0,1.278,-5.2965,-4.7913,searching_wall
2026-07-09 12:28:43.386,pillar_wall_bad,pill_bad_02,negative,-0.2491,-1.2933,11.368,-1.0152,1.198,65.533,0.0012,0.862,0.016,0.0,1.2879,-5.3064,-4.7993,searching_wall
2026-07-09 12:28:43.486,pillar_wall_bad,pill_bad_02,negative,-0.0287,-1.4083,11.371,-1.1047,1.198,11.595,0.0016,0.86,0.0157,0.0,1.2979,-5.3163,-4.8073,searching_wall
2026-07-09 12:28:43.586,pillar_wall_bad,pill_bad_02,negative,-0.5173,-0.8239,11.371,-0.2844,1.191,11.571,0.0019,0.856,0.0128,0.0,1.3082,-5.3265,-4.8148,searching_wall
2026-07-09 12:28:43.686,pillar_wall_bad,pill_bad_02,negative,0.0958,-1.6286,11.359,0.3728,1.196,11.627,0.0013,0.857,0.0076,0.0,1.3178,-5.336,-4.8218,searching_wall
2026-07-09 12:28:43.787,pillar_wall_bad,pill_bad_02,negative,0.4024,-3.3626,11.359,0.8426,1.192,65.533,0.001,0.858,0.0128,0.0,1.3288,-5.3468,-4.8305,searching_wall
2026-07-09 12:28:43.886,pillar_wall_bad,pill_bad_02,negative,0.9293,-5.0391,11.362,0.4005,1.198,11.632,0.0011,0.857,0.0365,0.0,1.3393,-5.357,-4.8398,searching_wall
2026-07-09 12:28:43.986,pillar_wall_bad,pill_bad_02,negative,0.4982,-1.2837,11.372,2.6877,1.199,65.533,0.0005,0.853,0.0383,0.0,1.3501,-5.3674,-4.8502,searching_wall
2026-07-09 12:28:44.086,pillar_wall_bad,pill_bad_02,negative,-0.2203,3.2476,11.367,0.3558,1.194,11.527,0.0,0.86,0.0036,0.0,1.3603,-5.3772,-4.8605,searching_wall
2026-07-09 12:28:44.186,pillar_wall_bad,pill_bad_02,negative,-2.9315,4.905,11.369,0.2663,1.197,11.58,0.0002,0.859,-0.008,0.0,1.3705,-5.3868,-4.8714,searching_wall
2026-07-09 12:28:44.286,pillar_wall_bad,pill_bad_02,negative,0.0383,-5.8822,11.374,-0.032,1.192,65.533,0.0009,0.859,0.0147,0.0,1.381,-5.3967,-4.8821,searching_wall
2026-07-09 12:28:44.386,pillar_wall_bad,pill_bad_02,negative,0.5556,-2.1076,11.354,-0.0703,1.199,65.533,0.0011,0.861,0.0347,0.0,1.3912,-5.4063,-4.8915,searching_wall
2026-07-09 12:28:44.486,pillar_wall_bad,pill_bad_02,negative,1.4466,3.5638,11.359,-0.13,1.195,65.533,0.0013,0.854,0.0123,0.0,1.4019,-5.4163,-4.9011,searching_wall
2026-07-09 12:28:44.586,pillar_wall_bad,pill_bad_02,negative,-0.479,3.5446,11.377,-0.1523,1.192,65.533,0.0014,0.856,-0.0013,0.0,1.413,-5.4266,-4.9113,searching_wall
2026-07-09 12:28:44.686,pillar_wall_bad,pill_bad_02,negative,-1.5807,0.0,11.371,-0.4517,1.196,65.533,0.0016,0.86,-0.0015,0.0,1.4241,-5.4369,-4.9209,searching_wall
2026-07-09 12:28:44.786,pillar_wall_bad,pill_bad_02,negative,-1.0059,-3.0273,11.374,-0.2599,1.201,65.533,0.0032,0.861,0.0099,0.0,1.4353,-5.4473,-4.9298,searching_wall
2026-07-09 12:28:44.886,pillar_wall_bad,pill_bad_02,negative,0.2395,-3.6979,11.37,-0.1342,1.198,65.533,0.0026,0.851,0.0023,0.0,1.4465,-5.4577,-4.9388,searching_wall
2026-07-09 12:28:44.986,pillar_wall_bad,pill_bad_02,negative,0.9005,-3.2381,11.367,-0.4176,1.195,65.533,0.0037,0.858,0.0225,0.0,1.4562,-5.4666,-4.9468,searching_wall
2026-07-09 12:28:45.086,pillar_wall_bad,pill_bad_02,negative,0.2587,-2.1555,11.37,-0.4442,1.202,11.583,0.004,0.85,0.022,0.0,1.4665,-5.4761,-4.9554,searching_wall
2026-07-09 12:28:45.186,pillar_wall_bad,pill_bad_02,negative,0.7664,-2.0789,11.357,0.0138,1.19,65.533,0.0042,0.853,0.0245,0.0,1.4768,-5.4854,-4.964,searching_wall
2026-07-09 12:28:45.286,pillar_wall_bad,pill_bad_02,negative,-0.3928,-2.3663,11.385,-0.1949,1.196,11.605,0.004,0.86,0.0196,0.0,1.485,-5.4929,-4.971,searching_wall
2026-07-09 12:28:45.386,pillar_wall_bad,pill_bad_02,negative,-0.6035,-2.7591,11.368,0.2365,1.191,11.58,0.0033,0.85,0.0192,0.0,1.4962,-5.503,-4.9808,searching_wall
2026-07-09 12:28:45.486,pillar_wall_bad,pill_bad_02,negative,0.4982,-1.2837,11.369,2.6877,1.198,65.533,0.0026,0.858,0.0317,0.0,1.5088,-5.5141,-4.9932,searching_wall
2026-07-09 12:28:45.586,pillar_wall_bad,pill_bad_02,negative,0.0671,-0.4886,11.37,0.4304,1.197,65.533,0.0016,0.858,0.0289,0.0,1.5192,-5.523,-5.0044,searching_wall
2026-07-09 12:28:45.686,pillar_wall_bad,pill_bad_02,negative,-1.3221,-1.8106,11.37,-0.0799,1.189,65.533,0.0009,0.854,0.0029,0.0,1.5278,-5.5303,-5.0143,searching_wall
2026-07-09 12:28:45.786,pillar_wall_bad,pill_bad_02,negative,-1.6286,5.3074,11.355,0.2716,1.202,65.533,0.0008,0.867,0.0011,0.0,1.5388,-5.5395,-5.0269,searching_wall
2026-07-09 12:28:45.886,pillar_wall_bad,pill_bad_02,negative,0.3161,-6.342,11.379,0.2695,1.198,65.533,0.0016,0.855,0.0113,0.0,1.5482,-5.5473,-5.038,searching_wall
2026-07-09 12:28:45.986,pillar_wall_bad,pill_bad_02,negative,1.1017,-3.3434,11.359,0.2663,1.194,65.533,0.0016,0.85,0.0284,0.0,1.5581,-5.5555,-5.0493,searching_wall
2026-07-09 12:28:46.086,pillar_wall_bad,pill_bad_02,negative,0.4311,-5.2595,11.363,-0.032,1.192,65.533,0.0008,0.852,0.016,0.0,1.568,-5.5636,-5.0609,searching_wall
2026-07-09 12:28:46.186,pillar_wall_bad,pill_bad_02,negative,-0.0671,-3.5734,11.389,0.0724,1.192,65.533,0.0014,0.855,0.03,0.0,1.5779,-5.5715,-5.0727,searching_wall
2026-07-09 12:28:46.286,pillar_wall_bad,pill_bad_02,negative,0.0096,-1.4658,11.358,-0.0533,1.191,65.533,0.0009,0.853,0.019,0.0,1.5869,-5.5787,-5.0835,searching_wall
2026-07-09 12:28:46.386,pillar_wall_bad,pill_bad_02,negative,0.4311,-7.3671,11.368,-0.0639,1.194,65.533,0.0007,0.856,0.0235,0.0,1.5966,-5.5862,-5.0959,searching_wall
2026-07-09 12:28:46.486,pillar_wall_bad,pill_bad_02,negative,0.1629,-7.6066,11.354,-0.3771,1.196,65.533,0.0005,0.852,0.0249,0.0,1.6056,-5.593,-5.1081,searching_wall
2026-07-09 12:28:46.586,pillar_wall_bad,pill_bad_02,negative,0.6227,-4.9529,11.375,-0.2951,1.195,65.533,0.0008,0.862,0.0353,0.0,1.6146,-5.5997,-5.1205,searching_wall
2026-07-09 12:28:46.686,pillar_wall_bad,pill_bad_02,negative,0.4982,-1.2837,11.374,2.6877,1.198,65.533,0.0007,0.847,0.023,0.0,1.6234,-5.6061,-5.1329,searching_wall
2026-07-09 12:28:46.786,pillar_wall_bad,pill_bad_02,negative,0.4119,-0.5461,11.369,-0.9737,1.2,65.533,0.0013,0.851,0.0227,0.0,1.633,-5.613,-5.1461,searching_wall
2026-07-09 12:28:46.886,pillar_wall_bad,pill_bad_02,negative,0.2874,-0.843,11.364,-0.4932,1.193,65.533,0.0021,0.856,0.0194,0.0,1.6427,-5.6201,-5.1587,searching_wall
2026-07-09 12:28:46.986,pillar_wall_bad,pill_bad_02,negative,0.2874,0.0766,11.361,-0.8522,1.189,65.533,0.0028,0.85,0.0174,0.0,1.6535,-5.6283,-5.1715,searching_wall
2026-07-09 12:28:47.086,pillar_wall_bad,pill_bad_02,negative,-0.4215,-0.0671,11.366,-0.4943,1.197,65.533,0.0031,0.859,0.0134,0.0,1.6633,-5.6359,-5.1819,searching_wall
2026-07-09 12:28:47.186,pillar_wall_bad,pill_bad_02,negative,0.0766,0.4598,11.368,0.0937,1.189,11.662,0.0031,0.856,0.0111,0.0,1.6731,-5.6434,-5.1925,searching_wall
2026-07-09 12:28:47.286,pillar_wall_bad,pill_bad_02,negative,-0.3832,-0.3161,11.361,0.5997,1.19,11.588,0.0047,0.85,0.0125,0.0,1.6835,-5.6516,-5.2027,searching_wall
2026-07-09 12:28:47.386,pillar_wall_bad,pill_bad_02,negative,0.3161,0.1533,11.377,1.0184,1.202,65.533,0.0025,0.854,0.0067,0.0,1.6933,-5.6592,-5.2124,searching_wall
2026-07-09 12:28:47.486,pillar_wall_bad,pill_bad_02,negative,0.0,-0.6035,11.38,1.1143,1.198,65.533,0.0036,0.854,0.0107,0.0,1.7034,-5.6668,-5.2235,searching_wall
2026-07-09 12:28:47.586,pillar_wall_bad,pill_bad_02,negative,0.3449,0.9101,11.379,1.3039,1.209,65.533,0.0022,0.854,0.006,0.0,1.7132,-5.6739,-5.2348,searching_wall
2026-07-09 12:28:47.686,pillar_wall_bad,pill_bad_02,negative,0.0671,0.4215,11.369,0.6594,1.202,65.533,0.0022,0.849,0.0074,0.0,1.7217,-5.6797,-5.246,searching_wall
2026-07-09 12:28:47.786,pillar_wall_bad,pill_bad_02,negative,0.4982,-1.2837,11.371,2.6877,1.203,65.533,-0.0006,0.85,-0.0054,0.0,1.7283,-5.6837,-5.2564,searching_wall
2026-07-09 12:28:47.886,pillar_wall_bad,pill_bad_02,negative,0.3736,0.7951,11.356,0.832,1.198,65.533,-0.0013,0.85,-0.0043,0.0,1.7323,-5.6852,-5.2658,searching_wall
2026-07-09 12:28:47.986,pillar_wall_bad,pill_bad_02,negative,0.4982,-1.2837,11.36,2.6877,1.201,65.533,-0.0017,0.852,-0.0075,0.0,1.7357,-5.6865,-5.2739,searching_wall
2026-07-09 12:28:48.086,pillar_wall_bad,pill_bad_02,negative,-0.0766,-0.4982,11.374,0.1193,1.193,65.533,-0.0009,0.859,-0.0058,0.0,1.7393,-5.6878,-5.2822,searching_wall
2026-07-09 12:28:48.186,pillar_wall_bad,pill_bad_02,negative,0.0575,0.6802,11.378,-0.0554,1.194,65.533,-0.0007,0.855,-0.0071,0.0,1.7432,-5.6893,-5.2907,searching_wall
2026-07-09 12:28:48.286,pillar_wall_bad,pill_bad_02,negative,0.0096,0.364,11.37,-0.0618,1.196,65.533,-0.0011,0.851,-0.0063,0.0,1.7463,-5.6902,-5.2987,searching_wall
2026-07-09 12:28:48.386,pillar_wall_bad,pill_bad_02,negative,-0.0575,0.4982,11.385,-0.2376,1.196,65.533,-0.0026,0.851,-0.0087,0.0,1.7491,-5.6906,-5.3068,searching_wall
2026-07-09 12:28:48.486,pillar_wall_bad,pill_bad_02,negative,0.1054,-0.4503,11.376,-0.9396,1.195,65.533,-0.0011,0.854,-0.0014,0.0,1.7534,-5.6923,-5.3161,searching_wall
2026-07-09 12:28:48.586,pillar_wall_bad,pill_bad_02,negative,-0.2682,-0.2874,11.384,-0.6413,1.2,65.533,-0.0009,0.852,-0.0031,0.0,1.7588,-5.6947,-5.3265,searching_wall
2026-07-09 12:28:48.686,pillar_wall_bad,pill_bad_02,negative,0.4982,-1.2837,11.364,2.6877,1.195,65.533,-0.0003,0.855,0.0013,0.0,1.765,-5.6979,-5.3368,searching_wall
2026-07-09 12:28:48.786,pillar_wall_bad,pill_bad_02,negative,-0.6419,-0.2299,11.384,-0.1097,1.192,65.533,-0.0002,0.852,-0.0012,0.0,1.7716,-5.7014,-5.3471,searching_wall
2026-07-09 12:28:48.886,pillar_wall_bad,pill_bad_02,negative,-0.3353,0.4982,11.366,0.376,1.194,65.533,-0.0002,0.857,-0.0002,0.0,1.7777,-5.7047,-5.3568,searching_wall
2026-07-09 12:28:48.986,pillar_wall_bad,pill_bad_02,negative,-0.2203,-0.0383,11.385,1.0589,1.193,65.533,-0.0009,0.857,-0.0016,0.0,1.7839,-5.7078,-5.3668,searching_wall
2026-07-09 12:28:49.086,pillar_wall_bad,pill_bad_02,negative,0.0096,0.2874,11.368,1.3518,1.19,65.533,-0.0019,0.856,-0.0008,0.0,1.7893,-5.71,-5.3771,searching_wall
2026-07-09 12:28:49.186,pillar_wall_bad,pill_bad_02,negative,-0.2874,0.7951,11.388,-0.0799,1.204,65.533,-0.0008,0.854,-0.0073,0.0,1.7942,-5.7119,-5.3866,searching_wall
2026-07-09 12:28:49.286,pillar_wall_bad,pill_bad_02,negative,-0.3832,-0.479,11.37,0.0266,1.191,65.533,-0.0009,0.851,-0.0042,0.0,1.7991,-5.7142,-5.3948,searching_wall
2026-07-09 12:28:49.387,pillar_wall_bad,pill_bad_02,negative,0.2682,0.0575,11.382,0.033,1.199,65.533,-0.0013,0.858,-0.0069,0.0,1.8045,-5.7165,-5.4045,searching_wall
2026-07-09 12:28:49.486,pillar_wall_bad,pill_bad_02,negative,-0.0862,0.0958,11.379,-0.1811,1.196,65.533,-0.0012,0.853,-0.0034,0.0,1.8094,-5.7187,-5.4129,searching_wall
2026-07-09 12:28:49.586,pillar_wall_bad,pill_bad_02,negative,0.0862,0.7568,11.374,-0.1768,1.2,65.533,-0.0002,0.855,-0.0042,0.0,1.8146,-5.7213,-5.4209,searching_wall
2026-07-09 12:28:49.687,pillar_wall_bad,pill_bad_02,negative,-0.0479,0.6802,11.36,-0.4719,1.189,65.533,-0.0004,0.864,0.0031,0.0,1.8213,-5.7245,-5.4314,searching_wall
2026-07-09 12:28:49.787,pillar_wall_bad,pill_bad_02,negative,0.4982,-1.2837,11.378,2.6877,1.2,65.533,0.0002,0.852,0.0093,0.0,1.8282,-5.7283,-5.4409,searching_wall
2026-07-09 12:28:49.886,pillar_wall_bad,pill_bad_02,negative,0.0862,0.3257,11.373,-0.7499,1.195,65.533,0.0008,0.858,0.0073,0.0,1.8385,-5.7341,-5.4546,searching_wall
2026-07-09 12:28:49.986,pillar_wall_bad,pill_bad_02,negative,-0.3066,-1.734,11.379,-0.13,1.197,65.533,0.0006,0.866,0.0158,0.0,1.8474,-5.7391,-5.4664,searching_wall
2026-07-09 12:28:50.086,pillar_wall_bad,pill_bad_02,negative,0.4982,-1.2837,11.374,2.6877,1.199,65.533,0.0005,0.853,0.0143,0.0,1.8553,-5.7433,-5.4771,searching_wall
2026-07-09 12:28:50.186,pillar_wall_bad,pill_bad_02,negative,0.2874,-0.115,11.384,0.4059,1.2,65.533,0.0006,0.856,0.0095,0.0,1.8644,-5.7482,-5.4895,searching_wall
2026-07-09 12:28:50.286,pillar_wall_bad,pill_bad_02,negative,-0.2395,-0.5556,11.374,0.8362,1.198,65.533,0.0002,0.852,0.014,0.0,1.8738,-5.7531,-5.5024,searching_wall
2026-07-09 12:28:50.386,pillar_wall_bad,pill_bad_02,negative,-0.0671,-0.2491,11.377,1.2751,1.194,65.533,-0.0004,0.858,0.0086,0.0,1.883,-5.7574,-5.5162,searching_wall
2026-07-09 12:28:50.486,pillar_wall_bad,pill_bad_02,negative,0.2012,0.2299,11.375,0.0639,1.198,65.533,-0.0005,0.854,0.003,0.0,1.8908,-5.7605,-5.5289,searching_wall
2026-07-09 12:28:50.586,pillar_wall_bad,pill_bad_02,negative,0.0383,0.6035,11.374,0.0767,1.2,65.533,-0.0004,0.855,0.0053,0.0,1.8988,-5.7638,-5.5415,searching_wall
2026-07-09 12:28:50.686,pillar_wall_bad,pill_bad_02,negative,-0.2874,0.6514,11.378,0.0458,1.197,65.533,-0.0002,0.85,0.0036,0.0,1.9066,-5.7671,-5.5536,searching_wall
2026-07-09 12:28:50.786,pillar_wall_bad,pill_bad_02,negative,-0.3449,0.5077,11.38,-0.8575,1.202,65.533,-0.0002,0.858,0.007,0.0,1.9145,-5.7706,-5.5654,searching_wall
2026-07-09 12:28:50.886,pillar_wall_bad,pill_bad_02,negative,-0.3066,0.4119,11.392,-0.2983,1.201,65.533,0.0001,0.856,0.0116,0.0,1.9222,-5.7739,-5.5769,searching_wall
2026-07-09 12:28:50.986,pillar_wall_bad,pill_bad_02,negative,0.1054,-0.2587,11.369,-0.3398,1.205,65.533,0.0001,0.859,0.0073,0.0,1.93,-5.7773,-5.5883,searching_wall
2026-07-09 12:28:51.086,pillar_wall_bad,pill_bad_02,negative,-0.2491,0.3353,11.37,-1.044,1.197,65.533,0.0008,0.854,0.0091,0.0,1.9378,-5.7808,-5.5996,searching_wall
2026-07-09 12:28:51.186,pillar_wall_bad,pill_bad_02,negative,-0.0958,1.6286,11.366,-0.4133,1.197,65.533,0.0008,0.857,-0.0045,0.0,1.945,-5.7841,-5.6095,searching_wall
2026-07-09 12:28:51.286,pillar_wall_bad,pill_bad_02,negative,0.2012,-0.6035,11.387,0.1065,1.201,65.533,0.0005,0.856,-0.0051,0.0,1.9517,-5.7874,-5.6185,searching_wall
2026-07-09 12:28:51.386,pillar_wall_bad,pill_bad_02,negative,0.0383,-0.4982,11.381,0.751,1.196,65.533,-0.0001,0.852,-0.0032,0.0,1.9574,-5.7898,-5.6266,searching_wall
2026-07-09 12:28:51.486,pillar_wall_bad,pill_bad_02,negative,-0.0575,-0.0287,11.389,0.6296,1.193,65.533,-0.0008,0.851,-0.0021,0.0,1.9627,-5.7917,-5.6351,searching_wall
2026-07-09 12:28:51.586,pillar_wall_bad,pill_bad_02,negative,0.0287,-0.3066,11.361,1.2336,1.195,65.533,-0.0011,0.855,0.0115,0.0,1.9683,-5.7937,-5.644,searching_wall
2026-07-09 12:28:51.686,pillar_wall_bad,pill_bad_02,negative,0.0862,0.5269,11.392,0.4101,1.196,65.533,-0.0019,0.852,0.0054,0.0,1.9724,-5.7942,-5.6523,searching_wall
2026-07-09 12:28:51.786,pillar_wall_bad,pill_bad_02,negative,-0.6419,0.4024,11.385,-0.0383,1.193,65.533,-0.0018,0.851,0.002,0.0,1.9758,-5.7945,-5.6596,searching_wall
2026-07-09 12:28:51.886,pillar_wall_bad,pill_bad_02,negative,-0.2012,0.0575,11.354,0.0256,1.195,65.533,-0.0012,0.853,0.0061,0.0,1.9808,-5.7956,-5.6687,searching_wall
2026-07-09 12:28:51.986,pillar_wall_bad,pill_bad_02,negative,-0.479,0.5461,11.378,-0.0277,1.196,65.533,-0.0008,0.848,0.0043,0.0,1.9876,-5.7975,-5.68,searching_wall
2026-07-09 12:28:52.086,pillar_wall_bad,pill_bad_02,negative,-0.4886,-0.2012,11.383,-0.637,1.201,65.533,0.0002,0.853,0.0037,0.0,1.9954,-5.8004,-5.6917,searching_wall
2026-07-09 12:28:52.186,pillar_wall_bad,pill_bad_02,negative,-0.7185,-0.6898,11.399,-0.1023,1.197,65.533,0.0006,0.856,0.0021,0.0,2.0041,-5.8043,-5.7033,searching_wall
2026-07-09 12:28:52.286,pillar_wall_bad,pill_bad_02,negative,-0.3928,2.1747,11.384,-0.5156,1.197,65.533,0.0012,0.847,0.0017,0.0,2.0123,-5.8079,-5.7143,searching_wall
2026-07-09 12:28:52.386,pillar_wall_bad,pill_bad_02,negative,0.2012,0.1437,11.384,-0.9641,1.196,65.533,0.0018,0.852,0.0057,0.0,2.0211,-5.8119,-5.7257,searching_wall
2026-07-09 12:28:52.486,pillar_wall_bad,pill_bad_02,negative,0.0,-0.6993,11.372,-0.4144,1.2,65.533,0.0026,0.859,0.0056,0.0,2.0305,-5.8166,-5.7369,searching_wall
2026-07-09 12:28:52.586,pillar_wall_bad,pill_bad_02,negative,-0.4024,0.7568,11.389,0.3036,1.204,65.533,0.0019,0.855,0.0006,0.0,2.0394,-5.8212,-5.7473,searching_wall
2026-07-09 12:28:52.686,pillar_wall_bad,pill_bad_02,negative,0.4982,-1.2837,11.372,2.6877,1.197,65.533,0.0021,0.852,0.0076,0.0,2.0485,-5.8258,-5.758,searching_wall
2026-07-09 12:28:52.786,pillar_wall_bad,pill_bad_02,negative,0.1437,-0.2587,11.37,1.0504,1.195,65.533,0.0003,0.849,0.0068,0.0,2.0575,-5.8295,-5.7702,searching_wall
2026-07-09 12:28:52.886,pillar_wall_bad,pill_bad_02,negative,0.1245,0.7281,11.373,0.9492,1.191,65.533,-0.0008,0.848,0.0039,0.0,2.0658,-5.8319,-5.7832,searching_wall
2026-07-09 12:28:52.986,pillar_wall_bad,pill_bad_02,negative,-0.4407,-0.5365,11.381,0.0522,1.2,65.533,-0.0006,0.849,-0.0006,0.0,2.0719,-5.8333,-5.7934,searching_wall
2026-07-09 12:28:53.086,pillar_wall_bad,pill_bad_02,negative,-0.0671,0.2491,11.369,-0.0043,1.2,65.533,-0.0005,0.853,-0.0006,0.0,2.078,-5.8346,-5.8035,searching_wall
2026-07-09 12:28:53.186,pillar_wall_bad,pill_bad_02,negative,-0.115,-0.0575,11.384,-0.016,1.206,65.533,-0.0004,0.854,0.0008,0.0,2.0843,-5.8361,-5.8139,searching_wall
2026-07-09 12:28:53.286,pillar_wall_bad,pill_bad_02,negative,-0.3257,1.0346,11.365,-0.0426,1.197,65.533,-0.0004,0.861,0.0009,0.0,2.0883,-5.837,-5.8204,searching_wall
2026-07-09 12:28:53.386,pillar_wall_bad,pill_bad_02,negative,-0.6898,-0.7089,11.367,-0.6413,1.19,65.533,0.0001,0.856,0.0174,0.0,2.0991,-5.8406,-5.8358,searching_wall
2026-07-09 12:28:53.486,pillar_wall_bad,pill_bad_02,negative,-0.5844,0.0,11.366,-0.2003,1.196,65.533,0.0003,0.852,0.0074,0.0,2.1069,-5.843,-5.8474,searching_wall
2026-07-09 12:28:53.586,pillar_wall_bad,pill_bad_02,negative,0.0096,0.3736,11.388,-0.4858,1.193,65.533,0.0006,0.86,0.0114,0.0,2.1158,-5.8457,-5.8604,searching_wall
2026-07-09 12:28:53.686,pillar_wall_bad,pill_bad_02,negative,-0.3928,-0.2587,11.369,-0.8053,1.195,65.533,0.0015,0.861,0.0104,0.0,2.1249,-5.849,-5.8729,searching_wall
2026-07-09 12:28:53.787,pillar_wall_bad,pill_bad_02,negative,-0.4024,0.0192,11.375,0.1715,1.196,65.533,0.0017,0.861,0.0082,0.0,2.1339,-5.8523,-5.8849,searching_wall
2026-07-09 12:28:53.886,pillar_wall_bad,pill_bad_02,negative,-0.182,-0.2682,11.389,-0.0011,1.191,65.533,0.0017,0.862,0.0088,0.0,2.1429,-5.8555,-5.897,searching_wall
2026-07-09 12:28:53.986,pillar_wall_bad,pill_bad_02,negative,-0.0479,0.0,11.384,0.1662,1.198,65.533,0.0022,0.856,0.0091,0.0,2.1521,-5.8591,-5.9089,searching_wall
2026-07-09 12:28:54.086,pillar_wall_bad,pill_bad_02,negative,-0.4982,0.2299,11.357,-0.032,1.195,65.533,0.0011,0.855,0.0048,0.0,2.1591,-5.8617,-5.9182,searching_wall
2026-07-09 12:28:54.187,pillar_wall_bad,pill_bad_02,negative,0.4982,-1.2837,11.376,2.6877,1.196,65.533,0.0022,0.852,0.0064,0.0,2.1692,-5.8652,-5.9317,searching_wall
2026-07-09 12:28:54.286,pillar_wall_bad,pill_bad_02,negative,0.2682,-0.6706,11.365,1.7002,1.2,65.533,-0.0,0.851,0.0086,0.0,2.1793,-5.8683,-5.9459,searching_wall
2026-07-09 12:28:54.386,pillar_wall_bad,pill_bad_02,negative,0.5173,0.9388,11.372,0.587,1.201,65.533,-0.001,0.856,0.0056,0.0,2.1858,-5.8688,-5.9573,searching_wall
2026-07-09 12:28:54.486,pillar_wall_bad,pill_bad_02,negative,0.0383,0.9197,11.359,-0.3622,1.198,65.533,-0.0019,0.854,-0.0072,0.0,2.1918,-5.8687,-5.9687,searching_wall
2026-07-09 12:28:54.586,pillar_wall_bad,pill_bad_02,negative,0.0383,-0.5652,11.39,0.0522,1.201,65.533,-0.0014,0.855,-0.0024,0.0,2.1965,-5.8682,-5.9782,searching_wall
2026-07-09 12:28:54.686,pillar_wall_bad,pill_bad_02,negative,0.2682,1.0155,11.384,-1.0472,1.198,65.533,-0.0006,0.854,-0.0088,0.0,2.2002,-5.8675,-5.9863,searching_wall
2026-07-09 12:28:54.786,pillar_wall_bad,pill_bad_02,negative,-0.4407,0.6227,11.378,-0.7286,1.199,65.533,0.0,0.857,-0.0078,0.0,2.205,-5.8678,-5.9946,searching_wall
2026-07-09 12:28:54.886,pillar_wall_bad,pill_bad_02,negative,-0.1916,-1.1688,11.376,-0.0266,1.189,65.533,0.0005,0.859,-0.0105,0.0,2.2113,-5.8695,-6.0036,searching_wall
2026-07-09 12:28:54.986,pillar_wall_bad,pill_bad_02,negative,0.3928,0.3545,11.384,0.0671,1.192,65.533,0.0001,0.861,-0.0017,0.0,2.2169,-5.8708,-6.0117,searching_wall
2026-07-09 12:28:55.086,pillar_wall_bad,pill_bad_02,negative,-0.3353,1.7819,11.38,-0.7222,1.197,65.533,0.0006,0.841,-0.0113,0.0,2.2227,-5.8721,-6.0203,searching_wall
2026-07-09 12:28:55.186,pillar_wall_bad,pill_bad_02,negative,0.4982,-1.2837,11.361,2.6877,1.2,65.533,0.003,0.854,0.0149,0.0,2.2311,-5.8752,-6.0309,searching_wall
2026-07-09 12:28:55.286,pillar_wall_bad,pill_bad_02,negative,0.4311,-0.661,11.38,-0.7127,1.191,65.533,0.0029,0.85,0.0127,0.0,2.2411,-5.8792,-6.0429,searching_wall
2026-07-09 12:28:55.386,pillar_wall_bad,pill_bad_02,negative,0.0862,-1.916,11.358,-0.2557,1.201,65.533,0.0022,0.852,0.0095,0.0,2.2504,-5.883,-6.0538,searching_wall
2026-07-09 12:28:55.486,pillar_wall_bad,pill_bad_02,negative,0.6419,-1.8202,11.39,0.0927,1.198,65.533,0.0019,0.855,0.0053,0.0,2.2591,-5.8867,-6.0639,searching_wall
2026-07-09 12:28:55.586,pillar_wall_bad,pill_bad_02,negative,1.0442,-2.5004,11.35,-0.2035,1.195,65.533,0.0027,0.849,0.0086,0.0,2.2676,-5.89,-6.0741,searching_wall
2026-07-09 12:28:55.686,pillar_wall_bad,pill_bad_02,negative,0.4024,-0.4407,11.359,-0.3601,1.196,65.533,0.0041,0.85,0.0172,0.0,2.2764,-5.8935,-6.0845,searching_wall
2026-07-09 12:28:55.786,pillar_wall_bad,pill_bad_02,negative,0.2395,-1.2646,11.373,0.0746,1.19,65.533,0.0033,0.854,0.0159,0.0,2.2865,-5.898,-6.0959,searching_wall
2026-07-09 12:28:55.886,pillar_wall_bad,pill_bad_02,negative,0.4982,-1.2837,11.359,2.6877,1.2,65.533,0.0041,0.856,0.0202,0.0,2.2971,-5.9024,-6.1081,searching_wall
2026-07-09 12:28:55.986,pillar_wall_bad,pill_bad_02,negative,0.3353,-3.286,11.36,1.2602,1.199,65.533,0.0044,0.852,0.0227,0.0,2.3085,-5.907,-6.1214,searching_wall
2026-07-09 12:28:56.086,pillar_wall_bad,pill_bad_02,negative,0.4982,-1.2837,11.38,2.6877,1.196,65.533,0.0014,0.855,0.0076,0.0,2.3189,-5.9106,-6.1343,searching_wall
2026-07-09 12:28:56.186,pillar_wall_bad,pill_bad_02,negative,0.479,0.4119,11.372,1.0642,1.201,65.533,0.0,0.859,0.0143,0.0,2.3274,-5.9119,-6.1472,searching_wall
2026-07-09 12:28:56.286,pillar_wall_bad,pill_bad_02,negative,-0.0383,-0.958,11.358,-0.0905,1.195,65.533,-0.0,0.856,0.0083,0.0,2.3349,-5.9125,-6.1591,searching_wall
2026-07-09 12:28:56.386,pillar_wall_bad,pill_bad_02,negative,-0.2108,0.4024,11.375,-0.0138,1.201,65.533,0.0011,0.859,0.0027,0.0,2.3426,-5.9137,-6.1707,searching_wall
2026-07-09 12:28:56.486,pillar_wall_bad,pill_bad_02,negative,0.4503,0.3736,11.366,-0.8373,1.201,65.533,0.0016,0.85,-0.0048,0.0,2.3501,-5.9152,-6.1813,searching_wall
2026-07-09 12:28:56.586,pillar_wall_bad,pill_bad_02,negative,-0.9772,-0.9963,11.35,-0.6285,1.202,65.533,0.0016,0.856,0.0073,0.0,2.3581,-5.9169,-6.1925,searching_wall
2026-07-09 12:28:56.686,pillar_wall_bad,pill_bad_02,negative,-0.4886,0.4215,11.38,-0.0149,1.199,65.533,0.0008,0.849,0.0002,0.0,2.3661,-5.9186,-6.2036,searching_wall
2026-07-09 12:28:56.786,pillar_wall_bad,pill_bad_02,negative,-0.0192,0.2682,11.39,-0.2834,1.196,65.533,0.0019,0.852,0.0065,0.0,2.3739,-5.9203,-6.2145,searching_wall
2026-07-09 12:28:56.886,pillar_wall_bad,pill_bad_02,negative,-0.0192,-0.8239,11.37,-0.751,1.2,65.533,0.0025,0.856,0.0059,0.0,2.3825,-5.9227,-6.2256,searching_wall
2026-07-09 12:28:56.986,pillar_wall_bad,pill_bad_02,negative,0.4982,-1.2837,11.369,2.6877,1.196,65.533,0.0024,0.86,0.007,0.0,2.392,-5.9255,-6.2377,searching_wall
2026-07-09 12:28:57.087,pillar_wall_bad,pill_bad_02,negative,0.3449,2.8932,11.362,-0.261,1.192,65.533,0.002,0.854,0.0071,0.0,2.4011,-5.9279,-6.2495,searching_wall
2026-07-09 12:28:57.186,pillar_wall_bad,pill_bad_02,negative,0.0766,-0.3832,11.366,0.0,1.196,65.533,0.0016,0.844,0.0089,0.0,2.4109,-5.9303,-6.2625,searching_wall
2026-07-09 12:28:57.286,pillar_wall_bad,pill_bad_02,negative,-0.3161,0.4503,11.375,-0.0788,1.202,65.533,0.0021,0.857,0.0031,0.0,2.416,-5.9315,-6.2694,searching_wall
2026-07-09 12:28:57.386,pillar_wall_bad,pill_bad_02,negative,0.0575,-0.364,11.381,0.0852,1.197,65.533,0.0016,0.857,0.007,0.0,2.4292,-5.9346,-6.2868,searching_wall
2026-07-09 12:28:57.486,pillar_wall_bad,pill_bad_02,negative,-0.2299,0.2299,11.361,0.0842,1.195,65.533,0.0012,0.85,0.0035,0.0,2.4378,-5.9362,-6.2988,searching_wall
2026-07-09 12:28:57.586,pillar_wall_bad,pill_bad_02,negative,0.1916,-0.5461,11.369,0.4581,1.196,65.533,0.0018,0.852,0.0105,0.0,2.446,-5.9377,-6.3102,searching_wall
2026-07-09 12:28:57.686,pillar_wall_bad,pill_bad_02,negative,-0.0192,-0.3449,11.367,1.1697,1.204,65.533,0.0001,0.852,0.0139,0.0,2.4552,-5.9385,-6.3239,searching_wall
2026-07-09 12:28:57.786,pillar_wall_bad,pill_bad_02,negative,0.1437,0.7472,11.364,0.6967,1.195,65.533,-0.0002,0.852,0.0079,0.0,2.4633,-5.9379,-6.3376,searching_wall
2026-07-09 12:28:57.886,pillar_wall_bad,pill_bad_02,negative,-0.297,0.4407,11.366,-0.3281,1.197,65.533,0.0,0.856,0.0085,0.0,2.4707,-5.9375,-6.3499,searching_wall
2026-07-09 12:28:57.986,pillar_wall_bad,pill_bad_02,negative,0.0862,-0.2299,11.383,-0.4133,1.196,65.533,0.0,0.854,0.0104,0.0,2.4781,-5.9369,-6.3623,searching_wall
2026-07-09 12:28:58.086,pillar_wall_bad,pill_bad_02,negative,-0.1054,0.0862,11.373,-1.126,1.192,65.533,0.0003,0.861,0.002,0.0,2.4852,-5.9365,-6.3741,searching_wall
2026-07-09 12:28:58.186,pillar_wall_bad,pill_bad_02,negative,-0.3161,0.9388,11.367,-0.0128,1.205,65.533,0.0003,0.852,-0.0033,0.0,2.4922,-5.9361,-6.3855,searching_wall
2026-07-09 12:28:58.286,pillar_wall_bad,pill_bad_02,negative,0.4982,-1.2837,11.368,2.6877,1.191,65.533,0.0007,0.852,-0.001,0.0,2.4982,-5.936,-6.395,searching_wall
2026-07-09 12:28:58.386,pillar_wall_bad,pill_bad_02,negative,-0.3066,0.661,11.373,-0.359,1.194,65.533,0.0019,0.844,0.0007,0.0,2.5037,-5.9366,-6.4028,searching_wall
2026-07-09 12:28:58.486,pillar_wall_bad,pill_bad_02,negative,0.3257,-0.5461,11.376,-0.4794,1.197,65.533,0.0021,0.854,0.0038,0.0,2.5121,-5.9379,-6.4144,searching_wall
2026-07-09 12:28:58.586,pillar_wall_bad,pill_bad_02,negative,0.182,-1.6095,11.359,-0.9161,1.201,65.533,0.0037,0.86,0.0108,0.0,2.5211,-5.9394,-6.4265,searching_wall
2026-07-09 12:28:58.686,pillar_wall_bad,pill_bad_02,negative,-0.3449,0.1533,11.37,-1.1739,1.192,65.533,0.0043,0.85,0.0053,0.0,2.5311,-5.9421,-6.4388,searching_wall
2026-07-09 12:28:58.786,pillar_wall_bad,pill_bad_02,negative,-0.1533,0.1437,11.38,-0.0501,1.207,65.533,0.0027,0.849,0.0012,0.0,2.5398,-5.945,-6.4488,searching_wall
2026-07-09 12:28:58.886,pillar_wall_bad,pill_bad_02,negative,-0.1341,-0.2778,11.363,-0.5401,1.194,65.533,0.003,0.861,0.0026,0.0,2.549,-5.9482,-6.4591,searching_wall
2026-07-09 12:28:58.986,pillar_wall_bad,pill_bad_02,negative,0.1629,0.3545,11.374,0.0288,1.189,65.533,0.0034,0.854,0.0003,0.0,2.5571,-5.951,-6.4682,searching_wall
2026-07-09 12:28:59.086,pillar_wall_bad,pill_bad_02,negative,-0.182,0.3736,11.379,0.0469,1.191,65.533,0.0028,0.85,0.0046,0.0,2.5653,-5.9535,-6.4779,searching_wall
2026-07-09 12:28:59.186,pillar_wall_bad,pill_bad_02,negative,0.0383,-0.0862,11.384,0.0053,1.194,65.533,0.0028,0.855,0.0078,0.0,2.5752,-5.9563,-6.4897,searching_wall
2026-07-09 12:28:59.286,pillar_wall_bad,pill_bad_02,negative,0.0862,0.3545,11.375,0.2301,1.19,65.533,0.0022,0.855,0.0071,0.0,2.5851,-5.9586,-6.5022,searching_wall
2026-07-09 12:28:59.386,pillar_wall_bad,pill_bad_02,negative,0.2587,0.4311,11.375,0.2237,1.191,11.581,0.0024,0.847,0.0012,0.0,2.5934,-5.9598,-6.5133,searching_wall
2026-07-09 12:28:59.486,pillar_wall_bad,pill_bad_02,negative,0.4982,-1.2837,9.896,2.6877,1.187,65.533,0.0018,0.855,-0.0007,0.0,2.6004,-5.9608,-6.5228,searching_wall
2026-07-09 12:28:59.586,pillar_wall_bad,pill_bad_02,negative,-0.364,0.1629,9.996,0.0415,1.195,65.533,0.0023,0.849,-0.0031,0.0,2.608,-5.9623,-6.5325,searching_wall
2026-07-09 12:28:59.686,pillar_wall_bad,pill_bad_02,negative,0.0096,-0.297,11.399,0.4602,1.193,65.533,0.0027,0.856,0.001,0.0,2.6153,-5.9634,-6.5422,searching_wall
2026-07-09 12:28:59.786,pillar_wall_bad,pill_bad_02,negative,-0.0479,0.1916,10.107,0.8725,1.188,65.533,0.0022,0.849,0.0044,0.0,2.6231,-5.9647,-6.5524,searching_wall
2026-07-09 12:28:59.886,pillar_wall_bad,pill_bad_02,negative,-0.1054,-0.1245,11.367,1.2517,1.189,65.533,0.0022,0.853,0.0049,0.0,2.6321,-5.9662,-6.5641,searching_wall
2026-07-09 12:28:59.986,pillar_wall_bad,pill_bad_02,negative,0.2587,0.594,11.381,1.7822,1.194,65.533,0.0023,0.857,0.0115,0.0,2.6418,-5.9674,-6.5772,searching_wall
2026-07-09 12:29:00.086,pillar_wall_bad,pill_bad_02,negative,0.1724,-0.0479,11.374,1.4189,1.199,65.533,0.0003,0.848,0.0062,0.0,2.6504,-5.9668,-6.5906,searching_wall
2026-07-09 12:29:00.186,pillar_wall_bad,pill_bad_02,negative,-0.0862,-0.0287,11.391,0.5273,1.193,65.533,0.0002,0.852,0.0069,0.0,2.6583,-5.9653,-6.6038,searching_wall
2026-07-09 12:29:00.286,pillar_wall_bad,pill_bad_02,negative,-0.2395,0.4311,11.38,0.1736,1.193,65.533,-0.0004,0.856,0.0057,0.0,2.6651,-5.9632,-6.6161,searching_wall
2026-07-09 12:29:00.386,pillar_wall_bad,pill_bad_02,negative,0.4982,-1.2837,11.374,2.6877,1.209,65.533,-0.0002,0.859,0.0086,0.0,2.6723,-5.961,-6.6289,searching_wall
2026-07-09 12:29:00.486,pillar_wall_bad,pill_bad_02,negative,-0.1341,0.5748,11.369,-0.0362,1.195,65.533,0.0001,0.85,0.0074,0.0,2.6793,-5.9591,-6.641,searching_wall
2026-07-09 12:29:00.586,pillar_wall_bad,pill_bad_02,negative,0.3545,0.5844,11.388,-0.6349,1.2,65.533,0.0007,0.855,0.0034,0.0,2.6863,-5.9576,-6.6528,searching_wall
2026-07-09 12:29:00.686,pillar_wall_bad,pill_bad_02,negative,-0.661,-0.6227,11.378,-0.1651,1.195,65.533,-0.0003,0.847,0.0141,0.0,2.6934,-5.9557,-6.665,searching_wall
2026-07-09 12:29:00.786,pillar_wall_bad,pill_bad_02,negative,-0.1054,0.2395,11.382,0.1012,1.193,65.533,0.0003,0.857,0.0063,0.0,2.7005,-5.9539,-6.6771,searching_wall
2026-07-09 12:29:00.886,pillar_wall_bad,pill_bad_02,negative,-0.1245,0.5652,11.349,-0.49,1.189,65.533,0.0004,0.859,0.0091,0.0,2.7077,-5.9519,-6.6894,searching_wall
2026-07-09 12:29:00.986,pillar_wall_bad,pill_bad_02,negative,-0.1916,0.1245,11.382,-0.8192,1.197,65.533,0.0005,0.851,0.0072,0.0,2.715,-5.9499,-6.7018,searching_wall
2026-07-09 12:29:01.086,pillar_wall_bad,pill_bad_02,negative,0.1054,-0.7377,11.366,-0.3931,1.193,65.533,0.0009,0.854,0.0071,0.0,2.7224,-5.9482,-6.7141,searching_wall
2026-07-09 12:29:01.186,pillar_wall_bad,pill_bad_02,negative,0.0575,0.5269,11.396,0.0309,1.193,65.533,0.001,0.856,0.0081,0.0,2.7301,-5.9467,-6.7265,searching_wall
2026-07-09 12:29:01.286,pillar_wall_bad,pill_bad_02,negative,0.0766,0.479,11.362,0.1353,1.188,65.533,0.0009,0.859,0.0062,0.0,2.7372,-5.9449,-6.7383,searching_wall
2026-07-09 12:29:01.386,pillar_wall_bad,pill_bad_02,negative,-0.2395,-0.6706,11.372,0.2631,1.194,65.533,0.0012,0.854,0.0093,0.0,2.7447,-5.943,-6.7507,searching_wall
2026-07-09 12:29:01.486,pillar_wall_bad,pill_bad_02,negative,0.0096,-0.2682,11.367,0.6775,1.197,65.533,-0.0005,0.851,-0.0003,0.0,2.7509,-5.9407,-6.7616,searching_wall
2026-07-09 12:29:01.586,pillar_wall_bad,pill_bad_02,negative,-0.4503,-0.6035,11.36,1.3295,1.196,65.533,-0.0015,0.857,0.0028,0.0,2.7562,-5.9373,-6.7723,searching_wall
2026-07-09 12:29:01.686,pillar_wall_bad,pill_bad_02,negative,0.0,0.5844,11.39,-0.0756,1.199,65.533,-0.0003,0.855,0.0004,0.0,2.7616,-5.9336,-6.7834,searching_wall
2026-07-09 12:29:01.786,pillar_wall_bad,pill_bad_02,negative,-0.4503,-0.2682,11.367,-0.0937,1.198,65.533,-0.0019,0.856,-0.0041,0.0,2.7658,-5.9304,-6.7923,searching_wall
2026-07-09 12:29:01.886,pillar_wall_bad,pill_bad_02,negative,-0.2203,0.4407,11.395,-0.0991,1.202,65.533,-0.0015,0.85,-0.0087,0.0,2.7692,-5.9269,-6.8003,searching_wall
2026-07-09 12:29:01.986,pillar_wall_bad,pill_bad_02,negative,-0.7951,-0.5365,11.363,-0.9246,1.196,65.533,-0.0,0.855,0.0002,0.0,2.7735,-5.9249,-6.8082,searching_wall
2026-07-09 12:29:02.086,pillar_wall_bad,pill_bad_02,negative,-0.3066,-0.479,11.353,-0.9928,1.191,65.533,0.0003,0.853,-0.0021,0.0,2.7776,-5.9239,-6.8147,searching_wall
2026-07-09 12:29:02.186,pillar_wall_bad,pill_bad_02,negative,0.0192,0.7281,11.358,-1.3742,1.197,65.533,0.0007,0.861,-0.0049,0.0,2.7802,-5.9235,-6.8187,searching_wall
2026-07-09 12:29:02.286,pillar_wall_bad,pill_bad_02,negative,0.2778,0.0575,11.366,-2.2648,1.192,65.533,0.0031,0.855,0.0003,0.0,2.786,-5.924,-6.8261,searching_wall
2026-07-09 12:29:02.386,pillar_wall_bad,pill_bad_02,negative,1.3316,0.364,11.364,-3.2512,1.195,65.533,0.0105,0.846,0.0044,0.0,2.7942,-5.9275,-6.8341,searching_wall
2026-07-09 12:29:02.486,pillar_wall_bad,pill_bad_02,negative,1.0155,-0.1341,11.382,-3.2203,1.192,65.533,0.0104,0.851,-0.0007,0.0,2.805,-5.9349,-6.842,searching_wall
2026-07-09 12:29:02.586,pillar_wall_bad,pill_bad_02,negative,-0.6035,1.1592,11.391,-1.9995,1.189,65.533,0.0156,0.85,-0.0153,0.0,2.8222,-5.9499,-6.8515,searching_wall
2026-07-09 12:29:02.686,pillar_wall_bad,pill_bad_02,negative,-0.1245,-0.2778,11.369,-1.0013,1.188,65.533,0.0135,0.85,-0.0236,0.0,2.8345,-5.9612,-6.8577,searching_wall
2026-07-09 12:29:02.787,pillar_wall_bad,pill_bad_02,negative,0.2874,0.2874,11.388,-1.0237,1.197,65.533,0.0074,0.845,-0.0165,0.0,2.8434,-5.969,-6.8626,searching_wall
2026-07-09 12:29:02.886,pillar_wall_bad,pill_bad_02,negative,0.1341,0.4886,11.389,-0.0778,1.191,65.533,0.0074,0.845,-0.0242,0.0,2.8524,-5.9763,-6.8681,searching_wall
2026-07-09 12:29:02.986,pillar_wall_bad,pill_bad_02,negative,-0.3736,-0.0096,11.392,0.3121,1.198,65.533,0.006,0.858,-0.0184,0.0,2.8593,-5.9816,-6.8726,searching_wall
2026-07-09 12:29:03.086,pillar_wall_bad,pill_bad_02,negative,0.5748,2.8644,11.407,2.0389,1.188,65.533,0.0138,0.848,-0.0344,0.0,2.8695,-5.9904,-6.8783,searching_wall
2026-07-09 12:29:03.186,pillar_wall_bad,pill_bad_02,negative,3.1614,-10.2603,11.414,4.7905,1.191,65.533,0.021,0.839,-0.0019,0.0,2.8869,-6.0079,-6.8857,searching_wall
2026-07-09 12:29:03.286,pillar_wall_bad,pill_bad_02,negative,1.8681,-1.2933,11.367,4.1588,1.171,11.549,0.0152,0.845,0.0193,0.0,2.9148,-6.0288,-6.9043,searching_wall
2026-07-09 12:29:03.386,pillar_wall_bad,pill_bad_02,negative,1.4083,-0.2203,11.387,0.8096,1.167,11.619,0.0151,0.834,0.025,0.0,2.9392,-6.0406,-6.9268,searching_wall
2026-07-09 12:29:03.486,pillar_wall_bad,pill_bad_02,negative,2.4717,0.4982,11.378,-5.6725,1.164,11.569,0.028,0.834,0.0665,0.0,2.9648,-6.0539,-6.9494,searching_wall
2026-07-09 12:29:03.586,pillar_wall_bad,pill_bad_02,negative,1.5903,-1.8106,11.378,-5.6832,1.163,11.669,0.0094,0.828,-0.023,0.0,2.9859,-6.0735,-6.9599,searching_wall
2026-07-09 12:29:03.686,pillar_wall_bad,pill_bad_02,negative,0.8622,0.5077,11.404,1.5883,1.169,11.633,0.0071,0.828,-0.0117,0.0,2.9946,-6.0793,-6.9664,searching_wall
2026-07-09 12:29:03.786,pillar_wall_bad,pill_bad_02,negative,1.0634,-3.3434,11.393,-0.1651,1.166,11.57,0.0211,0.82,-0.0249,0.0,3.0101,-6.0905,-6.9771,searching_wall
2026-07-09 12:29:03.886,pillar_wall_bad,pill_bad_02,negative,0.4982,-1.2837,11.43,2.6877,1.164,65.533,0.0244,0.811,-0.0121,0.0,3.0366,-6.1149,-6.9905,searching_wall
2026-07-09 12:29:03.986,pillar_wall_bad,pill_bad_02,negative,12.9523,-8.9095,11.382,1.8994,1.118,11.627,0.0299,0.799,-0.0166,0.0,3.0714,-6.1436,-7.0112,searching_wall
2026-07-09 12:29:04.086,pillar_wall_bad,pill_bad_02,negative,7.597,-4.8667,11.347,-2.8048,1.082,11.623,0.0221,0.789,0.0101,0.0,3.1003,-6.1648,-7.0309,searching_wall
2026-07-09 12:29:04.186,pillar_wall_bad,pill_bad_02,negative,19.6104,-19.62,11.326,-0.9992,1.054,11.624,0.0279,0.774,-0.0003,0.0,3.1291,-6.1867,-7.0498,searching_wall
2026-07-09 12:29:04.286,pillar_wall_bad,pill_bad_02,negative,1.6382,-4.3589,0.997,0.8469,1.026,11.625,0.0289,0.741,-0.022,0.1,3.1566,-6.2092,-7.0664,approaching_wall
2026-07-09 12:29:04.386,pillar_wall_bad,pill_bad_02,negative,2.3854,0.1629,11.412,0.8756,0.997,11.596,0.0236,0.711,-0.008,0.0,3.185,-6.2362,-7.0797,searching_wall
2026-07-09 12:29:04.486,pillar_wall_bad,pill_bad_02,negative,0.0096,0.1341,11.387,-0.2173,0.937,11.61,0.0213,0.677,-0.0124,0.0,3.211,-6.2649,-7.0881,searching_wall
2026-07-09 12:29:04.586,pillar_wall_bad,pill_bad_02,negative,0.4982,-1.2837,11.393,2.6877,0.258,11.637,0.0269,0.645,-0.0241,0.0,3.2315,-6.2898,-7.0924,searching_wall
2026-07-09 12:29:04.686,pillar_wall_bad,pill_bad_02,negative,0.4982,-1.2837,11.341,2.6877,0.842,65.533,0.0139,0.62,-0.0084,0.0,3.2468,-6.3095,-7.0944,searching_wall
2026-07-09 12:29:04.786,pillar_wall_bad,pill_bad_02,negative,0.5652,1.3029,6.247,0.8245,0.782,65.533,0.0098,0.604,-0.0011,0.0,3.2579,-6.3237,-7.0958,searching_wall
2026-07-09 12:29:04.886,pillar_wall_bad,pill_bad_02,negative,0.4982,-1.2837,5.199,2.6877,0.734,2.06,0.0096,0.593,0.015,0.0,3.2675,-6.3345,-7.0987,searching_wall
2026-07-09 12:29:04.986,pillar_wall_bad,pill_bad_02,negative,-0.1245,1.437,0.948,0.7212,0.693,1.51,0.0065,0.594,0.0159,0.1,3.2767,-6.3419,-7.1042,approaching_wall
2026-07-09 12:29:05.086,pillar_wall_bad,pill_bad_02,negative,0.7664,0.5269,65.533,0.229,0.548,1.532,0.003,0.592,0.0146,0.0,3.2848,-6.3466,-7.111,searching_wall
2026-07-09 12:29:05.186,pillar_wall_bad,pill_bad_02,negative,-0.1437,1.1688,11.041,0.1076,0.644,1.566,0.003,0.604,0.01,0.0,3.2917,-6.3496,-7.1178,searching_wall
2026-07-09 12:29:05.286,pillar_wall_bad,pill_bad_02,negative,-0.3545,0.1629,65.533,0.1886,0.644,1.565,0.0019,0.591,0.0049,0.0,3.2972,-6.3514,-7.1237,searching_wall
2026-07-09 12:29:05.386,pillar_wall_bad,pill_bad_02,negative,-0.1916,-0.3545,65.533,0.1832,0.659,1.565,0.0026,0.593,0.0055,0.0,3.3025,-6.353,-7.1296,searching_wall
2026-07-09 12:29:05.486,pillar_wall_bad,pill_bad_02,negative,0.0671,0.3928,65.533,0.2226,0.665,1.559,0.0036,0.589,0.0031,0.0,3.3091,-6.3554,-7.1365,searching_wall
2026-07-09 12:29:05.586,pillar_wall_bad,pill_bad_02,negative,-0.0287,0.1437,65.533,0.1822,0.65,1.561,0.0033,0.598,0.0064,0.0,3.3158,-6.358,-7.1434,searching_wall
2026-07-09 12:29:05.686,pillar_wall_bad,pill_bad_02,negative,-0.1629,-0.0096,65.533,0.2248,0.625,1.56,0.004,0.597,0.0036,0.0,3.3231,-6.3609,-7.1508,searching_wall
2026-07-09 12:29:05.786,pillar_wall_bad,pill_bad_02,negative,-0.2395,0.6514,65.533,0.1449,0.611,1.558,0.0023,0.595,0.0033,0.0,3.33,-6.3635,-7.158,searching_wall
2026-07-09 12:29:05.886,pillar_wall_bad,pill_bad_02,negative,0.4982,-1.2837,65.533,2.6877,0.637,1.543,0.004,0.593,0.0025,0.0,3.3375,-6.3663,-7.1658,searching_wall
2026-07-09 12:29:05.986,pillar_wall_bad,pill_bad_02,negative,0.1245,-0.115,65.533,0.0607,0.627,1.565,0.0033,0.595,0.0065,0.0,3.3448,-6.369,-7.1734,searching_wall
2026-07-09 12:29:06.086,pillar_wall_bad,pill_bad_02,negative,-0.2012,0.0,65.533,0.0288,0.63,1.55,0.0024,0.59,0.002,0.0,3.3521,-6.3716,-7.181,searching_wall
2026-07-09 12:29:06.186,pillar_wall_bad,pill_bad_02,negative,-0.3066,-0.0287,65.533,-0.0533,0.657,1.549,0.004,0.592,0.0009,0.0,3.3597,-6.3744,-7.189,searching_wall
2026-07-09 12:29:06.286,pillar_wall_bad,pill_bad_02,negative,0.0479,0.6419,65.533,0.0,0.636,1.555,0.0032,0.598,0.0088,0.0,3.3669,-6.377,-7.1965,searching_wall
2026-07-09 12:29:06.387,pillar_wall_bad,pill_bad_02,negative,0.4982,-1.2837,65.533,2.6877,0.608,1.558,0.0022,0.592,0.0057,0.0,3.3716,-6.3785,-7.2016,searching_wall
2026-07-09 12:29:06.486,pillar_wall_bad,pill_bad_02,negative,0.1341,0.5077,65.533,0.0064,0.625,1.554,0.0027,0.592,0.0016,0.0,3.3808,-6.3818,-7.2112,searching_wall
2026-07-09 12:29:06.586,pillar_wall_bad,pill_bad_02,negative,0.4982,-1.2837,65.533,2.6877,0.596,1.554,0.0043,0.596,0.0017,0.0,3.3869,-6.3841,-7.2175,searching_wall
2026-07-09 12:29:06.686,pillar_wall_bad,pill_bad_02,negative,0.0383,0.0862,65.533,0.0341,0.613,1.559,0.0041,0.592,0.002,0.0,3.3942,-6.3868,-7.2251,searching_wall
2026-07-09 12:29:06.786,pillar_wall_bad,pill_bad_02,negative,0.2299,-0.4598,65.533,0.0383,0.639,1.552,0.0037,0.592,0.0028,0.0,3.4034,-6.3901,-7.2347,searching_wall
2026-07-09 12:29:06.886,pillar_wall_bad,pill_bad_02,negative,-0.0575,0.6419,65.533,0.0117,0.659,1.559,0.0029,0.587,0.003,0.0,3.4094,-6.3924,-7.2409,searching_wall
2026-07-09 12:29:06.986,pillar_wall_bad,pill_bad_02,negative,-0.1341,0.2874,65.533,0.0639,0.632,1.552,0.0036,0.594,0.0016,0.0,3.4171,-6.3952,-7.2489,searching_wall
2026-07-09 12:29:07.086,pillar_wall_bad,pill_bad_02,negative,-0.2395,0.2491,65.533,-0.0245,0.626,1.55,0.0033,0.593,0.0007,0.0,3.426,-6.3983,-7.2583,searching_wall
2026-07-09 12:29:07.186,pillar_wall_bad,pill_bad_02,negative,0.5269,0.6898,65.533,-0.0149,0.627,1.545,0.0024,0.6,0.0017,0.0,3.4327,-6.4006,-7.2653,searching_wall
2026-07-09 12:29:07.286,pillar_wall_bad,pill_bad_02,negative,-0.2108,0.7089,65.533,-0.0341,0.626,1.554,0.0028,0.594,0.0015,0.0,3.4397,-6.403,-7.2728,searching_wall
2026-07-09 12:29:07.386,pillar_wall_bad,pill_bad_02,negative,-0.2012,0.3257,65.533,0.3409,0.655,1.553,0.0028,0.592,0.0012,0.0,3.4459,-6.4051,-7.2793,searching_wall
2026-07-09 12:29:07.486,pillar_wall_bad,pill_bad_02,negative,-0.2587,0.6514,65.533,0.4357,65.533,1.544,0.0008,0.585,-0.0003,0.0,3.45,-6.4064,-7.2837,searching_wall
2026-07-09 12:29:07.586,pillar_wall_bad,pill_bad_02,negative,-0.2012,-0.364,0.979,0.6083,0.566,1.54,0.0004,0.589,-0.0013,0.1,3.452,-6.4068,-7.2861,approaching_wall
2026-07-09 12:29:07.686,pillar_wall_bad,pill_bad_02,negative,-0.3257,0.6802,0.895,-0.0373,0.69,1.531,-0.0,0.587,-0.0022,0.1,3.4523,-6.4069,-7.2865,approaching_wall
2026-07-09 12:29:07.786,pillar_wall_bad,pill_bad_02,negative,0.0383,0.6419,0.912,-0.0298,0.692,1.533,0.0,0.592,0.0002,0.1,3.4523,-6.4069,-7.2865,approaching_wall
2026-07-09 12:29:07.886,pillar_wall_bad,pill_bad_02,negative,-0.0096,0.6323,0.902,0.066,0.691,1.528,0.0,0.59,0.0001,0.1,3.4523,-6.4069,-7.2865,approaching_wall
2026-07-09 12:29:07.986,pillar_wall_bad,pill_bad_02,negative,-0.115,0.4598,0.924,0.0149,0.693,1.532,-0.0,0.594,-0.0001,0.1,3.4523,-6.4069,-7.2865,approaching_wall
2026-07-09 12:29:08.086,pillar_wall_bad,pill_bad_02,negative,-0.2299,0.4024,0.917,-0.0064,0.707,1.537,-0.0,0.587,0.0,0.1,3.4523,-6.4069,-7.2865,approaching_wall
2026-07-09 12:29:08.186,pillar_wall_bad,pill_bad_02,negative,-0.1341,0.3449,0.927,-0.0128,0.69,1.529,0.0,0.593,0.0,0.1,3.4523,-6.4069,-7.2865,approaching_wall
2026-07-09 12:29:08.286,pillar_wall_bad,pill_bad_02,negative,-0.2108,0.7951,0.908,0.0053,0.681,1.532,0.0,0.594,0.0,0.1,3.4523,-6.4069,-7.2865,approaching_wall
2026-07-09 12:29:08.386,pillar_wall_bad,pill_bad_02,negative,-0.2491,1.3029,0.908,-1.2655,0.69,1.542,0.0001,0.588,-0.0007,0.1,3.4525,-6.4069,-7.2867,approaching_wall
2026-07-09 12:29:08.486,pillar_wall_bad,pill_bad_02,negative,0.4982,-1.2837,0.899,2.6877,0.545,1.535,0.0011,0.592,0.0032,0.1,3.4538,-6.4076,-7.2879,approaching_wall
2026-07-09 12:29:08.586,pillar_wall_bad,pill_bad_02,negative,-0.4982,0.2299,65.533,-1.1281,0.638,1.549,0.0045,0.588,-0.0022,0.0,3.4572,-6.41,-7.2903,searching_wall
2026-07-09 12:29:08.686,pillar_wall_bad,pill_bad_02,negative,-0.5461,0.9197,65.533,-0.8661,0.637,1.569,0.0036,0.588,0.0019,0.0,3.4619,-6.4143,-7.2927,searching_wall
2026-07-09 12:29:08.786,pillar_wall_bad,pill_bad_02,negative,1.6382,0.3066,10.947,0.212,0.634,1.587,0.0099,0.581,0.0055,0.0,3.4672,-6.4202,-7.2944,searching_wall
2026-07-09 12:29:08.886,pillar_wall_bad,pill_bad_02,negative,0.4982,-1.2837,10.953,2.6877,0.613,0.257,0.0124,0.573,0.0026,0.0,3.4744,-6.4302,-7.2948,searching_wall
2026-07-09 12:29:08.986,pillar_wall_bad,pill_bad_02,negative,0.9293,4.5984,0.874,0.1268,0.591,1.596,0.008,0.544,0.0011,0.1,3.4816,-6.4396,-7.2956,approaching_wall
2026-07-09 12:29:09.086,pillar_wall_bad,pill_bad_02,negative,-0.364,2.0022,10.947,0.0522,0.577,1.597,0.0007,0.535,-0.0029,0.1,3.4842,-6.4429,-7.2961,approaching_wall
2026-07-09 12:29:09.186,pillar_wall_bad,pill_bad_02,negative,-0.3257,-0.9005,0.441,-0.1001,0.579,1.597,-0.0012,0.538,0.001,0.05,3.4836,-6.442,-7.2961,obstacle_detected
2026-07-09 12:29:09.286,pillar_wall_bad,pill_bad_02,negative,0.4982,-1.2837,0.483,2.6877,0.581,1.593,-0.0001,0.536,-0.0002,0.05,3.4828,-6.4411,-7.2959,obstacle_detected
2026-07-09 12:29:09.386,pillar_wall_bad,pill_bad_02,negative,-0.115,0.7568,0.393,-0.0479,0.574,1.597,0.0003,0.532,0.0,0.05,3.4832,-6.4416,-7.296,obstacle_detected
2026-07-09 12:29:09.486,pillar_wall_bad,pill_bad_02,negative,-0.1054,0.594,0.362,-0.016,0.582,1.607,0.0001,0.547,0.0001,0.05,3.4834,-6.4419,-7.296,obstacle_detected
2026-07-09 12:29:09.586,pillar_wall_bad,pill_bad_02,negative,-0.0479,0.661,0.337,-0.0479,0.577,1.592,-0.0001,0.532,-0.0001,0.05,3.4834,-6.4418,-7.296,obstacle_detected
2026-07-09 12:29:09.686,pillar_wall_bad,pill_bad_02,negative,-0.1724,-0.4694,0.347,-0.0607,0.58,1.595,0.0009,0.534,-0.0007,0.08,3.4837,-6.4424,-7.2959,obstacle_avoidance
2026-07-09 12:29:09.786,pillar_wall_bad,pill_bad_02,negative,0.4982,-1.2837,10.965,2.6877,0.582,1.591,0.0066,0.528,-0.0091,0.08,3.4856,-6.4461,-7.2949,obstacle_avoidance
2026-07-09 12:29:09.886,pillar_wall_bad,pill_bad_02,negative,-0.8143,1.3795,10.939,-1.0546,0.561,1.589,0.0047,0.523,-0.0087,0.08,3.488,-6.4524,-7.2922,obstacle_avoidance
2026-07-09 12:29:09.986,pillar_wall_bad,pill_bad_02,negative,0.8909,-1.3316,10.938,-1.2836,0.557,1.599,0.0063,0.517,-0.0189,0.08,3.4893,-6.4595,-7.287,obstacle_avoidance
2026-07-09 12:29:10.086,pillar_wall_bad,pill_bad_02,negative,-0.0479,-0.5173,10.932,-0.3398,0.543,1.605,0.0059,0.51,-0.0134,0.08,3.4889,-6.467,-7.2791,obstacle_avoidance
2026-07-09 12:29:10.186,pillar_wall_bad,pill_bad_02,negative,-0.8047,0.2874,0.906,-1.437,0.522,1.497,0.0101,0.508,-0.0152,0.08,3.4862,-6.4763,-7.2661,obstacle_avoidance
2026-07-09 12:29:10.286,pillar_wall_bad,pill_bad_02,negative,0.4982,-0.3545,8.163,-0.3473,0.51,1.327,0.0095,0.502,-0.0148,0.08,3.4807,-6.4856,-7.2491,obstacle_avoidance
2026-07-09 12:29:10.386,pillar_wall_bad,pill_bad_02,negative,0.364,0.9963,7.472,0.4985,0.496,1.148,0.0069,0.516,-0.0076,0.08,3.474,-6.4939,-7.2311,obstacle_avoidance
2026-07-09 12:29:10.486,pillar_wall_bad,pill_bad_02,negative,-0.3928,-0.2778,0.259,0.9278,0.479,1.006,0.0065,0.531,-0.0143,0.08,3.4652,-6.5033,-7.209,obstacle_avoidance
2026-07-09 12:29:10.586,pillar_wall_bad,pill_bad_02,negative,0.2012,0.2491,5.974,0.2418,0.478,0.92,0.004,0.558,-0.015,0.08,3.4558,-6.5104,-7.188,obstacle_avoidance
2026-07-09 12:29:10.686,pillar_wall_bad,pill_bad_02,negative,0.0479,-0.1533,5.454,0.5593,0.466,0.834,0.0008,0.573,0.0101,0.08,3.4439,-6.5121,-7.1691,obstacle_avoidance
2026-07-09 12:29:10.786,pillar_wall_bad,pill_bad_02,negative,-0.7281,-0.5269,5.045,-0.1129,0.474,0.784,0.002,0.391,-0.0003,0.08,3.4334,-6.5132,-7.1526,obstacle_avoidance
2026-07-09 12:29:10.886,pillar_wall_bad,pill_bad_02,negative,-0.0958,0.7568,4.788,1.1398,0.473,0.754,0.0021,0.612,0.0048,0.08,3.4243,-6.5153,-7.1372,obstacle_avoidance
2026-07-09 12:29:10.986,pillar_wall_bad,pill_bad_02,negative,0.7281,0.3353,0.646,-0.0671,0.479,0.496,0.0042,0.64,0.0139,0.08,3.416,-6.5189,-7.1211,obstacle_avoidance
2026-07-09 12:29:11.086,pillar_wall_bad,pill_bad_02,negative,-0.0958,1.2071,4.34,1.8067,0.474,0.688,0.0092,0.661,0.0233,0.08,3.4114,-6.5275,-7.1051,obstacle_avoidance
2026-07-09 12:29:11.186,pillar_wall_bad,pill_bad_02,negative,-0.0287,-0.6514,4.33,0.7489,0.474,0.687,0.0079,0.675,0.0095,0.08,3.412,-6.5351,-7.0977,obstacle_avoidance
2026-07-09 12:29:11.287,pillar_wall_bad,pill_bad_02,negative,-0.0383,-0.0287,4.329,-0.0447,0.48,0.689,0.0067,0.677,0.0006,0.08,3.4176,-6.5473,-7.0926,obstacle_avoidance
2026-07-09 12:29:11.386,pillar_wall_bad,pill_bad_02,negative,-0.0766,0.1724,4.331,0.0671,0.479,0.679,0.0102,0.667,0.0009,0.08,3.422,-6.5546,-7.0911,obstacle_avoidance
2026-07-09 12:29:11.486,pillar_wall_bad,pill_bad_02,negative,-0.182,0.6323,4.34,0.0629,0.477,0.684,0.0099,0.683,0.0018,0.08,3.4276,-6.5641,-7.089,obstacle_avoidance
2026-07-09 12:29:11.586,pillar_wall_bad,pill_bad_02,negative,-0.1533,0.2012,4.341,0.0554,0.478,0.686,0.0108,0.679,0.0056,0.08,3.4321,-6.5723,-7.0866,obstacle_avoidance
