timestamp,scenario,run_id,example_type,imu_angular_z,imu_accel_x,lidar_front,imu_accel_y,lidar_left,odom_linear_x,lidar_front_right,pos_y,lidar_right,pos_x,odom_angular_z,action_label
2026-07-04 14:47:20.652,plain_wall_bad,pw_bad_05,negative,0.0192,-0.1533,6.233,0.5844,0.289,0.0,65.533,3.2823,2.708,2.1373,0.0,wall_following_fail
2026-07-04 14:47:20.752,plain_wall_bad,pw_bad_05,negative,1.7758,-0.0862,6.169,-0.3353,0.29,0.0005,65.533,3.2821,2.706,2.1368,0.0019,wall_following_fail
2026-07-04 14:47:20.852,plain_wall_bad,pw_bad_05,negative,0.5635,0.4215,6.143,-0.4119,0.289,0.0048,65.533,3.2782,2.716,2.1311,-0.0011,wall_following_fail
2026-07-04 14:47:20.952,plain_wall_bad,pw_bad_05,negative,0.4037,-0.2874,6.256,-0.0671,0.299,0.0092,65.533,3.2683,2.699,2.1199,0.0004,wall_following_fail
2026-07-04 14:47:21.052,plain_wall_bad,pw_bad_05,negative,-0.2194,-0.0479,6.234,0.6898,0.318,0.0136,65.533,3.2549,2.692,2.1064,0.0005,wall_following_fail
2026-07-04 14:47:21.152,plain_wall_bad,pw_bad_05,negative,-0.0415,0.0287,65.533,1.0442,0.333,0.0097,65.533,3.2416,2.677,2.0926,0.001,wall_following_fail
2026-07-04 14:47:21.252,plain_wall_bad,pw_bad_05,negative,0.114,-0.0575,65.533,0.6706,0.343,0.0081,65.533,3.2299,2.67,2.0807,-0.001,wall_following_fail
2026-07-04 14:47:21.352,plain_wall_bad,pw_bad_05,negative,0.1577,-0.1245,65.533,0.8335,0.349,0.0083,65.533,3.2189,2.651,2.0703,-0.0005,wall_following_fail
2026-07-04 14:47:21.452,plain_wall_bad,pw_bad_05,negative,0.1289,0.1245,65.533,0.958,0.368,0.0102,65.533,3.2072,2.639,2.0597,0.0004,wall_following_fail
2026-07-04 14:47:21.552,plain_wall_bad,pw_bad_05,negative,0.1225,-0.1054,65.533,0.7856,0.377,0.0118,65.533,3.1954,2.636,2.0496,-0.0006,wall_following_fail
2026-07-04 14:47:21.652,plain_wall_bad,pw_bad_05,negative,0.1864,0.0096,65.533,0.4407,0.391,0.0082,65.533,3.1848,2.632,2.0413,0.0001,wall_following_fail
2026-07-04 14:47:21.752,plain_wall_bad,pw_bad_05,negative,0.1385,-0.1437,65.533,1.3221,0.4,0.0089,65.533,3.1741,2.623,2.0336,0.0003,wall_following_fail
2026-07-04 14:47:21.852,plain_wall_bad,pw_bad_05,negative,0.0618,0.0287,65.533,0.7281,0.41,0.0103,65.533,3.1625,2.612,2.0258,-0.0003,wall_following
2026-07-04 14:47:21.952,plain_wall_bad,pw_bad_05,negative,0.3036,-0.2395,65.533,0.2395,0.414,0.0104,65.533,3.1517,2.608,2.0191,-0.0,wall_following
2026-07-04 14:47:22.052,plain_wall_bad,pw_bad_05,negative,0.1736,-0.1054,65.533,0.5652,0.422,0.0089,65.533,3.1417,2.606,2.0136,-0.0001,wall_following
2026-07-04 14:47:22.152,plain_wall_bad,pw_bad_05,negative,0.1001,-0.1341,65.533,0.9963,0.432,0.0085,65.533,3.1309,2.601,2.0083,-0.0001,wall_following
2026-07-04 14:47:22.252,plain_wall_bad,pw_bad_05,negative,0.1854,-0.182,65.533,0.7664,0.444,0.0083,65.533,3.1202,2.599,2.0036,0.0003,wall_following
2026-07-04 14:47:22.352,plain_wall_bad,pw_bad_05,negative,0.2035,0.0192,65.533,0.843,0.44,0.009,65.533,3.1099,2.579,1.9995,0.0002,wall_following
2026-07-04 14:47:22.452,plain_wall_bad,pw_bad_05,negative,0.1854,0.0766,65.533,0.1629,0.444,0.0095,65.533,3.0994,2.551,1.9958,-0.0,wall_following
2026-07-04 14:47:22.552,plain_wall_bad,pw_bad_05,negative,0.114,0.0192,65.533,0.3449,0.441,0.0098,65.533,3.0887,2.521,1.9924,0.0004,wall_following
2026-07-04 14:47:22.652,plain_wall_bad,pw_bad_05,negative,0.066,-0.2587,65.533,0.5365,0.445,0.0097,65.533,3.0781,2.482,1.9893,-0.0001,wall_following
2026-07-04 14:47:22.752,plain_wall_bad,pw_bad_05,negative,0.1992,0.1724,65.533,0.3161,0.455,0.0086,65.533,3.0679,2.435,1.9867,0.0008,wall_following
2026-07-04 14:47:22.852,plain_wall_bad,pw_bad_05,negative,0.131,-0.1533,65.533,0.3066,0.465,0.0089,65.533,3.0577,2.397,1.9845,-0.0001,wall_following
2026-07-04 14:47:22.952,plain_wall_bad,pw_bad_05,negative,0.2866,0.0766,65.533,1.0442,0.466,0.0089,65.533,3.0475,2.379,1.9828,-0.0001,wall_following
2026-07-04 14:47:23.052,plain_wall_bad,pw_bad_05,negative,0.1023,-0.0383,65.533,0.4215,0.462,0.0095,65.533,3.0374,2.371,1.9816,-0.0003,wall_following
2026-07-04 14:47:23.152,plain_wall_bad,pw_bad_05,negative,0.0618,-0.1724,65.533,-0.2587,0.467,0.0098,65.533,3.027,2.335,1.9805,0.0002,wall_following
2026-07-04 14:47:23.252,plain_wall_bad,pw_bad_05,negative,0.1577,0.1245,65.533,0.594,0.469,0.0133,65.533,3.0166,2.325,1.9796,0.0003,wall_following
2026-07-04 14:47:23.352,plain_wall_bad,pw_bad_05,negative,0.0085,-0.0192,65.533,0.7664,0.476,0.0106,65.533,3.0066,2.295,1.979,-0.0001,wall_following
2026-07-04 14:47:23.452,plain_wall_bad,pw_bad_05,negative,0.1289,-0.0958,65.533,0.6035,0.475,0.0093,65.533,2.9964,2.312,1.9785,0.0001,wall_following
2026-07-04 14:47:23.552,plain_wall_bad,pw_bad_05,negative,0.0554,-0.0766,65.533,0.2203,0.474,0.0092,65.533,2.9863,2.368,1.9782,0.0,wall_following
2026-07-04 14:47:23.652,plain_wall_bad,pw_bad_05,negative,-0.0298,-0.115,65.533,-0.0287,0.476,0.0098,65.533,2.9761,2.458,1.978,-0.0003,wall_following
2026-07-04 14:47:23.752,plain_wall_bad,pw_bad_05,negative,0.0937,-0.1054,65.533,0.7568,0.481,0.0092,65.533,2.966,2.457,1.9779,0.0002,wall_following
2026-07-04 14:47:23.852,plain_wall_bad,pw_bad_05,negative,0.1353,0.1341,65.533,0.4215,0.49,0.0079,65.533,2.9559,2.482,1.9779,0.0006,wall_following
2026-07-04 14:47:23.953,plain_wall_bad,pw_bad_05,negative,0.2013,-0.2299,65.533,0.5748,0.494,0.0095,65.533,2.9459,2.53,1.9782,-0.0003,wall_following
2026-07-04 14:47:24.052,plain_wall_bad,pw_bad_05,negative,0.1736,-0.1341,65.533,0.6227,0.487,0.0097,65.533,2.936,2.491,1.979,-0.0003,wall_following
2026-07-04 14:47:24.152,plain_wall_bad,pw_bad_05,negative,0.0959,-0.0766,65.533,0.2587,0.49,0.0134,65.533,2.9259,2.326,1.9799,-0.0,wall_following
2026-07-04 14:47:24.252,plain_wall_bad,pw_bad_05,negative,-0.0245,0.1533,65.533,0.8047,0.492,0.0129,65.533,2.9159,2.29,1.9809,-0.0002,wall_following
2026-07-04 14:47:24.352,plain_wall_bad,pw_bad_05,negative,-0.1161,0.1341,65.533,0.5461,0.491,0.0094,65.533,2.9059,2.326,1.9818,-0.0002,wall_following
2026-07-04 14:47:24.452,plain_wall_bad,pw_bad_05,negative,0.3164,-0.0575,65.533,0.6419,0.493,0.0076,7.82,2.8965,2.316,1.9826,0.0012,wall_following
2026-07-04 14:47:24.552,plain_wall_bad,pw_bad_05,negative,0.0,-0.0958,65.533,1.619,0.494,0.0023,7.802,2.8911,2.318,1.9832,0.0,wall_following
2026-07-04 14:47:24.652,plain_wall_bad,pw_bad_05,negative,0.3366,0.2203,65.533,-1.8394,0.487,-0.0029,7.832,2.8916,2.308,1.9832,-0.0042,wall_following
2026-07-04 14:47:24.752,plain_wall_bad,pw_bad_05,negative,2.4331,0.8239,65.533,-0.1437,0.485,0.0031,7.837,2.8917,2.317,1.9832,0.0025,wall_following
2026-07-04 14:47:24.852,plain_wall_bad,pw_bad_05,negative,1.4275,1.14,65.533,0.7664,0.48,0.0112,7.803,2.8861,2.326,1.9878,0.0094,wall_following
2026-07-04 14:47:24.952,plain_wall_bad,pw_bad_05,negative,-0.1332,-0.2299,65.533,-0.3928,0.474,0.0135,7.754,2.8766,2.339,1.9981,0.0114,wall_following
2026-07-04 14:47:25.052,plain_wall_bad,pw_bad_05,negative,0.3814,0.115,65.533,0.5173,0.45,0.0148,7.841,2.864,2.393,2.0139,0.015,wall_following
2026-07-04 14:47:25.152,plain_wall_bad,pw_bad_05,negative,0.4602,0.1437,65.533,2.1459,0.432,0.0093,7.885,2.8546,2.434,2.0286,0.007,wall_following
2026-07-04 14:47:25.252,plain_wall_bad,pw_bad_05,negative,0.5827,0.0766,65.533,1.0825,0.429,0.0034,65.533,2.8501,2.406,2.0371,0.0009,wall_following
2026-07-04 14:47:25.352,plain_wall_bad,pw_bad_05,negative,1.1217,0.4119,65.533,1.0346,0.423,0.0012,65.533,2.8489,2.386,2.0409,-0.0002,wall_following
2026-07-04 14:47:25.452,plain_wall_bad,pw_bad_05,negative,0.1374,-0.1437,65.533,0.6419,0.424,0.0004,65.533,2.8486,2.363,2.0432,0.0007,wall_following
2026-07-04 14:47:25.552,plain_wall_bad,pw_bad_05,negative,-0.6083,0.0479,65.533,5.8151,0.424,0.0009,65.533,2.8486,2.424,2.0442,-0.0027,wall_following
2026-07-04 14:47:25.652,plain_wall_bad,pw_bad_05,negative,-0.718,-0.1245,65.533,-0.5077,0.409,0.0044,65.533,2.848,2.289,2.0521,0.0002,wall_following
2026-07-04 14:47:25.752,plain_wall_bad,pw_bad_05,negative,-0.4911,-0.3066,65.533,1.3412,0.402,0.0066,65.533,2.8449,2.177,2.0676,0.0021,wall_following
2026-07-04 14:47:25.852,plain_wall_bad,pw_bad_05,negative,0.0714,-0.0671,5.667,2.6058,0.389,0.0027,65.533,2.842,2.157,2.0781,0.0003,wall_following_fail
2026-07-04 14:47:25.952,plain_wall_bad,pw_bad_05,negative,1.224,0.0766,5.7,-0.5269,0.393,-0.0007,65.533,2.8421,2.138,2.0776,-0.0002,wall_following_fail
2026-07-04 14:47:26.052,plain_wall_bad,pw_bad_05,negative,-0.1342,-0.9963,5.717,1.5232,0.391,0.0002,65.533,2.8421,2.118,2.0771,0.0009,wall_following_fail
2026-07-04 14:47:26.152,plain_wall_bad,pw_bad_05,negative,0.7883,0.182,5.691,0.9676,0.392,0.0009,65.533,2.842,2.095,2.0797,-0.0009,wall_following_fail
2026-07-04 14:47:26.252,plain_wall_bad,pw_bad_05,negative,0.179,-0.1341,5.697,0.7664,0.375,0.0011,65.533,2.8426,2.165,2.0868,0.0001,wall_following_fail
2026-07-04 14:47:26.352,plain_wall_bad,pw_bad_05,negative,0.2194,-0.0766,5.755,2.2226,0.368,0.0003,65.533,2.8436,2.14,2.0937,-0.0009,wall_following_fail
2026-07-04 14:47:26.452,plain_wall_bad,pw_bad_05,negative,-0.1055,-0.1341,5.709,0.0287,0.374,-0.0001,65.533,2.8435,2.155,2.0931,-0.001,wall_following_fail
2026-07-04 14:47:26.552,plain_wall_bad,pw_bad_05,negative,0.0703,-0.2682,5.705,0.0575,0.379,0.0001,65.533,2.8433,2.11,2.0921,0.0,wall_following_fail
2026-07-04 14:47:26.652,plain_wall_bad,pw_bad_05,negative,-1.3742,-0.1629,5.712,-0.364,0.37,0.0018,65.533,2.8438,2.122,2.0969,-0.0001,wall_following_fail
2026-07-04 14:47:26.752,plain_wall_bad,pw_bad_05,negative,0.163,-0.1533,5.716,0.3832,0.356,0.0041,65.533,2.8427,2.139,2.1073,0.0006,wall_following_fail
2026-07-04 14:47:26.852,plain_wall_bad,pw_bad_05,negative,0.9939,0.3736,5.744,2.0406,0.358,0.0013,65.533,2.8417,2.133,2.1155,0.0001,wall_following_fail
2026-07-04 14:47:26.952,plain_wall_bad,pw_bad_05,negative,-0.0383,-0.0671,5.769,0.6898,0.353,-0.0005,65.533,2.8416,2.125,2.1156,-0.0001,wall_following_fail
2026-07-04 14:47:27.052,plain_wall_bad,pw_bad_05,negative,0.1023,-0.0383,5.727,0.1245,0.355,-0.0,65.533,2.8415,2.12,2.1144,-0.0007,wall_following_fail
2026-07-04 14:47:27.152,plain_wall_bad,pw_bad_05,negative,-0.033,-0.1245,5.764,0.5077,0.351,0.0001,65.533,2.8416,2.121,2.115,0.0007,wall_following_fail
2026-07-04 14:47:27.252,plain_wall_bad,pw_bad_05,negative,-2.481,0.4694,5.773,0.4982,0.359,-0.0008,65.533,2.8417,2.145,2.1143,-0.0004,wall_following_fail
2026-07-04 14:47:27.352,plain_wall_bad,pw_bad_05,negative,-1.7662,0.4024,5.717,-0.9293,0.355,0.0007,65.533,2.8421,2.144,2.1135,-0.0006,wall_following_fail
2026-07-04 14:47:27.452,plain_wall_bad,pw_bad_05,negative,-1.9952,-0.1054,5.728,-0.5461,0.356,0.0084,65.533,2.8394,2.123,2.1154,-0.0,wall_following_fail
2026-07-04 14:47:27.552,plain_wall_bad,pw_bad_05,negative,-1.8386,-0.0479,5.703,-0.0862,0.356,0.0153,65.533,2.8295,2.117,2.1179,-0.0003,wall_following_fail
2026-07-04 14:47:27.652,plain_wall_bad,pw_bad_05,negative,-1.0195,-0.5077,5.68,0.6802,0.368,0.0111,65.533,2.8166,2.152,2.117,0.0005,wall_following_fail
2026-07-04 14:47:27.752,plain_wall_bad,pw_bad_05,negative,-0.5667,-0.1437,5.675,-0.1437,0.375,0.0108,65.533,2.8035,2.114,2.1133,0.0003,wall_following_fail
2026-07-04 14:47:27.852,plain_wall_bad,pw_bad_05,negative,-0.3036,-0.2012,5.685,0.661,0.382,0.0106,65.533,2.7902,2.162,2.1078,-0.0002,wall_following_fail
2026-07-04 14:47:27.952,plain_wall_bad,pw_bad_05,negative,-0.1119,-0.297,5.604,0.6035,0.396,0.0098,65.533,2.7776,2.16,2.1016,-0.0003,wall_following_fail
2026-07-04 14:47:28.052,plain_wall_bad,pw_bad_05,negative,-0.0064,-0.0479,5.616,0.4982,0.405,0.0129,65.533,2.7658,2.177,2.0956,0.0011,wall_following
2026-07-04 14:47:28.152,plain_wall_bad,pw_bad_05,negative,0.1055,0.1629,5.632,0.4598,0.413,0.0094,65.533,2.7544,2.19,2.0897,-0.0002,wall_following
2026-07-04 14:47:28.252,plain_wall_bad,pw_bad_05,negative,0.2141,-0.3545,5.602,-0.0671,0.416,0.0087,65.533,2.7436,2.215,2.0845,0.0003,wall_following
2026-07-04 14:47:28.352,plain_wall_bad,pw_bad_05,negative,0.212,-0.0192,5.582,0.6514,0.416,0.0089,65.533,2.7327,2.21,2.0796,-0.0003,wall_following
2026-07-04 14:47:28.452,plain_wall_bad,pw_bad_05,negative,0.1395,-0.1341,65.533,0.5077,0.424,0.0091,65.533,2.7219,2.237,2.0753,0.0006,wall_following
2026-07-04 14:47:28.553,plain_wall_bad,pw_bad_05,negative,0.1332,0.0766,5.616,0.5461,0.432,0.0122,65.533,2.711,2.223,2.0714,-0.0001,wall_following
2026-07-04 14:47:28.652,plain_wall_bad,pw_bad_05,negative,0.066,-0.0383,65.533,0.364,0.436,0.0091,65.533,2.7003,2.233,2.0678,0.0001,wall_following
2026-07-04 14:47:28.752,plain_wall_bad,pw_bad_05,negative,0.1332,-0.0383,65.533,0.7472,0.438,0.0094,65.533,2.6896,2.226,2.0644,0.0006,wall_following
2026-07-04 14:47:28.852,plain_wall_bad,pw_bad_05,negative,0.212,0.0192,65.533,0.8143,0.451,0.0092,65.533,2.6792,2.217,2.0614,0.0007,wall_following
2026-07-04 14:47:28.952,plain_wall_bad,pw_bad_05,negative,0.0202,-0.0575,65.533,0.5556,0.444,0.0089,65.533,2.6687,2.228,2.0587,0.0009,wall_following
2026-07-04 14:47:29.052,plain_wall_bad,pw_bad_05,negative,0.1364,-0.0479,5.505,0.5269,0.446,0.0117,65.533,2.6581,2.208,2.0561,0.0006,wall_following
2026-07-04 14:47:29.152,plain_wall_bad,pw_bad_05,negative,0.2333,-0.0479,65.533,0.6993,0.46,0.0083,65.533,2.6478,2.212,2.0538,0.0012,wall_following
2026-07-04 14:47:29.252,plain_wall_bad,pw_bad_05,negative,0.2354,-0.0575,5.548,0.6514,0.469,0.0084,65.533,2.6379,2.202,2.052,0.0019,wall_following
2026-07-04 14:47:29.352,plain_wall_bad,pw_bad_05,negative,0.0181,-0.0958,65.533,0.2587,0.466,0.0085,65.533,2.628,2.141,2.0505,0.0012,wall_following
2026-07-04 14:47:29.452,plain_wall_bad,pw_bad_05,negative,0.032,0.1437,65.533,1.1113,0.468,0.009,65.533,2.6178,2.22,2.0492,0.0016,wall_following
2026-07-04 14:47:29.552,plain_wall_bad,pw_bad_05,negative,0.0234,0.0192,5.489,0.6419,0.465,0.0123,65.533,2.6076,2.213,2.048,0.0022,wall_following
2026-07-04 14:47:29.652,plain_wall_bad,pw_bad_05,negative,0.0053,-0.297,65.533,0.5077,0.473,0.0089,65.533,2.5974,2.228,2.0468,0.0015,wall_following
2026-07-04 14:47:29.752,plain_wall_bad,pw_bad_05,negative,0.2802,-0.0766,65.533,0.3257,0.477,0.0098,65.533,2.588,2.228,2.0458,0.0021,wall_following
2026-07-04 14:47:29.852,plain_wall_bad,pw_bad_05,negative,-0.0138,-0.2108,65.533,0.9676,0.474,0.0119,65.533,2.5778,2.241,2.045,0.0022,wall_following
2026-07-04 14:47:29.952,plain_wall_bad,pw_bad_05,negative,0.2056,0.0479,65.533,0.6131,0.478,0.0075,65.533,2.5683,2.336,2.0446,0.0019,wall_following
2026-07-04 14:47:30.052,plain_wall_bad,pw_bad_05,negative,0.0298,-0.0575,5.712,0.843,0.476,0.0087,65.533,2.5585,3.13,2.0445,0.0013,wall_following
2026-07-04 14:47:30.152,plain_wall_bad,pw_bad_05,negative,0.0224,-0.0862,65.533,0.6514,0.487,0.0083,65.533,2.5488,3.144,2.0444,0.0017,wall_following
2026-07-04 14:47:30.252,plain_wall_bad,pw_bad_05,negative,0.0969,0.0862,65.533,0.5844,0.48,0.0112,65.533,2.5391,3.142,2.0446,0.0028,wall_following
2026-07-04 14:47:30.352,plain_wall_bad,pw_bad_05,negative,-0.1023,-0.2682,5.809,0.0192,0.488,0.0095,65.533,2.5294,3.143,2.0449,0.0013,wall_following
2026-07-04 14:47:30.452,plain_wall_bad,pw_bad_05,negative,0.2216,0.0287,5.896,0.2203,0.48,0.0098,65.533,2.5195,3.139,2.0457,0.0008,wall_following
2026-07-04 14:47:30.552,plain_wall_bad,pw_bad_05,negative,0.2258,-0.1245,5.906,0.6514,0.486,0.0129,65.533,2.5096,3.135,2.0469,0.0013,wall_following
2026-07-04 14:47:30.652,plain_wall_bad,pw_bad_05,negative,-0.1353,-0.1916,65.533,0.3832,0.486,0.0101,65.533,2.4996,3.14,2.0484,0.0003,wall_following
2026-07-04 14:47:30.752,plain_wall_bad,pw_bad_05,negative,-0.1438,0.0096,65.533,0.1437,0.497,0.0092,65.533,2.4896,3.141,2.0498,-0.0001,wall_following
2026-07-04 14:47:30.852,plain_wall_bad,pw_bad_05,negative,0.0043,-0.0096,65.533,0.1245,0.489,0.0115,65.533,2.4797,3.139,2.0513,-0.0004,wall_following
2026-07-04 14:47:30.952,plain_wall_bad,pw_bad_05,negative,0.0479,-0.0192,65.533,0.9388,0.49,0.0095,65.533,2.4699,3.138,2.0528,-0.0005,wall_following
2026-07-04 14:47:31.052,plain_wall_bad,pw_bad_05,negative,-0.0085,-0.0766,65.533,0.5269,0.494,0.0105,65.533,2.46,3.14,2.0545,-0.0005,wall_following
2026-07-04 14:47:31.152,plain_wall_bad,pw_bad_05,negative,0.0426,0.0383,65.533,0.4215,0.489,0.0106,65.533,2.4504,3.139,2.0564,0.0001,wall_following
2026-07-04 14:47:31.253,plain_wall_bad,pw_bad_05,negative,-0.0362,0.1533,65.533,0.0,0.492,0.011,65.533,2.4405,3.133,2.0583,-0.0002,wall_following
2026-07-04 14:47:31.352,plain_wall_bad,pw_bad_05,negative,-0.0373,-0.0479,65.533,0.6131,0.492,0.0106,65.533,2.4305,3.129,2.0602,0.0,wall_following
2026-07-04 14:47:31.452,plain_wall_bad,pw_bad_05,negative,0.0692,0.0383,65.533,0.5077,0.492,0.0103,65.533,2.4207,3.135,2.062,-0.0003,wall_following
2026-07-04 14:47:31.552,plain_wall_bad,pw_bad_05,negative,0.1129,-0.115,65.533,0.7377,0.491,0.0113,2.73,2.4109,3.133,2.064,-0.0002,wall_following
2026-07-04 14:47:31.652,plain_wall_bad,pw_bad_05,negative,0.0011,-0.1341,65.533,0.7089,0.496,0.0095,2.706,2.4011,3.129,2.066,-0.0004,wall_following
2026-07-04 14:47:31.752,plain_wall_bad,pw_bad_05,negative,0.0064,-0.2587,65.533,0.3928,0.503,0.0092,2.658,2.3914,3.124,2.0681,-0.0007,wall_following
2026-07-04 14:47:31.852,plain_wall_bad,pw_bad_05,negative,0.0075,-0.0575,65.533,0.7664,0.502,0.0098,2.686,2.3817,3.129,2.0702,-0.0,wall_following
2026-07-04 14:47:31.952,plain_wall_bad,pw_bad_05,negative,-0.0234,-0.297,65.533,0.2587,0.488,0.01,2.683,2.3718,3.134,2.0723,0.0,wall_following
2026-07-04 14:47:32.052,plain_wall_bad,pw_bad_05,negative,0.0746,-0.1629,65.533,0.0671,0.493,0.0101,2.655,2.3622,3.129,2.0745,0.0006,wall_following
2026-07-04 14:47:32.152,plain_wall_bad,pw_bad_05,negative,-0.1289,-0.0958,65.533,0.5461,0.492,0.0108,2.625,2.3523,3.129,2.0767,0.0004,wall_following
2026-07-04 14:47:32.252,plain_wall_bad,pw_bad_05,negative,0.066,-0.2108,65.533,0.2299,0.502,0.0124,2.612,2.3425,3.133,2.0789,0.0003,wall_following
2026-07-04 14:47:32.352,plain_wall_bad,pw_bad_05,negative,0.049,-0.0766,65.533,0.661,0.497,0.0088,2.595,2.3329,3.133,2.0811,0.0005,wall_following
2026-07-04 14:47:32.452,plain_wall_bad,pw_bad_05,negative,0.0383,-0.115,65.533,0.776,0.494,0.0088,2.589,2.3232,3.133,2.0834,-0.0002,wall_following
2026-07-04 14:47:32.553,plain_wall_bad,pw_bad_05,negative,-0.0362,-0.1533,65.533,0.4503,0.491,0.0092,2.581,2.3134,3.131,2.0857,-0.0,wall_following
2026-07-04 14:47:32.652,plain_wall_bad,pw_bad_05,negative,0.1044,-0.1724,65.533,0.2395,0.499,0.0092,2.535,2.3038,3.133,2.088,-0.0,wall_following
2026-07-04 14:47:32.752,plain_wall_bad,pw_bad_05,negative,-0.0383,-0.0671,65.533,0.5269,0.501,0.0097,2.547,2.2941,3.132,2.0903,-0.0002,wall_following
2026-07-04 14:47:32.852,plain_wall_bad,pw_bad_05,negative,-0.0447,-0.1341,65.533,0.5269,0.499,0.0124,2.534,2.2842,3.133,2.0926,-0.0006,wall_following
2026-07-04 14:47:32.952,plain_wall_bad,pw_bad_05,negative,-0.0692,-0.2203,65.533,0.2587,0.495,0.0095,2.545,2.2745,3.124,2.0947,-0.0004,wall_following
2026-07-04 14:47:33.052,plain_wall_bad,pw_bad_05,negative,0.0075,-0.0958,65.533,-0.1245,0.489,0.009,2.539,2.2648,3.144,2.0968,-0.0007,wall_following
2026-07-04 14:47:33.152,plain_wall_bad,pw_bad_05,negative,-0.0043,-0.2108,65.533,0.4119,0.497,0.0122,2.548,2.255,3.121,2.0991,0.0,wall_following
2026-07-04 14:47:33.252,plain_wall_bad,pw_bad_05,negative,-0.0309,-0.182,65.533,0.2012,0.494,0.0128,2.544,2.2453,3.121,2.1014,-0.0004,wall_following
2026-07-04 14:47:33.352,plain_wall_bad,pw_bad_05,negative,0.0969,-0.0383,65.533,0.5748,0.501,0.0098,2.537,2.2356,3.124,2.1037,0.0005,wall_following
2026-07-04 14:47:33.452,plain_wall_bad,pw_bad_05,negative,-0.0874,0.0479,65.533,0.7664,0.498,0.0092,2.532,2.226,3.119,2.106,0.0,wall_following
2026-07-04 14:47:33.553,plain_wall_bad,pw_bad_05,negative,-0.1758,0.0287,65.533,0.1916,0.493,0.0102,2.533,2.2161,3.136,2.1082,-0.0002,wall_following
2026-07-04 14:47:33.652,plain_wall_bad,pw_bad_05,negative,0.2045,0.182,65.533,0.0766,0.5,0.0101,2.54,2.2063,3.126,2.1102,0.0006,wall_following
2026-07-04 14:47:33.752,plain_wall_bad,pw_bad_05,negative,0.0479,-0.1054,65.533,0.5844,0.497,0.0097,2.526,2.1968,3.127,2.1123,-0.0003,wall_following
2026-07-04 14:47:33.852,plain_wall_bad,pw_bad_05,negative,0.0064,-0.1054,65.533,0.7951,0.499,0.0098,2.527,2.1868,3.126,2.1145,-0.0002,wall_following
2026-07-04 14:47:33.952,plain_wall_bad,pw_bad_05,negative,0.0234,-0.1437,65.533,0.479,0.488,0.0098,2.522,2.1771,3.125,2.1166,0.0001,wall_following
2026-07-04 14:47:34.052,plain_wall_bad,pw_bad_05,negative,0.0032,-0.0671,65.533,0.5556,0.497,0.0093,2.511,2.1674,3.128,2.1187,-0.0002,wall_following
2026-07-04 14:47:34.152,plain_wall_bad,pw_bad_05,negative,0.0,-0.2299,65.533,0.0862,0.5,0.0109,2.529,2.1576,3.131,2.121,-0.0004,wall_following
2026-07-04 14:47:34.252,plain_wall_bad,pw_bad_05,negative,0.0639,-0.1437,65.533,0.5652,0.499,0.0099,2.511,2.1479,3.132,2.1233,-0.0004,wall_following
2026-07-04 14:47:34.352,plain_wall_bad,pw_bad_05,negative,0.0469,-0.0192,65.533,0.4598,0.507,0.0101,2.53,2.1383,3.121,2.1258,0.0001,wall_following
2026-07-04 14:47:34.452,plain_wall_bad,pw_bad_05,negative,0.0607,-0.0575,65.533,0.5556,0.494,0.0091,2.517,2.1287,3.13,2.1283,0.0,wall_following
2026-07-04 14:47:34.552,plain_wall_bad,pw_bad_05,negative,-0.0032,0.0192,65.533,0.7951,0.501,0.0104,2.512,2.1191,3.129,2.1308,0.0002,wall_following
2026-07-04 14:47:34.652,plain_wall_bad,pw_bad_05,negative,0.1033,0.0479,65.533,0.6706,0.5,0.0104,2.519,2.1094,3.129,2.1335,0.0002,wall_following
2026-07-04 14:47:34.752,plain_wall_bad,pw_bad_05,negative,-0.0107,-0.0671,65.533,0.2587,0.503,0.012,2.52,2.0997,3.125,2.1361,0.0,wall_following
2026-07-04 14:47:34.852,plain_wall_bad,pw_bad_05,negative,-0.1939,-0.4119,65.533,0.2395,0.497,0.0092,2.518,2.0902,3.124,2.1388,-0.0002,wall_following
2026-07-04 14:47:34.952,plain_wall_bad,pw_bad_05,negative,-0.0266,-0.1724,65.533,0.2012,0.494,0.0092,2.518,2.0806,3.123,2.1414,-0.0003,wall_following
2026-07-04 14:47:35.052,plain_wall_bad,pw_bad_05,negative,-0.0373,-0.1245,65.533,0.7281,0.495,0.0098,2.521,2.0708,3.123,2.1439,-0.0002,wall_following
2026-07-04 14:47:35.152,plain_wall_bad,pw_bad_05,negative,0.0266,0.0287,65.533,0.3832,0.5,0.0094,2.519,2.0612,3.125,2.1465,0.0003,wall_following
2026-07-04 14:47:35.252,plain_wall_bad,pw_bad_05,negative,0.0756,0.0,65.533,0.3928,0.495,0.0099,2.53,2.0517,3.128,2.149,-0.0,wall_following
2026-07-04 14:47:35.352,plain_wall_bad,pw_bad_05,negative,0.1726,0.0671,65.533,0.1724,0.499,0.0102,2.514,2.0419,3.129,2.1517,0.0006,wall_following
2026-07-04 14:47:35.453,plain_wall_bad,pw_bad_05,negative,0.115,0.1245,65.533,0.6131,0.502,0.0093,2.51,2.0324,3.125,2.1546,0.0002,wall_following
2026-07-04 14:47:35.552,plain_wall_bad,pw_bad_05,negative,-0.0788,-0.1724,65.533,0.4503,0.497,0.0097,2.531,2.0228,3.127,2.1575,0.0002,wall_following
2026-07-04 14:47:35.652,plain_wall_bad,pw_bad_05,negative,-0.0469,0.0958,65.533,1.4849,0.5,0.0089,2.535,2.0137,3.124,2.16,0.0004,wall_following
2026-07-04 14:47:35.752,plain_wall_bad,pw_bad_05,negative,-0.0192,-0.2395,65.533,1.3125,0.494,0.0014,2.52,2.0093,3.134,2.1612,0.0003,wall_following
2026-07-04 14:47:35.852,plain_wall_bad,pw_bad_05,negative,1.2804,-0.1054,65.533,-0.7185,0.496,0.0051,2.531,2.0073,3.129,2.1619,-0.0,wall_following
2026-07-04 14:47:35.952,plain_wall_bad,pw_bad_05,negative,0.7915,0.0671,65.533,-0.3161,0.494,0.0155,2.54,1.9966,3.134,2.1686,0.0004,wall_following
2026-07-04 14:47:36.052,plain_wall_bad,pw_bad_05,negative,0.5518,0.1341,65.533,-0.0958,0.481,0.0197,2.559,1.9814,3.142,2.1815,0.0009,wall_following
2026-07-04 14:47:36.152,plain_wall_bad,pw_bad_05,negative,0.3388,0.2012,65.533,-1.734,0.476,0.0245,2.59,1.9636,3.157,2.2003,0.0004,wall_following
2026-07-04 14:47:36.252,plain_wall_bad,pw_bad_05,negative,0.3174,-0.1054,65.533,-2.0118,0.45,0.0281,2.62,1.9421,3.126,2.2266,-0.0006,wall_following
2026-07-04 14:47:36.352,plain_wall_bad,pw_bad_05,negative,0.1332,-0.2874,7.943,2.7878,0.432,0.0308,2.667,1.9179,3.104,2.2592,0.0016,wall_following
2026-07-04 14:47:36.452,plain_wall_bad,pw_bad_05,negative,0.0863,0.297,7.923,1.8011,0.401,0.0225,2.716,1.8964,3.102,2.2903,-0.0002,wall_following
2026-07-04 14:47:36.552,plain_wall_bad,pw_bad_05,negative,-0.049,-0.6993,7.918,0.8814,0.393,0.0164,2.758,1.8812,3.124,2.3132,-0.0004,wall_following_fail
2026-07-04 14:47:36.652,plain_wall_bad,pw_bad_05,negative,-0.0266,-0.182,4.888,0.0671,0.367,0.0124,2.773,1.8698,3.136,2.3305,0.0003,wall_following_fail
2026-07-04 14:47:36.752,plain_wall_bad,pw_bad_05,negative,-0.1289,0.0958,4.832,1.0825,0.36,0.0085,2.796,1.8618,3.149,2.3425,0.0002,wall_following_fail
2026-07-04 14:47:36.852,plain_wall_bad,pw_bad_05,negative,-0.49,0.1054,4.82,1.0634,0.352,0.0036,2.807,1.8574,3.153,2.3488,-0.0003,wall_following_fail
2026-07-04 14:47:36.952,plain_wall_bad,pw_bad_05,negative,-0.8565,-0.4503,4.842,-0.0287,0.363,-0.0005,2.81,1.8569,3.151,2.3495,-0.0013,wall_following_fail
2026-07-04 14:47:37.052,plain_wall_bad,pw_bad_05,negative,0.049,0.364,4.801,1.3221,0.354,-0.0004,2.812,1.8575,3.154,2.349,0.0002,wall_following_fail
2026-07-04 14:47:37.152,plain_wall_bad,pw_bad_05,negative,0.0128,-0.1916,4.845,0.4598,0.357,0.0006,2.809,1.8573,3.15,2.3491,-0.0004,wall_following_fail
2026-07-04 14:47:37.252,plain_wall_bad,pw_bad_05,negative,0.0181,-0.1341,4.827,0.4311,0.36,-0.0002,2.806,1.8573,3.155,2.3492,0.0001,wall_following_fail
2026-07-04 14:47:37.352,plain_wall_bad,pw_bad_05,negative,-0.0575,-0.0383,4.813,0.3257,0.357,0.0001,2.801,1.8573,3.157,2.3491,-0.0,wall_following_fail
2026-07-04 14:47:37.452,plain_wall_bad,pw_bad_05,negative,-0.0096,-0.0192,4.836,0.6993,0.349,-0.0001,2.8,1.8573,3.151,2.3492,0.0,wall_following_fail
2026-07-04 14:47:37.552,plain_wall_bad,pw_bad_05,negative,1.2144,-1.8106,4.825,-0.479,0.356,0.0,2.814,1.8574,3.151,2.3491,-0.0013,wall_following_fail
2026-07-04 14:47:37.652,plain_wall_bad,pw_bad_05,negative,0.1332,-0.115,4.813,0.5461,0.362,0.0049,2.806,1.8554,3.155,2.3518,-0.0002,wall_following_fail
2026-07-04 14:47:37.752,plain_wall_bad,pw_bad_05,negative,0.3931,-0.5173,4.826,-0.0766,0.348,0.0076,2.817,1.849,3.167,2.3618,0.0004,wall_following_fail
2026-07-04 14:47:37.852,plain_wall_bad,pw_bad_05,negative,0.2003,0.0096,3.989,1.8202,0.335,0.0139,2.844,1.8399,3.184,2.3774,-0.002,wall_following_fail
2026-07-04 14:47:37.952,plain_wall_bad,pw_bad_05,negative,0.2663,0.2874,3.591,2.3471,0.327,0.0054,2.869,1.8329,3.197,2.3906,-0.0001,wall_following_fail
2026-07-04 14:47:38.052,plain_wall_bad,pw_bad_05,negative,-1.5883,-0.0192,3.55,1.0442,0.324,0.0043,2.865,1.8301,3.199,2.3959,0.0012,wall_following_fail
2026-07-04 14:47:38.152,plain_wall_bad,pw_bad_05,negative,-1.5947,0.0671,3.525,1.2358,0.315,0.0093,2.881,1.824,3.205,2.4025,-0.0001,wall_following_fail
2026-07-04 14:47:38.252,plain_wall_bad,pw_bad_05,negative,-1.9899,0.0192,3.541,0.1437,0.319,0.0076,2.868,1.8159,3.206,2.4068,-0.0001,wall_following_fail
2026-07-04 14:47:38.352,plain_wall_bad,pw_bad_05,negative,-1.5649,-0.4886,3.748,0.2108,0.322,0.0111,2.863,1.8062,3.202,2.408,-0.0011,wall_following_fail
2026-07-04 14:47:38.452,plain_wall_bad,pw_bad_05,negative,-0.947,-0.3832,3.932,0.0671,0.325,0.0148,2.856,1.7916,3.193,2.4051,0.0006,wall_following_fail
2026-07-04 14:47:38.552,plain_wall_bad,pw_bad_05,negative,-0.4975,-0.297,4.719,0.8047,0.34,0.0117,2.832,1.7756,3.173,2.3987,-0.0003,wall_following_fail
2026-07-04 14:47:38.652,plain_wall_bad,pw_bad_05,negative,-0.2812,-0.2108,4.742,-0.1054,0.341,0.0093,2.827,1.7619,3.17,2.3914,0.0003,wall_following_fail
2026-07-04 14:47:38.752,plain_wall_bad,pw_bad_05,negative,-0.1875,-0.182,4.731,0.843,0.355,0.0092,2.804,1.7488,3.158,2.3835,0.0003,wall_following_fail
2026-07-04 14:47:38.852,plain_wall_bad,pw_bad_05,negative,-0.0874,-0.0958,4.707,0.6898,0.362,0.01,2.789,1.7353,3.146,2.3748,-0.0001,wall_following_fail
2026-07-04 14:47:38.952,plain_wall_bad,pw_bad_05,negative,-0.0501,0.1245,4.717,1.2933,0.378,0.009,2.776,1.7228,3.133,2.3665,-0.0005,wall_following_fail
2026-07-04 14:47:39.053,plain_wall_bad,pw_bad_05,negative,0.0905,-0.1629,4.715,0.5269,0.389,0.0091,2.768,1.7111,3.126,2.3589,0.001,wall_following_fail
2026-07-04 14:47:39.152,plain_wall_bad,pw_bad_05,negative,0.1214,0.0479,7.742,-0.182,0.397,0.0091,2.757,1.6997,3.111,2.3521,0.0001,wall_following_fail
2026-07-04 14:47:39.252,plain_wall_bad,pw_bad_05,negative,0.1129,0.0766,7.714,1.6478,0.409,0.0096,2.748,1.6881,3.105,2.3456,-0.0006,wall_following
2026-07-04 14:47:39.352,plain_wall_bad,pw_bad_05,negative,0.1715,-0.0192,7.714,0.4598,0.41,0.0087,2.726,1.6768,3.099,2.3397,-0.0003,wall_following
2026-07-04 14:47:39.452,plain_wall_bad,pw_bad_05,negative,0.0948,-0.1054,7.709,0.7664,0.419,0.0092,2.71,1.6656,3.095,2.3344,0.0,wall_following
2026-07-04 14:47:39.552,plain_wall_bad,pw_bad_05,negative,0.2589,-0.1341,7.699,0.0192,0.427,0.0117,2.706,1.6546,3.087,2.3295,0.0011,wall_following
2026-07-04 14:47:39.652,plain_wall_bad,pw_bad_05,negative,0.1087,-0.0096,7.681,1.0059,0.433,0.0083,2.697,1.6446,3.08,2.3258,0.0005,wall_following
2026-07-04 14:47:39.752,plain_wall_bad,pw_bad_05,negative,0.2972,0.0383,7.671,0.8909,0.435,0.0121,2.708,1.6331,3.078,2.3221,0.0004,wall_following
2026-07-04 14:47:39.852,plain_wall_bad,pw_bad_05,negative,0.1246,-0.1629,7.673,1.1783,0.439,0.0077,2.683,1.6224,3.063,2.3189,0.0003,wall_following
2026-07-04 14:47:39.952,plain_wall_bad,pw_bad_05,negative,0.1779,-0.0671,7.648,0.661,0.445,0.0095,2.677,1.6116,3.056,2.3162,-0.0002,wall_following
2026-07-04 14:47:40.052,plain_wall_bad,pw_bad_05,negative,0.5614,-0.0383,7.614,0.364,0.451,0.0079,2.662,1.6017,3.053,2.314,-0.0001,wall_following
2026-07-04 14:47:40.153,plain_wall_bad,pw_bad_05,negative,0.9779,0.364,7.627,1.2646,0.447,0.0026,2.657,1.5962,3.059,2.3134,0.0001,wall_following
2026-07-04 14:47:40.252,plain_wall_bad,pw_bad_05,negative,-0.1353,-0.0192,7.64,0.0575,0.447,-0.0012,2.667,1.5966,3.057,2.3133,-0.0003,wall_following
2026-07-04 14:47:40.352,plain_wall_bad,pw_bad_05,negative,-0.0767,-0.2395,7.644,0.2491,0.453,0.0003,2.67,1.5972,3.057,2.3133,0.0002,wall_following
2026-07-04 14:47:40.452,plain_wall_bad,pw_bad_05,negative,-0.0021,-0.297,7.648,0.6514,0.446,0.0003,2.655,1.5968,3.05,2.3133,0.0,wall_following
2026-07-04 14:47:40.552,plain_wall_bad,pw_bad_05,negative,-0.0458,-0.2203,7.627,0.3353,0.452,-0.0001,2.668,1.5969,3.05,2.3133,0.0001,wall_following
2026-07-04 14:47:40.652,plain_wall_bad,pw_bad_05,negative,0.0149,-0.0479,7.618,1.0346,0.454,0.0001,2.665,1.5969,3.052,2.3133,-0.0001,wall_following
2026-07-04 14:47:40.752,plain_wall_bad,pw_bad_05,negative,0.0373,-0.1724,7.658,0.7568,0.445,-0.0001,2.67,1.5969,3.052,2.3133,0.0,wall_following
2026-07-04 14:47:40.852,plain_wall_bad,pw_bad_05,negative,0.032,-0.1533,7.657,0.3832,0.449,0.0001,2.659,1.5969,3.052,2.3133,0.0,wall_following
2026-07-04 14:47:40.952,plain_wall_bad,pw_bad_05,negative,-0.0117,-0.1916,7.623,0.5461,0.452,-0.0,2.663,1.5969,3.047,2.3133,0.0,wall_following
2026-07-04 14:47:41.052,plain_wall_bad,pw_bad_05,negative,-1.9526,-0.0766,7.635,1.9448,0.45,0.0005,2.668,1.597,3.056,2.3133,-0.0186,wall_following
2026-07-04 14:47:41.152,plain_wall_bad,pw_bad_05,negative,-2.1092,0.4215,65.533,-0.0575,0.454,0.001,2.599,1.5963,3.042,2.3131,-0.0123,wall_following
2026-07-04 14:47:41.252,plain_wall_bad,pw_bad_05,negative,-1.9164,0.3832,65.533,0.0383,0.467,0.0018,2.565,1.5948,3.04,2.313,-0.015,wall_following
2026-07-04 14:47:41.352,plain_wall_bad,pw_bad_05,negative,-1.5393,-0.3161,65.533,-0.6227,0.461,0.0021,2.511,1.5922,3.024,2.3128,-0.0199,wall_following
2026-07-04 14:47:41.452,plain_wall_bad,pw_bad_05,negative,1.3742,0.2778,65.533,1.3316,0.48,0.0015,2.419,1.5903,3.017,2.3131,-0.0204,wall_following
2026-07-04 14:47:41.552,plain_wall_bad,pw_bad_05,negative,-0.5667,-0.2682,65.533,0.1054,0.487,0.0009,2.364,1.5891,3.011,2.3133,-0.0193,wall_following
2026-07-04 14:47:41.652,plain_wall_bad,pw_bad_05,negative,-0.4751,-0.0958,65.533,0.3353,0.495,0.0005,2.315,1.5884,3.043,2.3135,-0.0197,wall_following
2026-07-04 14:47:41.752,plain_wall_bad,pw_bad_05,negative,-0.1353,-0.1533,65.533,0.4311,0.506,0.0005,2.25,1.5879,3.149,2.3138,-0.0224,wall_following
2026-07-04 14:47:41.852,plain_wall_bad,pw_bad_05,negative,-0.3164,-0.1724,65.533,0.2203,0.517,0.0002,2.196,1.5876,3.139,2.3139,-0.0206,wall_following
2026-07-04 14:47:41.952,plain_wall_bad,pw_bad_05,negative,-0.1459,-0.1916,65.533,0.4024,0.519,0.0001,2.128,1.5875,3.147,2.314,-0.0285,wall_following
2026-07-04 14:47:42.052,plain_wall_bad,pw_bad_05,negative,-0.1459,0.182,65.533,0.297,0.541,0.0001,2.077,1.5874,3.143,2.314,-0.0203,wall_following
2026-07-04 14:47:42.152,plain_wall_bad,pw_bad_05,negative,-0.0937,-0.1916,65.533,0.4119,0.546,0.0001,2.056,1.5874,3.144,2.314,-0.0201,wall_following
2026-07-04 14:47:42.253,plain_wall_bad,pw_bad_05,negative,-0.1758,-0.1724,8.388,0.3161,0.566,-0.0,2.006,1.5874,3.144,2.314,-0.0222,wall_following
2026-07-04 14:47:42.352,plain_wall_bad,pw_bad_05,negative,-0.1172,-0.0958,5.37,0.6227,0.563,0.0,2.066,1.5873,3.164,2.314,-0.0213,wall_following
2026-07-04 14:47:42.452,plain_wall_bad,pw_bad_05,negative,-0.1577,0.0,8.565,0.7377,0.594,0.0001,2.178,1.5874,3.166,2.314,-0.0241,wall_following
2026-07-04 14:47:42.552,plain_wall_bad,pw_bad_05,negative,-0.1459,-0.2012,8.767,0.7568,0.604,-0.0,2.306,1.5874,3.182,2.314,-0.0272,wall_following
2026-07-04 14:47:42.652,plain_wall_bad,pw_bad_05,negative,-0.0597,0.0287,5.45,0.2682,0.616,-0.0,2.45,1.5874,3.196,2.314,-0.0241,wall_following
2026-07-04 14:47:42.752,plain_wall_bad,pw_bad_05,negative,-0.0671,-0.2108,5.169,0.2778,0.626,-0.0,65.533,1.5874,3.218,2.314,-0.033,wall_following
2026-07-04 14:47:42.852,plain_wall_bad,pw_bad_05,negative,-0.1619,-0.2874,4.803,0.364,0.655,-0.0,65.533,1.5874,3.243,2.314,-0.0247,wall_following
2026-07-04 14:47:42.953,plain_wall_bad,pw_bad_05,negative,-0.1332,-0.0575,4.356,0.4311,0.667,0.0,65.533,1.5873,3.268,2.314,-0.0236,approaching_wall
2026-07-04 14:47:43.052,plain_wall_bad,pw_bad_05,negative,-0.2344,-0.2203,3.963,0.2491,0.678,0.0,3.077,1.5874,2.754,2.314,-0.0235,approaching_wall
2026-07-04 14:47:43.152,plain_wall_bad,pw_bad_05,negative,-0.1545,0.0671,3.691,0.6323,0.702,0.0002,3.065,1.5874,2.603,2.314,-0.0312,approaching_wall
2026-07-04 14:47:43.252,plain_wall_bad,pw_bad_05,negative,-0.082,0.1916,3.529,0.4024,0.721,0.0,3.021,1.5874,2.33,2.314,-0.0261,approaching_wall
2026-07-04 14:47:43.352,plain_wall_bad,pw_bad_05,negative,-0.1204,-0.0575,3.352,0.2682,0.751,-0.0,2.98,1.5874,2.135,2.314,-0.0239,approaching_wall
2026-07-04 14:47:43.452,plain_wall_bad,pw_bad_05,negative,-0.0905,-0.0479,3.17,0.4503,0.765,-0.0001,2.955,1.5873,2.16,2.314,-0.0231,approaching_wall
2026-07-04 14:47:43.552,plain_wall_bad,pw_bad_05,negative,-0.082,-0.1629,3.017,0.4407,0.782,0.0003,2.921,1.5874,2.134,2.314,-0.0276,approaching_wall
2026-07-04 14:47:43.652,plain_wall_bad,pw_bad_05,negative,-0.1119,-0.0862,2.886,0.9484,0.814,0.0,2.908,1.5873,2.146,2.314,-0.0157,approaching_wall
2026-07-04 14:47:43.752,plain_wall_bad,pw_bad_05,negative,-0.0192,-0.1341,2.83,0.958,0.818,-0.0,2.882,1.5874,2.146,2.314,-0.0056,approaching_wall
2026-07-04 14:47:43.852,plain_wall_bad,pw_bad_05,negative,0.5103,0.297,2.818,0.5077,0.82,-0.0001,2.882,1.5873,2.139,2.3141,0.0003,approaching_wall
2026-07-04 14:47:43.952,plain_wall_bad,pw_bad_05,negative,2.1998,0.3736,2.82,0.9388,0.832,0.0007,2.884,1.5864,2.145,2.3154,-0.0007,approaching_wall
2026-07-04 14:47:44.053,plain_wall_bad,pw_bad_05,negative,2.0932,-0.0766,2.79,0.6419,0.837,0.0036,2.877,1.5826,2.146,2.3194,-0.0141,approaching_wall
2026-07-04 14:47:44.152,plain_wall_bad,pw_bad_05,negative,2.0155,0.0287,2.725,0.9005,0.842,0.0087,2.88,1.5743,2.157,2.3244,-0.0343,approaching_wall
2026-07-04 14:47:44.252,plain_wall_bad,pw_bad_05,negative,1.2804,-0.1437,2.566,0.8622,0.877,0.0074,2.856,1.5635,2.83,2.3309,-0.0289,approaching_wall
2026-07-04 14:47:44.352,plain_wall_bad,pw_bad_05,negative,2.1327,0.6323,65.533,-0.1533,0.9,0.0104,2.833,1.5492,3.576,2.3398,-0.0309,approaching_wall
2026-07-04 14:47:44.452,plain_wall_bad,pw_bad_05,negative,2.122,1.849,2.322,-0.3832,0.955,0.0128,2.806,1.5305,3.693,2.3507,-0.0238,approaching_wall
2026-07-04 14:47:44.552,plain_wall_bad,pw_bad_05,negative,0.1864,-0.6802,2.284,-0.9005,0.957,0.0138,2.805,1.5038,3.759,2.3675,-0.0051,approaching_wall
2026-07-04 14:47:44.652,plain_wall_bad,pw_bad_05,negative,0.3739,-0.297,2.289,0.5269,0.949,0.0156,2.821,1.4776,3.816,2.3875,-0.0007,approaching_wall
2026-07-04 14:47:44.752,plain_wall_bad,pw_bad_05,negative,0.294,0.3928,2.298,1.2454,0.918,0.0125,2.834,1.4536,3.845,2.4079,-0.0003,approaching_wall
2026-07-04 14:47:44.852,plain_wall_bad,pw_bad_05,negative,-0.0138,6.4857,2.405,-1.0251,0.883,0.0104,2.854,1.4321,3.805,2.4265,0.005,approaching_wall
2026-07-04 14:47:44.952,plain_wall_bad,pw_bad_05,negative,0.1854,-0.7281,2.581,0.1629,0.829,0.0129,2.886,1.408,2.999,2.4454,0.0057,approaching_wall
2026-07-04 14:47:45.052,plain_wall_bad,pw_bad_05,negative,0.2269,0.5844,2.77,0.9867,0.775,0.0116,2.922,1.3834,2.299,2.4629,0.0051,approaching_wall
2026-07-04 14:47:45.152,plain_wall_bad,pw_bad_05,negative,0.0554,0.0096,65.533,-0.4215,0.722,0.0101,2.96,1.3624,2.3,2.4777,0.0047,approaching_wall
2026-07-04 14:47:45.252,plain_wall_bad,pw_bad_05,negative,-0.1236,-0.3161,65.533,0.8143,0.694,0.0091,2.994,1.345,2.308,2.4898,-0.0001,approaching_wall
2026-07-04 14:47:45.352,plain_wall_bad,pw_bad_05,negative,-0.212,0.1724,65.533,-0.0383,0.664,0.0118,3.028,1.3296,2.776,2.4997,0.003,approaching_wall
2026-07-04 14:47:45.452,plain_wall_bad,pw_bad_05,negative,-0.1534,-0.2778,3.347,-0.2299,0.648,0.0087,3.045,1.3162,2.784,2.5078,0.0019,approaching_wall
2026-07-04 14:47:45.552,plain_wall_bad,pw_bad_05,negative,-0.0937,0.364,3.419,0.7951,0.63,0.0088,3.027,1.3017,2.888,2.516,0.0019,wall_following
2026-07-04 14:47:45.652,plain_wall_bad,pw_bad_05,negative,-0.2056,-0.0671,3.529,0.7664,0.62,0.0081,2.971,1.2889,3.027,2.5228,0.0021,wall_following
2026-07-04 14:47:45.752,plain_wall_bad,pw_bad_05,negative,-0.1886,-0.1533,3.61,1.0251,0.614,0.0078,2.713,1.2768,3.491,2.5286,0.0015,wall_following
2026-07-04 14:47:45.852,plain_wall_bad,pw_bad_05,negative,-0.147,0.0096,3.81,0.5461,0.604,0.011,2.617,1.2648,3.462,2.5338,0.0016,wall_following
2026-07-04 14:47:45.952,plain_wall_bad,pw_bad_05,negative,-0.2013,0.0,3.87,0.0096,0.59,0.0087,2.415,1.2533,3.455,2.5383,0.0012,wall_following
2026-07-04 14:47:46.052,plain_wall_bad,pw_bad_05,negative,-0.1886,-0.1437,3.972,0.0479,0.587,0.0075,2.346,1.2419,3.449,2.5424,0.0001,wall_following
2026-07-04 14:47:46.152,plain_wall_bad,pw_bad_05,negative,-0.2152,-0.1629,4.051,0.4407,0.59,0.0072,2.245,1.2307,3.447,2.5458,0.0003,wall_following
2026-07-04 14:47:46.252,plain_wall_bad,pw_bad_05,negative,-0.1427,-0.182,4.11,0.8143,0.574,0.0087,2.169,1.2194,3.442,2.5485,-0.0008,wall_following
2026-07-04 14:47:46.352,plain_wall_bad,pw_bad_05,negative,-0.2333,-0.1629,4.136,0.1724,0.578,0.0096,2.104,1.2081,3.446,2.5504,-0.0003,wall_following
2026-07-04 14:47:46.452,plain_wall_bad,pw_bad_05,negative,-0.0948,0.0766,4.214,0.1341,0.573,0.0078,2.056,1.1965,3.432,2.5518,0.0033,wall_following
2026-07-04 14:47:46.552,plain_wall_bad,pw_bad_05,negative,-0.0639,0.6802,4.249,-0.1341,0.567,0.0092,1.995,1.1849,3.427,2.553,-0.0002,wall_following
2026-07-04 14:47:46.652,plain_wall_bad,pw_bad_05,negative,-0.1332,-0.1437,4.264,0.3736,0.563,0.0095,1.923,1.1734,3.427,2.5539,-0.0006,wall_following
2026-07-04 14:47:46.752,plain_wall_bad,pw_bad_05,negative,0.0522,0.2203,4.286,0.594,0.565,0.0111,1.878,1.162,3.42,2.5546,0.0004,wall_following
2026-07-04 14:47:46.852,plain_wall_bad,pw_bad_05,negative,-0.2162,-0.0575,4.306,-0.0287,0.565,0.0088,1.865,1.1517,3.42,2.5551,-0.0006,wall_following
2026-07-04 14:47:46.952,plain_wall_bad,pw_bad_05,negative,-0.0831,-0.0958,4.304,0.6323,0.573,0.0099,1.818,1.1402,3.423,2.5554,0.0006,wall_following
2026-07-04 14:47:47.052,plain_wall_bad,pw_bad_05,negative,0.0895,0.0479,4.319,0.3353,0.563,0.0123,1.817,1.1281,3.42,2.5557,-0.0006,wall_following
2026-07-04 14:47:47.152,plain_wall_bad,pw_bad_05,negative,0.0554,0.2395,4.361,-0.2587,0.564,0.0093,1.83,1.1176,3.425,2.556,-0.0003,wall_following
2026-07-04 14:47:47.252,plain_wall_bad,pw_bad_05,negative,-0.1001,-0.115,4.36,0.4311,0.563,0.0097,1.848,1.1059,3.427,2.5562,-0.0004,wall_following
2026-07-04 14:47:47.352,plain_wall_bad,pw_bad_05,negative,0.0011,-0.0862,4.398,0.9484,0.565,0.0098,1.843,1.0952,3.421,2.5563,-0.0001,wall_following
2026-07-04 14:47:47.452,plain_wall_bad,pw_bad_05,negative,-0.1193,-0.0862,4.403,0.2108,0.567,0.0097,1.843,1.0834,3.417,2.5564,-0.0003,wall_following
2026-07-04 14:47:47.552,plain_wall_bad,pw_bad_05,negative,-0.0586,-0.0192,4.441,0.4407,0.552,0.011,1.857,1.0729,3.414,2.5564,0.0,wall_following
2026-07-04 14:47:47.652,plain_wall_bad,pw_bad_05,negative,-0.0501,0.1916,4.443,0.2874,0.553,0.0098,1.865,1.0612,3.412,2.5564,-0.0002,wall_following
2026-07-04 14:47:47.752,plain_wall_bad,pw_bad_05,negative,-0.0202,-0.182,4.395,0.364,0.556,0.0119,1.853,1.0507,3.416,2.5562,0.0,wall_following
2026-07-04 14:47:47.852,plain_wall_bad,pw_bad_05,negative,-0.0511,-0.0479,4.384,0.6419,0.559,0.0096,1.855,1.0393,3.418,2.5559,-0.0003,wall_following
2026-07-04 14:47:47.952,plain_wall_bad,pw_bad_05,negative,-0.0373,-0.0479,4.419,0.2491,0.561,0.0112,1.845,1.0282,3.421,2.5555,-0.0008,wall_following
2026-07-04 14:47:48.052,plain_wall_bad,pw_bad_05,negative,0.0075,-0.0766,4.431,0.5461,0.556,0.0099,1.857,1.0172,3.419,2.5552,-0.0002,wall_following
2026-07-04 14:47:48.152,plain_wall_bad,pw_bad_05,negative,-0.0597,-0.1629,4.395,0.9388,0.56,0.0098,1.85,1.0062,3.415,2.5548,-0.0006,wall_following
2026-07-04 14:47:48.252,plain_wall_bad,pw_bad_05,negative,-0.0043,-0.1724,4.407,0.776,0.561,0.0097,1.855,0.9954,3.414,2.5544,0.0001,wall_following
2026-07-04 14:47:48.352,plain_wall_bad,pw_bad_05,negative,0.1395,0.0671,4.407,0.958,0.562,0.0105,1.857,0.984,3.419,2.5541,0.0,wall_following
2026-07-04 14:47:48.452,plain_wall_bad,pw_bad_05,negative,-0.0181,-0.2108,4.417,0.6419,0.564,0.013,1.851,0.9728,3.416,2.554,-0.0005,wall_following
2026-07-04 14:47:48.552,plain_wall_bad,pw_bad_05,negative,-0.0085,-0.182,4.39,0.3449,0.561,0.01,1.856,0.962,3.415,2.5539,0.0001,wall_following
2026-07-04 14:47:48.652,plain_wall_bad,pw_bad_05,negative,0.0746,-0.0096,4.398,0.5173,0.562,0.0097,1.858,0.9509,3.417,2.5539,0.0001,wall_following
2026-07-04 14:47:48.752,plain_wall_bad,pw_bad_05,negative,0.0288,-0.3928,4.409,0.0575,0.56,0.0087,1.858,0.9397,3.418,2.5539,0.0005,wall_following
2026-07-04 14:47:48.852,plain_wall_bad,pw_bad_05,negative,-0.0735,-0.182,4.439,-0.297,0.561,0.0089,1.859,0.9288,3.414,2.5539,-0.0001,wall_following
2026-07-04 14:47:48.952,plain_wall_bad,pw_bad_05,negative,-0.1534,0.1341,4.436,0.8909,0.55,0.0092,1.855,0.9176,3.411,2.5538,-0.0,wall_following
2026-07-04 14:47:49.052,plain_wall_bad,pw_bad_05,negative,-0.1566,-0.0862,4.43,0.0096,0.54,0.0093,1.858,0.907,3.412,2.5535,-0.0003,wall_following
2026-07-04 14:47:49.152,plain_wall_bad,pw_bad_05,negative,0.0969,-0.2108,4.426,0.1437,0.562,0.0095,1.86,0.8959,3.408,2.5531,0.0,wall_following
2026-07-04 14:47:49.252,plain_wall_bad,pw_bad_05,negative,0.0671,-0.1054,4.429,0.3066,0.556,0.0094,1.852,0.8853,3.417,2.5527,-0.0,wall_following
2026-07-04 14:47:49.352,plain_wall_bad,pw_bad_05,negative,-0.0671,0.0,4.43,0.0,0.552,0.0093,1.861,0.8738,3.423,2.5524,-0.0003,wall_following
2026-07-04 14:47:49.452,plain_wall_bad,pw_bad_05,negative,0.0447,0.0192,4.456,0.364,0.557,0.0093,1.859,0.863,3.423,2.552,-0.0001,wall_following
2026-07-04 14:47:49.552,plain_wall_bad,pw_bad_05,negative,-0.0799,0.0383,4.424,0.7089,0.559,0.0103,1.861,0.852,3.411,2.5517,-0.0006,wall_following
2026-07-04 14:47:49.652,plain_wall_bad,pw_bad_05,negative,0.0181,-0.0479,4.458,-0.1916,0.547,0.0132,1.868,0.8408,3.414,2.5513,-0.0,wall_following
2026-07-04 14:47:49.753,plain_wall_bad,pw_bad_05,negative,0.0937,0.0192,4.44,-0.0479,0.548,0.0093,1.86,0.8297,3.412,2.5511,0.0002,wall_following
2026-07-04 14:47:49.852,plain_wall_bad,pw_bad_05,negative,-0.0181,-0.3161,4.461,0.8047,0.546,0.0093,1.863,0.8186,3.402,2.551,0.0002,wall_following
2026-07-04 14:47:49.952,plain_wall_bad,pw_bad_05,negative,-0.0043,0.0671,4.44,0.8814,0.55,0.0107,1.864,0.8078,3.407,2.5508,0.0002,wall_following
2026-07-04 14:47:50.052,plain_wall_bad,pw_bad_05,negative,-0.1491,0.2012,4.464,0.7089,0.55,0.0085,1.859,0.797,3.414,2.5505,-0.0001,wall_following
2026-07-04 14:47:50.152,plain_wall_bad,pw_bad_05,negative,-0.0799,-0.3449,4.455,0.5748,0.557,0.0082,1.865,0.7864,3.418,2.5501,-0.0008,wall_following
2026-07-04 14:47:50.252,plain_wall_bad,pw_bad_05,negative,-0.0682,0.0192,4.486,0.182,0.555,0.0092,1.857,0.7755,3.413,2.5495,-0.0004,wall_following
2026-07-04 14:47:50.352,plain_wall_bad,pw_bad_05,negative,0.0032,-0.0096,4.49,0.5652,0.555,0.0098,1.854,0.7645,3.412,2.5489,-0.0003,wall_following
2026-07-04 14:47:50.452,plain_wall_bad,pw_bad_05,negative,0.0149,-0.2203,4.492,0.661,0.546,0.01,1.868,0.7536,3.411,2.5484,-0.0004,wall_following
2026-07-04 14:47:50.552,plain_wall_bad,pw_bad_05,negative,0.017,-0.0287,4.488,0.5077,0.554,0.0102,1.865,0.7431,3.406,2.5479,-0.0008,wall_following
2026-07-04 14:47:50.652,plain_wall_bad,pw_bad_05,negative,0.0501,0.0862,4.477,0.2778,0.554,0.01,1.873,0.7323,3.414,2.5472,-0.0005,wall_following
2026-07-04 14:47:50.752,plain_wall_bad,pw_bad_05,negative,0.0969,0.0383,4.524,0.6898,0.553,0.0111,1.871,0.7212,3.403,2.5467,0.0014,wall_following
2026-07-04 14:47:50.852,plain_wall_bad,pw_bad_05,negative,-0.833,-0.0479,4.476,1.4466,0.55,0.0045,1.871,0.7138,3.404,2.5463,-0.0007,wall_following
2026-07-04 14:47:50.952,plain_wall_bad,pw_bad_05,negative,-0.2439,0.0862,4.519,0.364,0.558,-0.001,1.868,0.7122,3.405,2.5461,-0.0011,wall_following
2026-07-04 14:47:51.052,plain_wall_bad,pw_bad_05,negative,0.016,-0.1341,4.518,0.0479,0.556,-0.0014,1.87,0.7135,3.405,2.5464,-0.0018,wall_following
2026-07-04 14:47:51.152,plain_wall_bad,pw_bad_05,negative,-0.0234,0.1916,4.499,0.3832,0.553,0.0007,1.871,0.7135,3.406,2.5464,0.0005,wall_following
2026-07-04 14:47:51.252,plain_wall_bad,pw_bad_05,negative,0.0692,-0.2682,4.502,0.7281,0.561,0.0001,1.865,0.7131,3.404,2.5463,0.0001,wall_following
2026-07-04 14:47:51.352,plain_wall_bad,pw_bad_05,negative,-0.0138,-0.0671,4.496,0.3066,0.56,-0.0003,1.865,0.7133,3.408,2.5464,-0.0003,wall_following
2026-07-04 14:47:51.452,plain_wall_bad,pw_bad_05,negative,0.0085,-0.1341,4.501,0.5652,0.558,0.0002,1.877,0.7133,3.41,2.5464,0.0001,wall_following
2026-07-04 14:47:51.552,plain_wall_bad,pw_bad_05,negative,-0.0746,-0.1916,4.511,0.6993,0.562,-0.0001,1.861,0.7132,3.399,2.5463,-0.0001,wall_following
2026-07-04 14:47:51.652,plain_wall_bad,pw_bad_05,negative,0.0309,-0.1054,4.502,0.2395,0.552,0.0001,1.867,0.7133,3.412,2.5464,0.0001,wall_following
2026-07-04 14:47:51.752,plain_wall_bad,pw_bad_05,negative,0.016,0.0862,4.52,0.479,0.565,-0.0,1.878,0.7133,3.405,2.5463,-0.0,wall_following
2026-07-04 14:47:51.852,plain_wall_bad,pw_bad_05,negative,1.2037,-0.7281,4.531,1.1783,0.557,0.0013,1.87,0.7131,3.412,2.5463,-0.001,wall_following
2026-07-04 14:47:51.952,plain_wall_bad,pw_bad_05,negative,1.387,-0.5173,4.511,-0.5173,0.553,0.0077,1.874,0.7082,3.404,2.5462,0.0011,wall_following
2026-07-04 14:47:52.052,plain_wall_bad,pw_bad_05,negative,0.294,0.7281,4.541,-0.2108,0.544,0.0133,1.877,0.6958,3.406,2.5472,0.0009,wall_following
2026-07-04 14:47:52.152,plain_wall_bad,pw_bad_05,negative,0.2951,-0.1054,4.666,0.7185,0.541,0.0176,1.884,0.6771,3.401,2.5497,0.004,wall_following
2026-07-04 14:47:52.252,plain_wall_bad,pw_bad_05,negative,0.8352,-0.0096,5.127,0.0766,0.533,0.0166,1.918,0.654,3.392,2.5541,0.0087,wall_following
2026-07-04 14:47:52.352,plain_wall_bad,pw_bad_05,negative,0.686,0.6419,5.311,1.8011,0.506,0.0095,1.966,0.6369,3.231,2.559,0.003,wall_following
2026-07-04 14:47:52.452,plain_wall_bad,pw_bad_05,negative,0.7212,0.2587,5.308,0.6131,0.491,0.0045,1.976,0.6278,3.222,2.5624,0.0028,wall_following
2026-07-04 14:47:52.553,plain_wall_bad,pw_bad_05,negative,0.7531,0.2108,5.257,0.3928,0.48,0.0009,2.003,0.6247,3.21,2.5642,-0.0005,wall_following
2026-07-04 14:47:52.652,plain_wall_bad,pw_bad_05,negative,-0.6029,0.1437,7.834,-0.4119,0.474,0.0038,2.012,0.6211,3.215,2.5666,0.0007,wall_following
2026-07-04 14:47:52.752,plain_wall_bad,pw_bad_05,negative,-0.2653,-0.2203,7.742,-0.594,0.463,0.0087,2.035,0.6108,3.206,2.5731,0.0069,wall_following
2026-07-04 14:47:52.852,plain_wall_bad,pw_bad_05,negative,-0.3526,-0.0096,7.54,-0.8239,0.442,0.0141,2.089,0.5929,3.192,2.5824,0.0054,wall_following
2026-07-04 14:47:52.952,plain_wall_bad,pw_bad_05,negative,0.0117,-0.4982,7.424,-0.8718,0.423,0.0178,2.169,0.5693,3.198,2.5919,0.0128,wall_following
2026-07-04 14:47:53.052,plain_wall_bad,pw_bad_05,negative,0.1928,0.3449,65.533,1.14,0.398,0.0131,2.227,0.5474,3.193,2.6009,0.0113,wall_following_fail
2026-07-04 14:47:53.152,plain_wall_bad,pw_bad_05,negative,0.539,0.3449,65.533,1.2933,0.379,0.0076,2.309,0.5325,3.195,2.6085,0.0042,wall_following_fail
2026-07-04 14:47:53.252,plain_wall_bad,pw_bad_05,negative,0.9758,0.1724,65.533,0.5461,0.36,0.0028,2.355,0.5246,3.196,2.6142,-0.0005,wall_following_fail
2026-07-04 14:47:53.352,plain_wall_bad,pw_bad_05,negative,0.4794,0.0479,65.533,0.364,0.345,0.0009,2.382,0.5208,3.189,2.6184,-0.0,wall_following_fail
2026-07-04 14:47:53.452,plain_wall_bad,pw_bad_05,negative,-0.2237,0.5461,65.533,1.6478,0.343,0.0001,2.397,0.5197,3.203,2.62,-0.0116,wall_following_fail
2026-07-04 14:47:53.552,plain_wall_bad,pw_bad_05,negative,-2.3979,0.4024,65.533,-0.3161,0.348,0.0003,2.398,0.5198,3.206,2.6198,-0.0029,wall_following_fail
2026-07-04 14:47:53.652,plain_wall_bad,pw_bad_05,negative,-1.7875,0.2012,65.533,0.1533,0.35,0.0003,2.388,0.52,3.201,2.6196,0.0009,wall_following_fail
2026-07-04 14:47:53.752,plain_wall_bad,pw_bad_05,negative,-1.9484,-0.0958,65.533,-0.5652,0.352,0.0049,2.378,0.5174,3.19,2.6195,-0.0008,wall_following_fail
2026-07-04 14:47:53.852,plain_wall_bad,pw_bad_05,negative,-1.8099,0.0479,65.533,0.2491,0.361,0.015,2.367,0.5085,3.189,2.6161,-0.0009,wall_following_fail
2026-07-04 14:47:53.952,plain_wall_bad,pw_bad_05,negative,-1.012,-0.3161,65.533,0.9293,0.373,0.0138,2.351,0.4982,3.178,2.6076,-0.0017,wall_following_fail
2026-07-04 14:47:54.053,plain_wall_bad,pw_bad_05,negative,-0.6519,-0.3257,65.533,0.6131,0.379,0.0143,2.337,0.4898,3.171,2.5968,-0.001,wall_following_fail
2026-07-04 14:47:54.152,plain_wall_bad,pw_bad_05,negative,-0.245,-0.182,65.533,0.7664,0.391,0.0118,2.322,0.4829,3.159,2.5853,-0.0002,wall_following_fail
2026-07-04 14:47:54.252,plain_wall_bad,pw_bad_05,negative,-0.0224,-0.4119,65.533,-0.8909,0.403,0.0096,2.309,0.4762,3.145,2.5731,-0.0004,wall_following_fail
2026-07-04 14:47:54.352,plain_wall_bad,pw_bad_05,negative,0.0117,-0.0192,65.533,0.2874,0.407,0.0098,2.295,0.4704,3.143,2.5622,-0.0004,wall_following
2026-07-04 14:47:54.452,plain_wall_bad,pw_bad_05,negative,0.1641,-0.1437,65.533,0.9388,0.417,0.0098,2.28,0.4645,3.131,2.5512,-0.0002,wall_following
2026-07-04 14:47:54.552,plain_wall_bad,pw_bad_05,negative,0.0064,-0.2012,65.533,0.0766,0.423,0.0093,2.272,0.4585,3.125,2.5406,-0.0007,wall_following
2026-07-04 14:47:54.652,plain_wall_bad,pw_bad_05,negative,0.1758,-0.1341,65.533,0.9293,0.437,0.0115,2.264,0.4525,3.121,2.5303,0.0006,wall_following
2026-07-04 14:47:54.752,plain_wall_bad,pw_bad_05,negative,0.1555,-0.0958,65.533,0.5461,0.445,0.0088,2.25,0.4463,3.107,2.5207,-0.0004,wall_following
2026-07-04 14:47:54.852,plain_wall_bad,pw_bad_05,negative,0.0117,-0.1341,65.533,0.2108,0.446,0.0115,2.228,0.4397,3.109,2.5113,-0.0008,wall_following
2026-07-04 14:47:54.952,plain_wall_bad,pw_bad_05,negative,0.1683,-0.0958,65.533,0.4694,0.453,0.0096,2.235,0.4332,3.102,2.5025,0.0005,wall_following
2026-07-04 14:47:55.052,plain_wall_bad,pw_bad_05,negative,0.1417,0.2491,65.533,0.6131,0.46,0.0076,2.236,0.4265,3.083,2.4944,-0.0005,wall_following
2026-07-04 14:47:55.152,plain_wall_bad,pw_bad_05,negative,0.2642,-0.0479,65.533,0.9293,0.467,0.0104,2.22,0.4194,3.08,2.4865,0.0009,wall_following
2026-07-04 14:47:55.252,plain_wall_bad,pw_bad_05,negative,0.1332,-0.1341,65.533,0.8047,0.469,0.0092,2.212,0.4121,3.075,2.4791,0.0009,wall_following
2026-07-04 14:47:55.352,plain_wall_bad,pw_bad_05,negative,0.2301,-0.2108,65.533,0.6227,0.472,0.0096,2.202,0.4047,3.066,2.472,-0.0008,wall_following
2026-07-04 14:47:55.452,plain_wall_bad,pw_bad_05,negative,0.2514,-0.0287,65.533,0.6035,0.484,0.0088,2.184,0.3972,3.051,2.4654,0.0001,wall_following
2026-07-04 14:47:55.552,plain_wall_bad,pw_bad_05,negative,0.2162,-0.0287,65.533,0.479,0.489,0.012,2.192,0.3894,3.065,2.459,0.0001,wall_following
2026-07-04 14:47:55.652,plain_wall_bad,pw_bad_05,negative,0.1108,-0.1533,65.533,0.4503,0.486,0.0075,2.188,0.3819,3.06,2.4533,-0.0002,wall_following
2026-07-04 14:47:55.752,plain_wall_bad,pw_bad_05,negative,0.147,-0.1341,65.533,0.8047,0.492,0.0091,2.182,0.3735,3.051,2.4472,-0.0004,wall_following
2026-07-04 14:47:55.852,plain_wall_bad,pw_bad_05,negative,0.1321,-0.364,65.533,0.6035,0.497,0.009,2.177,0.3654,3.052,2.4416,-0.0009,wall_following
2026-07-04 14:47:55.952,plain_wall_bad,pw_bad_05,negative,0.1917,-0.1916,65.533,0.6131,0.501,0.0094,2.171,0.3572,3.042,2.436,0.0001,wall_following
2026-07-04 14:47:56.052,plain_wall_bad,pw_bad_05,negative,0.147,-0.2012,65.533,0.6802,0.5,0.0093,2.166,0.3494,3.047,2.4309,-0.0008,wall_following
2026-07-04 14:47:56.152,plain_wall_bad,pw_bad_05,negative,-0.0565,0.0383,65.533,0.5556,0.499,0.01,2.168,0.3408,3.04,2.4256,-0.0013,wall_following
2026-07-04 14:47:56.252,plain_wall_bad,pw_bad_05,negative,0.1768,-0.1341,65.533,0.9676,0.503,0.0098,2.151,0.3324,3.036,2.4206,-0.0012,wall_following
2026-07-04 14:47:56.352,plain_wall_bad,pw_bad_05,negative,0.1033,0.1245,65.533,0.4598,0.509,0.0093,2.157,0.3239,3.035,2.4159,-0.0018,wall_following
2026-07-04 14:47:56.452,plain_wall_bad,pw_bad_05,negative,0.0373,0.0287,65.533,0.2395,0.511,0.0092,2.162,0.3154,3.024,2.4111,-0.0007,wall_following
2026-07-04 14:47:56.552,plain_wall_bad,pw_bad_05,negative,0.1236,-0.182,65.533,0.2491,0.516,0.0081,2.151,0.3069,1.858,2.4065,-0.0009,wall_following
2026-07-04 14:47:56.652,plain_wall_bad,pw_bad_05,negative,0.1491,0.0287,65.533,0.8526,0.513,0.0078,2.146,0.2986,1.756,2.4021,-0.0009,wall_following
2026-07-04 14:47:56.752,plain_wall_bad,pw_bad_05,negative,0.049,-0.1533,65.533,0.2395,0.514,0.0082,2.142,0.29,1.73,2.3978,-0.0005,wall_following
2026-07-04 14:47:56.852,plain_wall_bad,pw_bad_05,negative,0.1012,-0.2395,65.533,0.1341,0.509,0.0089,2.139,0.2819,1.717,2.3938,-0.001,wall_following
2026-07-04 14:47:56.952,plain_wall_bad,pw_bad_05,negative,0.0969,-0.1054,65.533,0.3545,0.511,0.01,2.146,0.2726,1.724,2.3893,-0.0006,wall_following
2026-07-04 14:47:57.052,plain_wall_bad,pw_bad_05,negative,0.1683,-0.182,65.533,0.0287,0.511,0.0069,2.136,0.2641,1.738,2.3853,-0.0011,wall_following
2026-07-04 14:47:57.152,plain_wall_bad,pw_bad_05,negative,0.0714,-0.115,6.574,0.2203,0.524,0.0107,2.127,0.2552,1.737,2.3814,-0.0018,wall_following
2026-07-04 14:47:57.252,plain_wall_bad,pw_bad_05,negative,-0.066,-0.3353,6.636,0.3449,0.518,0.0082,2.129,0.2465,1.741,2.3775,-0.0009,wall_following
2026-07-04 14:47:57.352,plain_wall_bad,pw_bad_05,negative,0.0128,-0.1629,65.533,0.5365,0.52,0.0103,2.127,0.2382,1.708,2.3739,-0.0014,wall_following
2026-07-04 14:47:57.452,plain_wall_bad,pw_bad_05,negative,-0.1097,-0.2874,65.533,0.1916,0.522,0.0087,2.123,0.2295,1.71,2.3701,-0.0008,wall_following
2026-07-04 14:47:57.552,plain_wall_bad,pw_bad_05,negative,0.0373,-0.3353,65.533,0.5365,0.517,0.0097,2.143,0.2203,1.73,2.366,-0.0013,wall_following
2026-07-04 14:47:57.652,plain_wall_bad,pw_bad_05,negative,0.0554,-0.1916,65.533,1.0825,0.516,0.0064,2.128,0.2116,1.747,2.3622,-0.0011,wall_following
2026-07-04 14:47:57.752,plain_wall_bad,pw_bad_05,negative,0.1119,-0.3066,65.533,0.9293,0.53,0.0109,2.129,0.2031,1.753,2.3585,-0.0041,wall_following
2026-07-04 14:47:57.852,plain_wall_bad,pw_bad_05,negative,0.1236,-0.115,65.533,0.9867,0.527,0.0096,2.126,0.194,1.755,2.3545,-0.0014,wall_following
2026-07-04 14:47:57.952,plain_wall_bad,pw_bad_05,negative,-0.066,0.0862,65.533,0.4886,0.523,0.0077,2.128,0.1852,1.768,2.3509,-0.0011,wall_following
2026-07-04 14:47:58.052,plain_wall_bad,pw_bad_05,negative,-0.0724,-0.1437,65.533,0.5077,0.523,0.0099,2.122,0.1763,1.781,2.3472,-0.0013,wall_following
2026-07-04 14:47:58.152,plain_wall_bad,pw_bad_05,negative,0.065,-0.182,65.533,0.3066,0.525,0.0104,2.125,0.1681,1.782,2.3437,-0.0021,wall_following
2026-07-04 14:47:58.252,plain_wall_bad,pw_bad_05,negative,0.0053,-0.1437,65.533,-0.1629,0.525,0.0088,2.124,0.1589,1.793,2.3398,-0.0013,wall_following
2026-07-04 14:47:58.352,plain_wall_bad,pw_bad_05,negative,0.4634,0.0575,65.533,0.3066,0.524,0.0101,2.125,0.1501,1.804,2.336,-0.0011,wall_following
2026-07-04 14:47:58.452,plain_wall_bad,pw_bad_05,negative,0.1619,0.0958,65.533,0.3928,0.517,0.0099,2.122,0.1412,1.857,2.3326,-0.0003,wall_following
2026-07-04 14:47:58.552,plain_wall_bad,pw_bad_05,negative,-0.1182,0.0096,65.533,0.7664,0.519,0.0103,2.13,0.1316,1.838,2.3295,-0.0015,wall_following
2026-07-04 14:47:58.653,plain_wall_bad,pw_bad_05,negative,0.1843,-0.1629,65.533,-0.0192,0.53,0.0119,2.127,0.1219,1.898,2.3265,-0.0012,wall_following
2026-07-04 14:47:58.752,plain_wall_bad,pw_bad_05,negative,0.1619,-0.0958,65.533,0.4886,0.522,0.0123,2.123,0.1122,1.88,2.3237,-0.0007,wall_following
2026-07-04 14:47:58.852,plain_wall_bad,pw_bad_05,negative,-0.049,-0.2012,65.533,0.4598,0.525,0.0102,2.136,0.1029,1.905,2.321,-0.0004,wall_following
2026-07-04 14:47:58.952,plain_wall_bad,pw_bad_05,negative,-0.0426,-0.1916,65.533,0.3736,0.525,0.0085,2.127,0.0928,1.924,2.3182,0.0002,wall_following
2026-07-04 14:47:59.052,plain_wall_bad,pw_bad_05,negative,-0.0234,-0.1916,65.533,0.3449,0.524,0.01,2.119,0.0829,1.932,2.3156,-0.0001,wall_following
2026-07-04 14:47:59.152,plain_wall_bad,pw_bad_05,negative,0.0852,-0.1533,65.533,0.4886,0.522,0.0065,2.119,0.0732,1.925,2.3131,0.0002,wall_following
2026-07-04 14:47:59.252,plain_wall_bad,pw_bad_05,negative,0.0192,0.0192,65.533,0.1341,0.521,0.0107,2.123,0.0632,1.933,2.3106,-0.0002,wall_following
2026-07-04 14:47:59.352,plain_wall_bad,pw_bad_05,negative,0.0032,0.0287,65.533,0.6131,0.518,0.0099,2.124,0.0532,1.938,2.3081,0.0004,wall_following
2026-07-04 14:47:59.452,plain_wall_bad,pw_bad_05,negative,-0.1129,-0.2682,65.533,0.4886,0.521,0.0089,2.135,0.0436,1.919,2.3056,0.0002,wall_following
2026-07-04 14:47:59.552,plain_wall_bad,pw_bad_05,negative,-0.0181,0.0192,65.533,0.3066,0.523,0.0092,2.126,0.034,1.919,2.3028,-0.0005,wall_following
2026-07-04 14:47:59.653,plain_wall_bad,pw_bad_05,negative,0.0383,0.0671,65.533,0.3736,0.526,0.0091,2.119,0.0244,1.928,2.3,-0.0002,wall_following
2026-07-04 14:47:59.752,plain_wall_bad,pw_bad_05,negative,0.0511,0.0766,65.533,0.1533,0.52,0.0124,2.117,0.0146,1.911,2.2969,-0.0007,wall_following
2026-07-04 14:47:59.852,plain_wall_bad,pw_bad_05,negative,0.0778,-0.0479,65.533,1.2167,0.52,0.0091,2.12,0.005,1.875,2.294,-0.0002,wall_following
2026-07-04 14:47:59.952,plain_wall_bad,pw_bad_05,negative,0.0905,-0.1724,65.533,0.4982,0.516,0.0106,2.117,-0.0049,1.876,2.2912,0.0007,wall_following
2026-07-04 14:48:00.052,plain_wall_bad,pw_bad_05,negative,-0.1342,-0.1629,65.533,0.4024,0.519,0.0099,2.123,-0.0144,1.745,2.2886,-0.0003,wall_following
2026-07-04 14:48:00.152,plain_wall_bad,pw_bad_05,negative,-0.0724,-0.2682,65.533,0.6898,0.525,0.01,2.121,-0.0241,1.743,2.2857,-0.0004,wall_following
2026-07-04 14:48:00.252,plain_wall_bad,pw_bad_05,negative,0.0362,0.0192,65.533,0.1054,0.521,0.0107,2.124,-0.0338,1.736,2.2828,0.0,wall_following
2026-07-04 14:48:00.352,plain_wall_bad,pw_bad_05,negative,0.0778,0.0096,65.533,0.5652,0.525,0.011,2.12,-0.0436,1.754,2.2799,0.0006,wall_following
2026-07-04 14:48:00.452,plain_wall_bad,pw_bad_05,negative,0.1129,0.2587,65.533,0.776,0.519,0.0079,2.111,-0.0534,1.747,2.2772,0.0003,wall_following
2026-07-04 14:48:00.553,plain_wall_bad,pw_bad_05,negative,-0.0245,-0.1629,65.533,0.1533,0.518,0.0109,2.12,-0.0632,1.753,2.2745,-0.0002,wall_following
2026-07-04 14:48:00.652,plain_wall_bad,pw_bad_05,negative,-0.0075,0.0287,65.533,-0.0575,0.524,0.0093,2.136,-0.0727,1.753,2.2718,-0.0007,wall_following
2026-07-04 14:48:00.752,plain_wall_bad,pw_bad_05,negative,0.0096,0.0479,65.533,1.0442,0.518,0.0121,2.133,-0.082,1.754,2.2691,-0.0005,wall_following
2026-07-04 14:48:00.853,plain_wall_bad,pw_bad_05,negative,-0.0788,-0.1054,65.533,0.3353,0.522,0.01,2.12,-0.0921,1.754,2.2662,-0.0012,wall_following
2026-07-04 14:48:00.952,plain_wall_bad,pw_bad_05,negative,0.0543,-0.1341,65.533,0.0958,0.516,0.0105,2.12,-0.1019,1.753,2.2634,-0.0004,wall_following
2026-07-04 14:48:01.052,plain_wall_bad,pw_bad_05,negative,0.0447,-0.1437,65.533,0.5365,0.527,0.0097,2.122,-0.1117,1.759,2.2606,0.0001,wall_following
2026-07-04 14:48:01.152,plain_wall_bad,pw_bad_05,negative,-0.1598,-0.0575,65.533,-0.0479,0.523,0.0094,2.129,-0.1213,1.74,2.258,0.0002,wall_following
2026-07-04 14:48:01.252,plain_wall_bad,pw_bad_05,negative,-0.0373,-0.0096,65.533,0.5461,0.523,0.0099,2.135,-0.1303,1.756,2.2553,-0.0004,wall_following
2026-07-04 14:48:01.352,plain_wall_bad,pw_bad_05,negative,0.1268,0.0958,65.533,0.2012,0.521,0.0133,2.151,-0.1406,1.759,2.2522,0.0001,wall_following
2026-07-04 14:48:01.452,plain_wall_bad,pw_bad_05,negative,0.0085,0.0287,65.533,0.4503,0.516,0.0131,2.166,-0.1504,1.75,2.2493,-0.0003,wall_following
2026-07-04 14:48:01.552,plain_wall_bad,pw_bad_05,negative,0.1928,0.1724,65.533,0.5461,0.517,0.0097,2.159,-0.1601,1.763,2.2465,-0.0002,wall_following
2026-07-04 14:48:01.652,plain_wall_bad,pw_bad_05,negative,0.0735,0.1916,65.533,0.5269,0.525,0.0101,2.144,-0.1699,1.757,2.2438,-0.0004,wall_following
2026-07-04 14:48:01.752,plain_wall_bad,pw_bad_05,negative,0.0309,0.0862,65.533,0.594,0.523,0.0119,2.134,-0.1797,1.76,2.2411,0.0008,wall_following
2026-07-04 14:48:01.852,plain_wall_bad,pw_bad_05,negative,-0.179,-0.1437,65.533,0.0766,0.523,0.0094,2.119,-0.1884,1.759,2.2388,0.0002,wall_following
2026-07-04 14:48:01.952,plain_wall_bad,pw_bad_05,negative,0.1193,-0.115,65.533,0.4119,0.512,0.0093,2.125,-0.1992,1.761,2.2359,0.0005,wall_following
2026-07-04 14:48:02.052,plain_wall_bad,pw_bad_05,negative,-0.1097,-0.8909,65.533,0.6898,0.512,0.0095,2.117,-0.2085,1.762,2.2334,-0.0002,wall_following
2026-07-04 14:48:02.152,plain_wall_bad,pw_bad_05,negative,-0.0479,-0.0671,65.533,0.5461,0.522,0.0093,2.108,-0.2182,1.759,2.2307,-0.0001,wall_following
2026-07-04 14:48:02.252,plain_wall_bad,pw_bad_05,negative,-0.0362,0.0287,65.533,0.5652,0.518,0.0092,2.115,-0.2285,1.767,2.2278,-0.0002,wall_following
2026-07-04 14:48:02.352,plain_wall_bad,pw_bad_05,negative,-0.0053,-0.182,65.533,0.0862,0.517,0.0099,2.109,-0.2382,1.758,2.225,0.0001,wall_following
2026-07-04 14:48:02.452,plain_wall_bad,pw_bad_05,negative,0.0234,-0.1724,65.533,0.1724,0.518,0.0102,2.105,-0.2477,1.762,2.2221,-0.0003,wall_following
2026-07-04 14:48:02.552,plain_wall_bad,pw_bad_05,negative,-0.0213,0.115,65.533,0.9005,0.519,0.011,2.104,-0.2577,1.76,2.2191,0.0002,wall_following
2026-07-04 14:48:02.652,plain_wall_bad,pw_bad_05,negative,-0.0618,-0.2108,65.533,0.2587,0.522,0.009,2.104,-0.2673,1.764,2.2162,-0.0,wall_following
2026-07-04 14:48:02.752,plain_wall_bad,pw_bad_05,negative,-0.017,-0.364,65.533,0.2299,0.512,0.0093,2.108,-0.2768,1.76,2.2133,-0.0003,wall_following
2026-07-04 14:48:02.852,plain_wall_bad,pw_bad_05,negative,-0.098,-0.0958,65.533,0.297,0.511,0.0107,2.103,-0.2865,1.761,2.2104,-0.0016,wall_following
2026-07-04 14:48:02.952,plain_wall_bad,pw_bad_05,negative,-0.0234,-0.0862,65.533,0.1629,0.515,0.0103,2.1,-0.2961,1.76,2.2073,-0.0006,wall_following
2026-07-04 14:48:03.052,plain_wall_bad,pw_bad_05,negative,-0.0149,0.0383,65.533,0.364,0.518,0.0117,2.113,-0.3052,1.756,2.2044,-0.0001,wall_following
2026-07-04 14:48:03.152,plain_wall_bad,pw_bad_05,negative,-0.049,-0.115,65.533,0.1916,0.519,0.0097,2.102,-0.315,1.756,2.2011,-0.0003,wall_following
2026-07-04 14:48:03.252,plain_wall_bad,pw_bad_05,negative,-0.0032,-0.0383,65.533,0.5748,0.518,0.0102,2.107,-0.3246,1.761,2.1979,0.0001,wall_following
2026-07-04 14:48:03.352,plain_wall_bad,pw_bad_05,negative,0.2131,0.297,65.533,0.7281,0.526,0.0106,2.109,-0.3343,1.757,2.1947,0.0003,wall_following
2026-07-04 14:48:03.453,plain_wall_bad,pw_bad_05,negative,0.0405,0.2874,65.533,0.9101,0.527,0.0098,2.114,-0.344,1.764,2.1918,-0.0001,wall_following
2026-07-04 14:48:03.552,plain_wall_bad,pw_bad_05,negative,-0.0032,0.0,65.533,0.4598,0.522,0.0096,2.113,-0.3535,1.762,2.1889,0.0003,wall_following
2026-07-04 14:48:03.652,plain_wall_bad,pw_bad_05,negative,0.066,-0.0096,65.533,0.9484,0.519,0.0081,2.113,-0.3633,1.763,2.1859,0.0,wall_following
2026-07-04 14:48:03.752,plain_wall_bad,pw_bad_05,negative,-0.0426,-0.0958,65.533,0.7856,0.518,0.0122,2.112,-0.373,1.768,2.183,-0.0005,wall_following
2026-07-04 14:48:03.853,plain_wall_bad,pw_bad_05,negative,0.0,0.1724,65.533,0.3545,0.523,0.0092,2.101,-0.3825,1.762,2.1801,0.0,wall_following
2026-07-04 14:48:03.952,plain_wall_bad,pw_bad_05,negative,0.0831,-0.0575,65.533,0.9676,0.518,0.0093,2.107,-0.3917,1.758,2.1773,0.0002,wall_following
2026-07-04 14:48:04.052,plain_wall_bad,pw_bad_05,negative,-0.0224,-0.0958,65.533,0.3353,0.525,0.0124,2.108,-0.402,1.761,2.1742,-0.0001,wall_following
2026-07-04 14:48:04.152,plain_wall_bad,pw_bad_05,negative,-0.0245,-0.0383,65.533,0.3353,0.514,0.013,2.113,-0.4115,1.767,2.1713,0.0007,wall_following
2026-07-04 14:48:04.252,plain_wall_bad,pw_bad_05,negative,0.016,-0.115,65.533,0.1916,0.517,0.0094,2.119,-0.4211,1.764,2.1683,0.0002,wall_following
2026-07-04 14:48:04.352,plain_wall_bad,pw_bad_05,negative,0.1246,-0.0479,65.533,0.1916,0.521,0.0093,2.108,-0.4308,1.765,2.1653,0.0003,wall_following
2026-07-04 14:48:04.452,plain_wall_bad,pw_bad_05,negative,0.0341,0.0958,65.533,1.14,0.524,0.0092,2.116,-0.4405,1.763,2.1625,0.0004,wall_following
2026-07-04 14:48:04.552,plain_wall_bad,pw_bad_05,negative,-0.0426,-0.0287,65.533,0.7951,0.52,0.009,2.114,-0.4504,1.755,2.1598,-0.0,wall_following
2026-07-04 14:48:04.652,plain_wall_bad,pw_bad_05,negative,-0.0671,-0.3449,65.533,0.2203,0.521,0.0095,2.115,-0.46,1.766,2.157,-0.0,wall_following
2026-07-04 14:48:04.752,plain_wall_bad,pw_bad_05,negative,-0.0533,-0.1629,65.533,0.4407,0.521,0.0102,2.113,-0.4697,1.768,2.1542,-0.0001,wall_following
2026-07-04 14:48:04.852,plain_wall_bad,pw_bad_05,negative,-0.1502,-0.3928,65.533,-0.0192,0.514,0.0097,2.111,-0.4794,1.761,2.1512,-0.0003,wall_following
2026-07-04 14:48:04.952,plain_wall_bad,pw_bad_05,negative,0.212,-0.1724,13.095,-0.0862,0.52,0.0131,2.117,-0.489,1.755,2.1482,0.0002,wall_following
2026-07-04 14:48:05.052,plain_wall_bad,pw_bad_05,negative,0.0554,0.364,13.029,0.1437,0.528,0.0099,2.117,-0.499,1.755,2.1454,0.0003,wall_following
2026-07-04 14:48:05.152,plain_wall_bad,pw_bad_05,negative,-0.065,-0.182,13.097,-0.0383,0.517,0.0091,2.123,-0.5087,1.765,2.1428,0.0004,wall_following
2026-07-04 14:48:05.252,plain_wall_bad,pw_bad_05,negative,0.0117,0.0862,13.071,0.3928,0.511,0.0125,2.14,-0.5178,1.758,2.1401,-0.0002,wall_following
2026-07-04 14:48:05.353,plain_wall_bad,pw_bad_05,negative,-0.0298,-0.1341,13.067,0.2299,0.523,0.0097,2.154,-0.528,1.762,2.1371,-0.0003,wall_following
2026-07-04 14:48:05.452,plain_wall_bad,pw_bad_05,negative,0.1417,0.0862,13.08,0.4119,0.513,0.0096,2.179,-0.5377,1.761,2.1341,0.0005,wall_following
2026-07-04 14:48:05.552,plain_wall_bad,pw_bad_05,negative,-0.0543,0.0862,13.048,0.6419,0.519,0.0097,2.183,-0.5474,1.76,2.1313,0.0,wall_following
2026-07-04 14:48:05.652,plain_wall_bad,pw_bad_05,negative,-0.0724,0.2012,13.114,1.0442,0.511,0.0098,2.171,-0.557,1.76,2.1284,-0.0003,wall_following
2026-07-04 14:48:05.752,plain_wall_bad,pw_bad_05,negative,-0.0107,0.115,65.533,0.3353,0.523,0.0105,2.159,-0.5664,1.755,2.1253,-0.0007,wall_following
2026-07-04 14:48:05.852,plain_wall_bad,pw_bad_05,negative,0.0511,-0.0766,65.533,0.5652,0.522,0.0101,2.143,-0.5761,1.767,2.1221,-0.0003,wall_following
2026-07-04 14:48:05.952,plain_wall_bad,pw_bad_05,negative,0.0874,0.2108,65.533,0.5461,0.518,0.0095,2.163,-0.5858,1.762,2.1191,0.0002,wall_following
2026-07-04 14:48:06.052,plain_wall_bad,pw_bad_05,negative,0.0724,0.3066,65.533,0.3449,0.523,0.0094,2.154,-0.5955,1.752,2.1162,-0.0002,wall_following
2026-07-04 14:48:06.152,plain_wall_bad,pw_bad_05,negative,-0.0629,-0.0479,65.533,-0.2874,0.518,0.009,2.169,-0.6052,1.757,2.1133,0.0027,wall_following
2026-07-04 14:48:06.252,plain_wall_bad,pw_bad_05,negative,0.0778,0.0192,12.946,0.6323,0.519,0.0077,2.151,-0.6147,1.744,2.1104,0.0003,wall_following
2026-07-04 14:48:06.353,plain_wall_bad,pw_bad_05,negative,0.0,0.0287,12.932,0.7472,0.514,0.0111,2.156,-0.6246,1.733,2.1076,-0.0,wall_following
2026-07-04 14:48:06.453,plain_wall_bad,pw_bad_05,negative,0.1395,-0.0192,12.926,0.3257,0.522,0.0067,2.156,-0.6343,1.742,2.1049,0.0001,wall_following
2026-07-04 14:48:06.552,plain_wall_bad,pw_bad_05,negative,0.0117,0.2299,12.925,-0.0479,0.521,0.0095,2.18,-0.6442,1.726,2.1023,-0.0001,wall_following
2026-07-04 14:48:06.652,plain_wall_bad,pw_bad_05,negative,-0.0064,-0.0096,12.934,0.6227,0.521,0.0098,2.162,-0.6541,1.734,2.0997,-0.0003,wall_following
2026-07-04 14:48:06.752,plain_wall_bad,pw_bad_05,negative,-0.098,-0.0766,12.92,0.3353,0.518,0.0101,2.16,-0.6632,1.735,2.0972,-0.0004,wall_following
2026-07-04 14:48:06.852,plain_wall_bad,pw_bad_05,negative,-0.1534,-0.1533,12.904,0.5173,0.514,0.013,2.164,-0.673,1.746,2.0944,-0.0003,wall_following
2026-07-04 14:48:06.952,plain_wall_bad,pw_bad_05,negative,0.0309,0.2682,12.906,-0.0192,0.519,0.0093,2.157,-0.6831,1.748,2.0913,0.0006,wall_following
2026-07-04 14:48:07.052,plain_wall_bad,pw_bad_05,negative,-0.0085,-0.2012,12.876,0.2778,0.514,0.0094,2.172,-0.6925,1.76,2.0883,-0.0002,wall_following
2026-07-04 14:48:07.152,plain_wall_bad,pw_bad_05,negative,0.0383,0.0575,12.845,0.4119,0.52,0.01,2.171,-0.7024,1.764,2.0853,0.0003,wall_following
2026-07-04 14:48:07.252,plain_wall_bad,pw_bad_05,negative,-0.1108,-0.1054,12.846,0.1724,0.521,0.0092,2.18,-0.712,1.773,2.0823,0.0003,wall_following
2026-07-04 14:48:07.352,plain_wall_bad,pw_bad_05,negative,0.1406,0.1629,12.85,0.5652,0.524,0.0091,2.166,-0.7215,1.765,2.0793,-0.0001,wall_following
2026-07-04 14:48:07.452,plain_wall_bad,pw_bad_05,negative,0.0575,0.0383,12.864,0.5652,0.517,0.01,2.168,-0.7313,1.765,2.0764,-0.0002,wall_following
2026-07-04 14:48:07.552,plain_wall_bad,pw_bad_05,negative,0.0138,-0.0192,12.846,0.5844,0.529,0.0105,2.168,-0.7411,1.762,2.0736,0.0,wall_following
2026-07-04 14:48:07.652,plain_wall_bad,pw_bad_05,negative,-0.0586,-0.0287,12.849,0.115,0.521,0.0082,2.164,-0.7507,1.767,2.0709,-0.0003,wall_following
2026-07-04 14:48:07.752,plain_wall_bad,pw_bad_05,negative,-0.0543,0.0,12.808,0.1629,0.521,0.0095,2.162,-0.7598,1.761,2.0682,-0.0003,wall_following
2026-07-04 14:48:07.852,plain_wall_bad,pw_bad_05,negative,-0.0426,-0.1916,12.814,0.1724,0.519,0.0093,2.151,-0.7699,1.758,2.0651,-0.0005,wall_following
2026-07-04 14:48:07.952,plain_wall_bad,pw_bad_05,negative,0.0277,-0.1533,12.776,0.4407,0.518,0.0093,2.174,-0.7795,1.766,2.0621,0.0,wall_following
2026-07-04 14:48:08.052,plain_wall_bad,pw_bad_05,negative,0.1001,-0.0383,12.779,-0.1724,0.514,0.0098,2.164,-0.7892,1.763,2.0591,0.0002,wall_following
2026-07-04 14:48:08.152,plain_wall_bad,pw_bad_05,negative,0.0426,0.0958,12.771,0.7281,0.516,0.0094,2.168,-0.7991,1.773,2.0562,-0.0,wall_following
2026-07-04 14:48:08.252,plain_wall_bad,pw_bad_05,negative,-0.0469,-0.1245,12.747,0.7377,0.515,0.0095,2.172,-0.8088,1.76,2.0535,-0.0,wall_following
2026-07-04 14:48:08.352,plain_wall_bad,pw_bad_05,negative,-0.1076,-0.0575,12.754,0.7281,0.524,0.0093,2.17,-0.8184,1.768,2.0507,0.0003,wall_following
2026-07-04 14:48:08.452,plain_wall_bad,pw_bad_05,negative,-0.0554,-0.1629,12.767,0.1437,0.527,0.0094,2.169,-0.8274,1.764,2.0478,-0.0002,wall_following
2026-07-04 14:48:08.552,plain_wall_bad,pw_bad_05,negative,-0.0128,-0.2778,12.773,0.5365,0.519,0.0096,2.17,-0.8374,1.762,2.0445,-0.0003,wall_following
2026-07-04 14:48:08.653,plain_wall_bad,pw_bad_05,negative,0.1001,0.1245,12.769,0.5652,0.524,0.0095,2.173,-0.847,1.77,2.0413,-0.0005,idle
2026-07-04 14:48:08.752,plain_wall_bad,pw_bad_05,negative,-0.2258,-0.0862,12.74,1.0059,0.517,0.005,2.168,-0.8543,1.763,2.039,-0.0002,idle
2026-07-04 14:48:08.852,plain_wall_bad,pw_bad_05,negative,-0.0714,0.0287,12.743,0.1437,0.522,-0.0012,2.167,-0.8561,1.756,2.0383,0.0003,idle
2026-07-04 14:48:08.952,plain_wall_bad,pw_bad_05,negative,-0.0064,-0.1054,12.753,0.4407,0.523,-0.0006,2.162,-0.8551,1.771,2.0387,0.0,idle
2026-07-04 14:48:09.052,plain_wall_bad,pw_bad_05,negative,-0.0373,-0.1437,12.67,0.3736,0.526,0.0006,2.166,-0.8552,1.764,2.0387,0.0002,idle
2026-07-04 14:48:09.152,plain_wall_bad,pw_bad_05,negative,-0.0085,-0.0192,12.731,0.5173,0.522,-0.0003,2.171,-0.8553,1.766,2.0386,-0.0,idle
2026-07-04 14:48:09.252,plain_wall_bad,pw_bad_05,negative,-0.0234,0.0575,12.719,0.6323,0.527,0.0002,2.159,-0.8552,1.762,2.0387,0.0001,idle
2026-07-04 14:48:09.352,plain_wall_bad,pw_bad_05,negative,0.0309,-0.0862,12.73,0.5556,0.519,-0.0001,2.17,-0.8553,1.764,2.0387,-0.0,idle
2026-07-04 14:48:09.452,plain_wall_bad,pw_bad_05,negative,0.0309,-0.1245,12.725,0.4886,0.524,0.0001,2.171,-0.8552,1.776,2.0387,0.0,idle
2026-07-04 14:48:09.552,plain_wall_bad,pw_bad_05,negative,-0.0011,-0.1437,12.734,0.4694,0.519,-0.0,2.155,-0.8552,1.762,2.0387,0.0,idle
2026-07-04 14:48:09.652,plain_wall_bad,pw_bad_05,negative,-0.0128,-0.2012,12.749,0.7472,0.524,0.0,2.167,-0.8552,1.766,2.0387,0.0,idle
2026-07-04 14:48:09.752,plain_wall_bad,pw_bad_05,negative,-0.0405,0.0192,12.728,0.4694,0.521,0.0,2.17,-0.8552,1.759,2.0387,0.0,idle
2026-07-04 14:48:09.852,plain_wall_bad,pw_bad_05,negative,-0.0234,-0.1629,12.742,0.4598,0.522,-0.0,2.17,-0.8552,1.743,2.0387,0.0,idle
2026-07-04 14:48:09.952,plain_wall_bad,pw_bad_05,negative,-0.0128,-0.0671,12.754,0.1724,0.516,-0.0,2.172,-0.8552,1.767,2.0387,-0.0,idle
2026-07-04 14:48:10.052,plain_wall_bad,pw_bad_05,negative,0.0426,0.0671,12.734,0.3066,0.526,0.0,2.159,-0.8552,1.766,2.0387,-0.0,idle
2026-07-04 14:48:10.152,plain_wall_bad,pw_bad_05,negative,0.0011,-0.1724,12.737,0.7664,0.519,-0.0,2.163,-0.8552,1.754,2.0387,0.0,idle
2026-07-04 14:48:10.252,plain_wall_bad,pw_bad_05,negative,0.066,-0.1245,12.752,0.4024,0.522,0.0,2.177,-0.8552,1.756,2.0387,-0.0,idle
2026-07-04 14:48:10.352,plain_wall_bad,pw_bad_05,negative,0.0458,-0.1054,12.745,0.594,0.529,0.0,2.166,-0.8552,1.763,2.0387,-0.0,idle
2026-07-04 14:48:10.452,plain_wall_bad,pw_bad_05,negative,0.032,-0.1724,12.73,0.6227,0.526,0.0,2.164,-0.8552,1.763,2.0387,0.0,idle
2026-07-04 14:48:10.552,plain_wall_bad,pw_bad_05,negative,-0.0075,-0.1437,12.733,0.594,0.521,-0.0,2.174,-0.8552,1.757,2.0387,-0.0,idle
2026-07-04 14:48:10.652,plain_wall_bad,pw_bad_05,negative,0.0181,-0.0958,12.728,0.6227,0.513,-0.0,2.171,-0.8552,1.762,2.0387,-0.0,idle
2026-07-04 14:48:10.752,plain_wall_bad,pw_bad_05,negative,0.0011,-0.0192,12.714,0.7472,0.515,-0.0,2.161,-0.8552,1.76,2.0387,0.0,idle
2026-07-04 14:48:10.852,plain_wall_bad,pw_bad_05,negative,0.0309,-0.0958,12.726,0.6323,0.519,-0.0,2.172,-0.8552,1.761,2.0387,-0.0,idle
2026-07-04 14:48:10.952,plain_wall_bad,pw_bad_05,negative,0.0,-0.1054,12.725,1.0442,0.517,0.0,2.165,-0.8552,1.757,2.0387,0.0,idle
2026-07-04 14:48:11.052,plain_wall_bad,pw_bad_05,negative,-0.0383,-0.0862,12.728,0.5652,0.526,0.0,2.171,-0.8552,1.765,2.0387,-0.0,idle
2026-07-04 14:48:11.152,plain_wall_bad,pw_bad_05,negative,0.0107,0.0766,12.733,0.0766,0.521,-0.0,2.16,-0.8552,1.752,2.0387,-0.0,idle
2026-07-04 14:48:11.252,plain_wall_bad,pw_bad_05,negative,0.0085,-0.1245,12.76,0.6035,0.515,-0.0,2.155,-0.8552,1.76,2.0387,0.0,idle
2026-07-04 14:48:11.352,plain_wall_bad,pw_bad_05,negative,-0.0469,-0.0671,12.711,-0.0096,0.52,0.0,2.164,-0.8552,1.759,2.0387,0.0,idle
2026-07-04 14:48:11.452,plain_wall_bad,pw_bad_05,negative,0.0597,-0.1054,12.698,0.7472,0.525,-0.0,2.169,-0.8552,1.762,2.0387,0.0,idle
2026-07-04 14:48:11.552,plain_wall_bad,pw_bad_05,negative,0.0277,-0.0671,12.747,0.3066,0.519,-0.0,2.171,-0.8552,1.759,2.0387,0.0,idle
2026-07-04 14:48:11.652,plain_wall_bad,pw_bad_05,negative,0.0096,0.0575,12.728,0.3449,0.527,0.0,2.182,-0.8552,1.77,2.0387,-0.0,idle
2026-07-04 14:48:11.752,plain_wall_bad,pw_bad_05,negative,-0.0629,-0.0287,12.696,0.6323,0.522,-0.0,2.17,-0.8552,1.76,2.0387,0.0,idle
2026-07-04 14:48:11.852,plain_wall_bad,pw_bad_05,negative,-0.0756,-0.1245,12.739,0.4886,0.52,-0.0,2.169,-0.8552,1.763,2.0387,0.0,idle
2026-07-04 14:48:11.952,plain_wall_bad,pw_bad_05,negative,0.033,-0.1341,12.753,0.5461,0.523,0.0,2.168,-0.8552,1.764,2.0387,0.0,idle
2026-07-04 14:48:12.052,plain_wall_bad,pw_bad_05,negative,0.0415,-0.0192,12.74,0.3545,0.513,-0.0,2.161,-0.8552,1.762,2.0387,0.0,idle
2026-07-04 14:48:12.152,plain_wall_bad,pw_bad_05,negative,-0.0288,-0.1629,12.724,0.6514,0.521,0.0,2.157,-0.8552,1.756,2.0387,0.0,idle
2026-07-04 14:48:12.252,plain_wall_bad,pw_bad_05,negative,-0.0415,0.2778,12.679,0.297,0.524,-0.0,2.17,-0.8552,1.762,2.0387,-0.0,idle
2026-07-04 14:48:12.352,plain_wall_bad,pw_bad_05,negative,-0.0266,-0.1916,12.722,0.6323,0.524,0.0,2.176,-0.8552,1.77,2.0387,-0.0,idle
2026-07-04 14:48:12.452,plain_wall_bad,pw_bad_05,negative,0.0021,-0.1341,12.703,0.4215,0.52,0.0,2.163,-0.8552,1.771,2.0387,-0.0,idle
2026-07-04 14:48:12.552,plain_wall_bad,pw_bad_05,negative,-0.0298,0.0479,12.696,0.5556,0.52,-0.0,2.162,-0.8552,1.759,2.0387,0.0,idle
2026-07-04 14:48:12.652,plain_wall_bad,pw_bad_05,negative,0.0117,-0.1437,12.735,0.3928,0.516,-0.0,2.178,-0.8552,1.755,2.0387,-0.0,idle
2026-07-04 14:48:12.752,plain_wall_bad,pw_bad_05,negative,-0.0352,-0.2108,12.7,0.4886,0.519,-0.0,2.169,-0.8552,1.755,2.0387,-0.0,idle
2026-07-04 14:48:12.852,plain_wall_bad,pw_bad_05,negative,0.0746,-0.1629,12.719,0.5269,0.516,0.0,2.168,-0.8552,1.766,2.0387,-0.0,idle
2026-07-04 14:48:12.952,plain_wall_bad,pw_bad_05,negative,-0.0213,-0.1724,12.737,0.5173,0.521,-0.0,2.156,-0.8552,1.761,2.0387,-0.0,idle
2026-07-04 14:48:13.052,plain_wall_bad,pw_bad_05,negative,0.0053,-0.0096,12.673,0.4024,0.518,-0.0,2.172,-0.8552,1.76,2.0387,0.0,idle
2026-07-04 14:48:13.152,plain_wall_bad,pw_bad_05,negative,-0.0245,0.0575,12.737,0.2299,0.522,0.0,2.17,-0.8552,1.769,2.0387,0.0,idle
