timestamp,scenario,run_id,example_type,imu_angular_z,imu_accel_x,imu_accel_y,odom_linear_x,lidar_front_right,pos_x,lidar_front,lidar_left,lidar_right,pos_y,action_label
2026-07-04 14:28:30.879,plain_wall_good,pw_good_10,positive,0.0043,0.0,0.2012,-0.0,0.0,-1.3292,0.0,0.0,0.0,1.7999,idle
2026-07-04 14:28:30.979,plain_wall_good,pw_good_10,positive,0.0053,-0.0479,0.7951,-0.0,0.0,-1.3292,0.0,0.0,0.0,1.7999,idle
2026-07-04 14:28:31.079,plain_wall_good,pw_good_10,positive,-0.0288,-0.1341,0.661,-0.0,0.302,-1.3292,2.694,2.831,0.329,1.7999,idle
2026-07-04 14:28:31.179,plain_wall_good,pw_good_10,positive,0.2983,-0.6898,1.6861,0.0,0.299,-1.3292,2.697,2.823,0.325,1.7999,searching_wall
2026-07-04 14:28:31.280,plain_wall_good,pw_good_10,positive,2.105,-0.0766,1.0251,-0.0025,0.328,-1.3266,2.696,2.822,0.321,1.8015,searching_wall
2026-07-04 14:28:31.379,plain_wall_good,pw_good_10,positive,1.7044,-0.1054,0.7089,-0.0071,0.291,-1.3228,2.696,2.809,0.346,1.8071,searching_wall
2026-07-04 14:28:31.479,plain_wall_good,pw_good_10,positive,2.0517,0.0766,0.0,-0.0065,0.301,-1.3205,2.706,2.806,0.345,1.8157,searching_wall
2026-07-04 14:28:31.579,plain_wall_good,pw_good_10,positive,1.9079,0.2299,-0.2778,-0.0009,0.31,-1.3209,2.718,2.802,0.363,1.8196,searching_wall
2026-07-04 14:28:31.679,plain_wall_good,pw_good_10,positive,1.9526,0.364,-0.4311,0.0069,0.308,-1.3186,2.712,2.804,0.362,1.8163,searching_wall
2026-07-04 14:28:31.779,plain_wall_good,pw_good_10,positive,1.9601,0.6993,-0.1341,0.0132,0.322,-1.3094,2.702,2.793,0.356,1.8098,searching_wall
2026-07-04 14:28:31.879,plain_wall_good,pw_good_10,positive,1.2048,0.4694,0.0096,0.0074,0.415,-1.2924,2.701,2.777,0.39,1.8053,searching_wall
2026-07-04 14:28:31.979,plain_wall_good,pw_good_10,positive,0.6967,0.2299,-0.1533,0.0048,0.421,-1.2732,2.692,2.756,0.393,1.8047,searching_wall
2026-07-04 14:28:32.079,plain_wall_good,pw_good_10,positive,0.4346,0.1533,0.479,0.0031,0.421,-1.254,2.688,2.732,0.417,1.8068,searching_wall
2026-07-04 14:28:32.179,plain_wall_good,pw_good_10,positive,0.2727,-0.0287,0.5556,0.0019,0.948,-1.2342,2.678,2.713,0.427,1.8106,searching_wall
2026-07-04 14:28:32.279,plain_wall_good,pw_good_10,positive,0.0703,-0.1629,0.182,0.0012,1.344,-1.2149,2.672,2.689,0.44,1.8153,searching_wall
2026-07-04 14:28:32.379,plain_wall_good,pw_good_10,positive,0.0597,0.0,1.1879,0.0007,1.383,-1.1969,2.678,2.673,0.473,1.8203,searching_wall
2026-07-04 14:28:32.479,plain_wall_good,pw_good_10,positive,0.0852,-0.1341,1.0346,0.0005,1.421,-1.1777,2.671,2.652,0.483,1.826,searching_wall
2026-07-04 14:28:32.579,plain_wall_good,pw_good_10,positive,0.0969,-0.0096,0.364,0.0002,1.458,-1.1586,2.679,2.636,0.515,1.8319,searching_wall
2026-07-04 14:28:32.679,plain_wall_good,pw_good_10,positive,-0.0181,-0.2012,-0.5365,0.0001,1.475,-1.1385,2.679,2.609,0.524,1.8384,searching_wall
2026-07-04 14:28:32.779,plain_wall_good,pw_good_10,positive,0.0415,0.0,-0.1245,0.0001,1.505,-1.1197,2.692,2.597,0.547,1.8445,searching_wall
2026-07-04 14:28:32.879,plain_wall_good,pw_good_10,positive,-0.0032,0.0479,0.3545,0.0,1.535,-1.1006,2.692,2.572,0.564,1.8507,searching_wall
2026-07-04 14:28:32.979,plain_wall_good,pw_good_10,positive,0.0128,-0.0287,1.255,-0.0,1.57,-1.0816,2.693,2.557,0.593,1.857,searching_wall
2026-07-04 14:28:33.079,plain_wall_good,pw_good_10,positive,0.0256,0.0,0.4215,-0.0,1.603,-1.0627,2.696,2.538,0.597,1.8632,searching_wall
2026-07-04 14:28:33.179,plain_wall_good,pw_good_10,positive,0.0,0.0766,0.2874,-0.0,1.631,-1.0439,2.696,2.511,0.621,1.8694,searching_wall
2026-07-04 14:28:33.279,plain_wall_good,pw_good_10,positive,0.0256,-0.2874,0.3257,-0.0,1.67,-1.0248,2.687,2.489,0.639,1.8757,searching_wall
2026-07-04 14:28:33.379,plain_wall_good,pw_good_10,positive,0.0117,-0.2299,0.9963,-0.0,1.691,-1.0058,2.693,2.466,0.662,1.882,searching_wall
2026-07-04 14:28:33.479,plain_wall_good,pw_good_10,positive,-0.016,-0.0671,0.1916,-0.0,1.728,-0.9879,2.696,2.45,0.673,1.8879,searching_wall
2026-07-04 14:28:33.579,plain_wall_good,pw_good_10,positive,0.0437,-0.2874,0.7472,0.0,1.749,-0.9677,2.697,2.439,0.693,1.8945,searching_wall
2026-07-04 14:28:33.679,plain_wall_good,pw_good_10,positive,0.0,-0.0958,0.0958,0.0,1.787,-0.95,2.693,2.408,0.709,1.9003,searching_wall
2026-07-04 14:28:33.779,plain_wall_good,pw_good_10,positive,-0.065,-0.1437,-0.776,0.0,1.816,-0.9299,2.687,2.391,0.74,1.9069,searching_wall
2026-07-04 14:28:33.879,plain_wall_good,pw_good_10,positive,-0.0021,-0.2012,0.3066,0.0,1.854,-0.911,2.703,2.368,0.765,1.9131,searching_wall
2026-07-04 14:28:33.979,plain_wall_good,pw_good_10,positive,0.0703,-0.2587,-0.0479,0.0,1.878,-0.893,2.695,2.354,0.78,1.919,searching_wall
2026-07-04 14:28:34.079,plain_wall_good,pw_good_10,positive,0.0586,0.0671,1.1975,0.0,1.879,-0.8741,2.694,2.332,0.802,1.9252,searching_wall
2026-07-04 14:28:34.179,plain_wall_good,pw_good_10,positive,0.0213,0.1054,0.7472,0.0,1.867,-0.8551,2.664,2.31,0.816,1.9315,searching_wall
2026-07-04 14:28:34.280,plain_wall_good,pw_good_10,positive,0.0778,-0.1533,0.2203,0.0,1.86,-0.8351,2.689,2.292,0.833,1.938,searching_wall
2026-07-04 14:28:34.379,plain_wall_good,pw_good_10,positive,0.0554,-0.2299,-0.0383,-0.0,1.885,-0.816,2.73,2.259,0.853,1.9443,searching_wall
2026-07-04 14:28:34.479,plain_wall_good,pw_good_10,positive,0.0842,-0.0096,-0.1245,-0.0,1.862,-0.7981,2.81,2.247,0.874,1.9502,searching_wall
2026-07-04 14:28:34.580,plain_wall_good,pw_good_10,positive,0.0288,0.0,-0.2395,-0.0,1.924,-0.7784,6.297,2.221,0.891,1.9567,searching_wall
2026-07-04 14:28:34.679,plain_wall_good,pw_good_10,positive,-0.0703,-0.0383,1.1113,-0.0,1.949,-0.7591,65.533,2.202,0.907,1.963,searching_wall
2026-07-04 14:28:34.779,plain_wall_good,pw_good_10,positive,-0.0767,-0.115,0.2108,-0.0,1.938,-0.7404,65.533,2.184,0.934,1.9692,searching_wall
2026-07-04 14:28:34.879,plain_wall_good,pw_good_10,positive,-0.0138,0.0287,-0.6323,-0.0,1.958,-0.7213,65.533,2.159,0.959,1.9755,searching_wall
2026-07-04 14:28:34.979,plain_wall_good,pw_good_10,positive,-0.0117,-0.1245,0.3257,-0.0,1.973,-0.7033,6.21,2.141,0.981,1.9814,searching_wall
2026-07-04 14:28:35.079,plain_wall_good,pw_good_10,positive,0.0341,0.0479,1.7915,-0.0,2.009,-0.6835,6.137,2.117,0.99,1.9879,searching_wall
2026-07-04 14:28:35.179,plain_wall_good,pw_good_10,positive,0.0309,-0.0096,0.0479,0.0,2.033,-0.6643,6.081,2.102,1.021,1.9942,searching_wall
2026-07-04 14:28:35.279,plain_wall_good,pw_good_10,positive,-0.0107,-0.0383,0.4694,0.0,2.057,-0.6456,6.07,2.075,1.038,2.0004,searching_wall
2026-07-04 14:28:35.379,plain_wall_good,pw_good_10,positive,-0.0362,-0.2012,-0.6131,0.0,2.093,-0.6273,5.989,2.059,1.053,2.0064,searching_wall
2026-07-04 14:28:35.479,plain_wall_good,pw_good_10,positive,-0.0458,0.0383,-0.0192,0.0,2.122,-0.6076,5.928,2.044,1.07,2.0128,searching_wall
2026-07-04 14:28:35.579,plain_wall_good,pw_good_10,positive,-0.0692,0.1245,-0.2395,0.0,2.163,-0.5886,5.783,2.014,1.092,2.019,searching_wall
2026-07-04 14:28:35.679,plain_wall_good,pw_good_10,positive,-0.0746,-0.0096,0.8143,0.0,2.182,-0.5694,5.877,1.994,1.1,2.0253,approaching_wall
2026-07-04 14:28:35.779,plain_wall_good,pw_good_10,positive,-0.457,-0.0958,0.5461,0.0014,2.208,-0.5487,5.817,1.971,1.117,2.0316,approaching_wall
2026-07-04 14:28:35.879,plain_wall_good,pw_good_10,positive,-0.391,-0.4598,-0.1533,0.0049,1.381,-0.5183,5.887,1.945,1.148,2.038,approaching_wall
2026-07-04 14:28:35.979,plain_wall_good,pw_good_10,positive,-0.2024,-0.0766,-0.7185,0.0067,2.311,-0.4858,5.863,1.917,1.184,2.0422,approaching_wall
2026-07-04 14:28:36.079,plain_wall_good,pw_good_10,positive,-0.2312,-0.3066,0.4694,0.0085,2.371,-0.4549,65.533,1.875,1.2,2.0446,approaching_wall
2026-07-04 14:28:36.179,plain_wall_good,pw_good_10,positive,-0.1747,-0.0766,0.5461,0.0091,2.403,-0.4254,5.793,1.848,1.232,2.0459,approaching_wall
2026-07-04 14:28:36.279,plain_wall_good,pw_good_10,positive,-0.0341,-0.0671,1.9639,0.0093,2.454,-0.3917,5.723,1.813,1.253,2.0467,approaching_wall
2026-07-04 14:28:36.379,plain_wall_good,pw_good_10,positive,-0.065,-0.2108,-0.3928,0.0082,2.505,-0.3607,5.73,1.791,1.274,2.0472,approaching_wall
2026-07-04 14:28:36.479,plain_wall_good,pw_good_10,positive,0.0245,-0.115,1.9543,0.0128,2.537,-0.3288,65.533,1.752,1.303,2.0473,approaching_wall
2026-07-04 14:28:36.579,plain_wall_good,pw_good_10,positive,-0.0256,-0.843,-0.2108,0.01,2.59,-0.2973,65.533,1.723,1.322,2.0473,approaching_wall
2026-07-04 14:28:36.679,plain_wall_good,pw_good_10,positive,-0.0064,-0.776,-0.8143,0.0131,2.644,-0.2672,65.533,1.694,1.349,2.0473,approaching_wall
2026-07-04 14:28:36.779,plain_wall_good,pw_good_10,positive,0.0117,-0.0766,-0.7185,0.0097,2.683,-0.2342,65.533,1.659,1.346,2.0471,approaching_wall
2026-07-04 14:28:36.879,plain_wall_good,pw_good_10,positive,0.033,-0.1054,0.1724,0.0127,2.723,-0.2025,65.533,1.621,1.342,2.0469,approaching_wall
2026-07-04 14:28:36.979,plain_wall_good,pw_good_10,positive,-0.0469,0.0862,2.0022,0.0095,2.78,-0.1711,65.533,1.599,1.348,2.0467,approaching_wall
2026-07-04 14:28:37.079,plain_wall_good,pw_good_10,positive,0.0277,-0.3736,0.7568,0.0094,2.832,-0.1395,65.533,1.56,1.364,2.0466,approaching_wall
2026-07-04 14:28:37.179,plain_wall_good,pw_good_10,positive,0.0671,-0.2108,1.2263,0.0094,2.874,-0.1098,65.533,1.526,1.381,2.0464,approaching_wall
2026-07-04 14:28:37.279,plain_wall_good,pw_good_10,positive,-0.0533,0.1245,1.255,0.01,2.921,-0.0766,65.533,1.491,1.411,2.0463,approaching_wall
2026-07-04 14:28:37.379,plain_wall_good,pw_good_10,positive,0.0021,0.115,-0.1437,0.0099,2.976,-0.0464,65.533,1.47,1.452,2.0461,approaching_wall
2026-07-04 14:28:37.479,plain_wall_good,pw_good_10,positive,-0.0011,0.0958,0.4694,0.0103,3.024,-0.0135,65.533,1.437,1.494,2.046,approaching_wall
2026-07-04 14:28:37.579,plain_wall_good,pw_good_10,positive,0.0415,0.0287,0.5269,0.0093,3.061,0.0183,65.533,1.402,1.529,2.0457,approaching_wall
2026-07-04 14:28:37.679,plain_wall_good,pw_good_10,positive,-0.0085,-0.1724,0.9867,0.008,3.107,0.0481,65.533,1.375,1.558,2.0455,approaching_wall
2026-07-04 14:28:37.779,plain_wall_good,pw_good_10,positive,0.0597,-0.2682,-0.3736,0.0068,3.157,0.0794,65.533,1.346,1.613,2.0453,approaching_wall
2026-07-04 14:28:37.879,plain_wall_good,pw_good_10,positive,0.0,-0.1245,1.5999,0.0098,3.201,0.1127,65.533,1.318,1.68,2.0451,approaching_wall
2026-07-04 14:28:37.979,plain_wall_good,pw_good_10,positive,0.0394,-0.2682,0.1916,0.0108,3.244,0.1446,65.533,1.289,1.73,2.0448,approaching_wall
2026-07-04 14:28:38.079,plain_wall_good,pw_good_10,positive,0.0117,0.1533,0.9963,0.0099,3.302,0.1757,65.533,1.256,1.79,2.0446,approaching_wall
2026-07-04 14:28:38.179,plain_wall_good,pw_good_10,positive,-0.0309,-0.1916,-0.8909,0.0098,3.357,0.2076,65.533,1.23,1.848,2.0444,approaching_wall
2026-07-04 14:28:38.279,plain_wall_good,pw_good_10,positive,-0.0618,0.0096,0.0862,0.0108,3.381,0.2374,65.533,1.194,1.907,2.0443,approaching_wall
2026-07-04 14:28:38.379,plain_wall_good,pw_good_10,positive,-0.1087,-0.3066,0.7568,0.01,3.392,0.2693,65.533,1.165,1.995,2.0441,approaching_wall
2026-07-04 14:28:38.479,plain_wall_good,pw_good_10,positive,0.0032,-0.2682,0.6706,0.0096,3.384,0.3022,65.533,1.13,2.159,2.0439,approaching_wall
2026-07-04 14:28:38.579,plain_wall_good,pw_good_10,positive,-0.0075,-0.2299,0.7951,0.0126,3.411,0.334,65.533,1.102,2.513,2.0436,approaching_wall
2026-07-04 14:28:38.679,plain_wall_good,pw_good_10,positive,-0.0266,-0.1054,0.0575,0.0096,65.533,0.3655,65.533,1.069,2.548,2.0434,approaching_wall
2026-07-04 14:28:38.779,plain_wall_good,pw_good_10,positive,-0.0075,-0.0192,1.4753,0.0095,7.148,0.3952,65.533,1.041,2.573,2.0431,approaching_wall
2026-07-04 14:28:38.879,plain_wall_good,pw_good_10,positive,0.0192,-0.2491,0.8814,0.0103,7.256,0.427,65.533,0.999,2.596,2.0428,approaching_wall
2026-07-04 14:28:38.979,plain_wall_good,pw_good_10,positive,-0.0288,0.0671,0.1916,0.0072,65.533,0.4581,65.533,0.965,2.641,2.0425,approaching_wall
2026-07-04 14:28:39.079,plain_wall_good,pw_good_10,positive,-0.0266,-0.3257,0.594,0.0118,65.533,0.4917,65.533,0.933,1.763,2.0422,approaching_wall
2026-07-04 14:28:39.179,plain_wall_good,pw_good_10,positive,-0.0927,0.3066,0.9293,0.0094,65.533,0.5232,65.533,0.908,1.738,2.042,approaching_wall
2026-07-04 14:28:39.279,plain_wall_good,pw_good_10,positive,-0.049,0.1724,0.3449,0.0106,65.533,0.5546,65.533,0.88,1.75,2.0418,approaching_wall
2026-07-04 14:28:39.379,plain_wall_good,pw_good_10,positive,-0.0224,0.2587,0.5556,0.0099,7.506,0.5859,65.533,0.846,1.778,2.0415,approaching_wall
2026-07-04 14:28:39.479,plain_wall_good,pw_good_10,positive,-0.0309,-0.1916,1.0251,0.0089,7.562,0.6149,65.533,0.817,1.801,2.0413,approaching_wall
2026-07-04 14:28:39.579,plain_wall_good,pw_good_10,positive,-0.0937,-0.4694,0.3257,0.0086,7.613,0.6428,65.533,0.786,1.845,2.0408,approaching_wall
2026-07-04 14:28:39.679,plain_wall_good,pw_good_10,positive,-0.1161,0.115,0.3832,0.009,7.66,0.6684,5.379,0.765,1.86,2.0398,approaching_wall
2026-07-04 14:28:39.779,plain_wall_good,pw_good_10,positive,-0.0831,0.0096,-0.2299,0.0113,7.689,0.6934,65.533,0.734,1.912,2.0382,approaching_wall
2026-07-04 14:28:39.879,plain_wall_good,pw_good_10,positive,-0.2482,0.0192,0.4694,0.0106,7.638,0.7148,65.533,0.719,1.919,2.0361,approaching_wall
2026-07-04 14:28:39.979,plain_wall_good,pw_good_10,positive,-0.1672,0.1054,0.0862,0.0081,65.533,0.7333,65.533,0.694,1.937,2.0337,approaching_wall
2026-07-04 14:28:40.079,plain_wall_good,pw_good_10,positive,-0.1523,-0.0096,-0.0287,0.0083,65.533,0.7525,5.377,0.679,1.969,2.0303,approaching_wall
2026-07-04 14:28:40.179,plain_wall_good,pw_good_10,positive,-0.1864,-0.0671,0.2395,0.0072,65.533,0.7691,65.533,0.66,1.988,2.0267,approaching_wall
2026-07-04 14:28:40.279,plain_wall_good,pw_good_10,positive,-0.082,0.0479,0.4886,0.0093,65.533,0.7852,5.488,0.65,1.869,2.0225,approaching_wall
2026-07-04 14:28:40.379,plain_wall_good,pw_good_10,positive,-0.114,0.0958,0.7568,0.0094,65.533,0.8003,65.533,0.639,1.888,2.0179,wall_following
2026-07-04 14:28:40.479,plain_wall_good,pw_good_10,positive,-0.1886,-0.0096,-0.0575,0.0083,65.533,0.8136,65.533,0.629,1.955,2.0133,wall_following
2026-07-04 14:28:40.579,plain_wall_good,pw_good_10,positive,-0.2834,0.1533,0.0383,0.0082,65.533,0.8273,65.533,0.61,1.986,2.0079,wall_following
2026-07-04 14:28:40.679,plain_wall_good,pw_good_10,positive,-0.1875,-0.0383,0.8526,0.0112,65.533,0.8397,5.54,0.598,2.005,2.0024,wall_following
2026-07-04 14:28:40.779,plain_wall_good,pw_good_10,positive,-0.2131,-0.1916,0.7856,0.0114,65.533,0.8514,5.609,0.6,2.077,1.9965,wall_following
2026-07-04 14:28:40.879,plain_wall_good,pw_good_10,positive,-0.2344,-0.2682,0.2203,0.0085,65.533,0.8622,5.643,0.584,2.023,1.9904,wall_following
2026-07-04 14:28:40.980,plain_wall_good,pw_good_10,positive,-0.2365,0.2012,0.4982,0.0118,65.533,0.8725,5.676,0.591,2.116,1.984,wall_following
2026-07-04 14:28:41.079,plain_wall_good,pw_good_10,positive,-0.1758,-0.1245,0.4407,0.0112,65.533,0.8816,5.7,0.568,2.066,1.9777,wall_following
2026-07-04 14:28:41.179,plain_wall_good,pw_good_10,positive,-0.3462,0.115,0.7185,0.008,65.533,0.8911,5.692,0.563,2.144,1.9706,wall_following
2026-07-04 14:28:41.279,plain_wall_good,pw_good_10,positive,-0.1491,0.0862,0.2874,0.0103,65.533,0.9,5.703,0.575,2.159,1.9632,wall_following
2026-07-04 14:28:41.379,plain_wall_good,pw_good_10,positive,-0.098,-0.0192,0.479,0.0091,65.533,0.9082,5.732,0.551,2.178,1.956,wall_following
2026-07-04 14:28:41.479,plain_wall_good,pw_good_10,positive,-0.1896,-0.1054,0.8335,0.0093,65.533,0.9164,5.726,0.552,2.172,1.9485,wall_following
2026-07-04 14:28:41.579,plain_wall_good,pw_good_10,positive,-0.0501,-0.2203,0.0096,0.0091,65.533,0.9239,5.759,0.546,2.178,1.941,wall_following
2026-07-04 14:28:41.679,plain_wall_good,pw_good_10,positive,-0.1832,-0.1437,0.5652,0.0091,65.533,0.9312,5.735,0.531,2.205,1.9335,wall_following
2026-07-04 14:28:41.779,plain_wall_good,pw_good_10,positive,0.0373,-0.1341,0.4694,0.0121,65.533,0.9383,5.75,0.527,2.32,1.9256,wall_following
2026-07-04 14:28:41.879,plain_wall_good,pw_good_10,positive,-0.1513,-0.2491,0.9005,0.0094,65.533,0.945,5.777,0.528,3.083,1.9179,wall_following
2026-07-04 14:28:41.979,plain_wall_good,pw_good_10,positive,-0.049,-0.1054,0.6706,0.0088,65.533,0.9511,5.781,0.52,3.107,1.9105,wall_following
2026-07-04 14:28:42.079,plain_wall_good,pw_good_10,positive,-0.1502,-0.1916,0.7089,0.0089,65.533,0.9573,5.806,0.526,3.113,1.9026,wall_following
2026-07-04 14:28:42.179,plain_wall_good,pw_good_10,positive,-0.2131,-0.2874,0.0479,0.0086,65.533,0.963,5.851,0.519,3.112,1.8947,wall_following
2026-07-04 14:28:42.279,plain_wall_good,pw_good_10,positive,-0.1204,0.0766,0.6706,0.0115,65.533,0.9687,5.905,0.514,3.126,1.8861,wall_following
2026-07-04 14:28:42.379,plain_wall_good,pw_good_10,positive,-0.7787,0.0383,0.4407,0.0096,65.533,0.9738,6.009,0.514,3.121,1.8778,wall_following
2026-07-04 14:28:42.479,plain_wall_good,pw_good_10,positive,-0.2013,-0.1341,1.3029,0.0103,65.533,0.9786,5.964,0.511,3.125,1.8689,wall_following
2026-07-04 14:28:42.579,plain_wall_good,pw_good_10,positive,-0.245,-0.4024,0.0287,0.0097,65.533,0.9825,6.018,0.511,3.127,1.8604,wall_following
2026-07-04 14:28:42.679,plain_wall_good,pw_good_10,positive,0.0288,-0.1533,0.1437,0.0103,65.533,0.9864,8.583,0.512,3.13,1.8508,wall_following
2026-07-04 14:28:42.779,plain_wall_good,pw_good_10,positive,-0.0064,0.0671,0.8814,0.01,65.533,0.9903,8.551,0.504,3.119,1.8415,wall_following
2026-07-04 14:28:42.879,plain_wall_good,pw_good_10,positive,0.0543,-0.0575,0.2491,0.0101,65.533,0.994,8.572,0.508,3.127,1.8328,wall_following
2026-07-04 14:28:42.979,plain_wall_good,pw_good_10,positive,-0.0224,-0.1724,0.4215,0.0129,2.758,0.9981,5.592,0.506,3.131,1.823,wall_following
2026-07-04 14:28:43.079,plain_wall_good,pw_good_10,positive,-0.1587,-0.2395,0.5173,0.0094,2.793,1.0016,5.594,0.494,3.13,1.8142,wall_following
2026-07-04 14:28:43.179,plain_wall_good,pw_good_10,positive,-0.017,-0.1054,0.6802,0.011,2.732,1.0051,5.632,0.503,3.122,1.8044,wall_following
2026-07-04 14:28:43.279,plain_wall_good,pw_good_10,positive,-0.0192,-0.3257,1.073,0.0091,2.702,1.0084,5.58,0.508,3.14,1.7949,wall_following
2026-07-04 14:28:43.380,plain_wall_good,pw_good_10,positive,0.0138,-0.1341,0.4694,0.0107,2.675,1.0116,5.554,0.514,3.139,1.7855,wall_following
2026-07-04 14:28:43.479,plain_wall_good,pw_good_10,positive,-0.0107,-0.2682,0.5461,0.0103,2.658,1.0149,5.511,0.502,3.134,1.7761,wall_following
2026-07-04 14:28:43.579,plain_wall_good,pw_good_10,positive,-0.1225,-0.0766,0.7089,0.0097,2.652,1.0181,5.528,0.496,3.135,1.7666,wall_following
2026-07-04 14:28:43.679,plain_wall_good,pw_good_10,positive,0.0011,-0.1245,0.2682,0.0092,2.647,1.0213,5.507,0.497,3.143,1.7572,wall_following
2026-07-04 14:28:43.779,plain_wall_good,pw_good_10,positive,-0.0629,-0.1054,0.115,0.0103,2.63,1.0245,5.497,0.496,3.136,1.7477,wall_following
2026-07-04 14:28:43.879,plain_wall_good,pw_good_10,positive,-0.0799,-0.2299,0.3736,0.0083,2.626,1.0276,5.446,0.501,3.137,1.7382,wall_following
2026-07-04 14:28:43.979,plain_wall_good,pw_good_10,positive,-0.0969,-0.2012,0.3449,0.0085,2.615,1.0303,5.44,0.499,3.14,1.7292,wall_following
2026-07-04 14:28:44.079,plain_wall_good,pw_good_10,positive,0.0511,0.0,0.776,0.0122,2.616,1.0333,5.443,0.494,3.143,1.7191,wall_following
2026-07-04 14:28:44.179,plain_wall_good,pw_good_10,positive,-0.0266,-0.0575,0.115,0.009,2.625,1.036,5.444,0.491,3.14,1.7094,wall_following
2026-07-04 14:28:44.279,plain_wall_good,pw_good_10,positive,0.0341,-0.0096,0.4694,0.0093,2.622,1.0387,5.42,0.495,3.138,1.6999,wall_following
2026-07-04 14:28:44.379,plain_wall_good,pw_good_10,positive,0.0224,0.0192,0.2299,0.0095,2.615,1.0415,5.404,0.5,3.141,1.6903,wall_following
2026-07-04 14:28:44.479,plain_wall_good,pw_good_10,positive,0.0181,-0.1916,0.0383,0.0099,2.628,1.0442,5.404,0.497,3.138,1.6812,wall_following
2026-07-04 14:28:44.579,plain_wall_good,pw_good_10,positive,0.115,-0.1629,0.2108,0.0096,2.608,1.0471,5.402,0.505,3.142,1.6712,wall_following
2026-07-04 14:28:44.679,plain_wall_good,pw_good_10,positive,0.1129,-0.1245,0.2395,0.0125,2.615,1.0496,5.411,0.499,3.136,1.6619,wall_following
2026-07-04 14:28:44.779,plain_wall_good,pw_good_10,positive,0.1055,-0.0575,0.8143,0.0096,2.616,1.0525,5.397,0.494,3.143,1.652,wall_following
2026-07-04 14:28:44.879,plain_wall_good,pw_good_10,positive,0.0788,0.182,0.7281,0.01,2.592,1.0554,5.369,0.496,3.138,1.6424,wall_following
2026-07-04 14:28:44.979,plain_wall_good,pw_good_10,positive,0.0064,-0.115,0.4311,0.0098,2.625,1.0583,5.378,0.497,3.145,1.6327,wall_following
2026-07-04 14:28:45.079,plain_wall_good,pw_good_10,positive,0.017,-0.297,0.2874,0.0116,2.612,1.0611,5.351,0.502,3.144,1.6236,wall_following
2026-07-04 14:28:45.179,plain_wall_good,pw_good_10,positive,-0.0437,-0.2108,0.2587,0.01,2.629,1.064,5.343,0.495,3.137,1.6136,wall_following
2026-07-04 14:28:45.280,plain_wall_good,pw_good_10,positive,-0.1768,0.1629,0.843,0.0092,2.615,1.0669,5.325,0.497,3.14,1.6041,wall_following
2026-07-04 14:28:45.379,plain_wall_good,pw_good_10,positive,-0.0586,0.0096,0.1341,0.0143,2.627,1.0697,5.321,0.498,3.142,1.5944,wall_following
2026-07-04 14:28:45.479,plain_wall_good,pw_good_10,positive,-0.082,-0.1054,0.5173,0.0094,2.616,1.0721,5.328,0.494,3.14,1.5854,wall_following
2026-07-04 14:28:45.579,plain_wall_good,pw_good_10,positive,0.0362,-0.115,0.6706,0.0114,2.622,1.0747,5.33,0.5,3.141,1.5756,wall_following
2026-07-04 14:28:45.679,plain_wall_good,pw_good_10,positive,-0.032,-0.0383,0.1437,0.0089,2.623,1.0773,5.31,0.491,3.141,1.5661,wall_following
2026-07-04 14:28:45.779,plain_wall_good,pw_good_10,positive,-0.066,-0.0479,0.364,0.0089,2.621,1.0798,8.302,0.496,3.139,1.5564,wall_following
2026-07-04 14:28:45.879,plain_wall_good,pw_good_10,positive,0.0884,0.0862,0.2299,0.0097,2.62,1.0824,8.286,0.498,3.141,1.5462,wall_following
2026-07-04 14:28:45.979,plain_wall_good,pw_good_10,positive,0.0937,-0.0958,0.7472,0.0098,2.626,1.0849,8.269,0.492,3.142,1.5366,wall_following
2026-07-04 14:28:46.079,plain_wall_good,pw_good_10,positive,-0.0352,-0.1533,-0.0766,0.0095,2.626,1.0875,8.253,0.494,3.14,1.5275,wall_following
2026-07-04 14:28:46.179,plain_wall_good,pw_good_10,positive,0.0,-0.0766,0.1054,0.0097,2.624,1.0903,8.227,0.495,3.134,1.5179,wall_following
2026-07-04 14:28:46.279,plain_wall_good,pw_good_10,positive,-0.0352,-0.2587,0.0575,0.0088,2.629,1.0931,8.214,0.492,3.142,1.5077,wall_following
2026-07-04 14:28:46.379,plain_wall_good,pw_good_10,positive,-0.0362,-0.1533,0.6706,0.0095,2.62,1.0956,8.218,0.502,3.149,1.4985,wall_following
2026-07-04 14:28:46.479,plain_wall_good,pw_good_10,positive,-0.0969,-0.0479,0.0958,0.0091,2.628,1.0982,8.202,0.497,3.137,1.489,wall_following
2026-07-04 14:28:46.579,plain_wall_good,pw_good_10,positive,0.0969,0.0766,0.1533,0.0104,2.618,1.1009,8.19,0.498,3.146,1.4788,wall_following
2026-07-04 14:28:46.679,plain_wall_good,pw_good_10,positive,-0.0021,0.3545,0.3736,0.0093,2.618,1.1035,8.176,0.491,3.139,1.4692,wall_following
2026-07-04 14:28:46.779,plain_wall_good,pw_good_10,positive,-0.0437,-0.0096,0.2299,0.0095,2.614,1.106,8.168,0.503,3.14,1.4602,wall_following
2026-07-04 14:28:46.879,plain_wall_good,pw_good_10,positive,0.1566,0.0096,1.2358,0.0099,2.608,1.1088,8.162,0.488,3.142,1.4501,wall_following
2026-07-04 14:28:46.979,plain_wall_good,pw_good_10,positive,-0.0969,-0.0671,0.7472,0.0109,2.62,1.1115,8.142,0.505,3.14,1.4404,wall_following
2026-07-04 14:28:47.079,plain_wall_good,pw_good_10,positive,-0.0224,-0.0096,-0.0383,0.0084,2.625,1.1141,8.122,0.494,3.142,1.4307,wall_following
2026-07-04 14:28:47.179,plain_wall_good,pw_good_10,positive,0.0682,-0.2778,0.364,0.011,2.606,1.1166,8.117,0.491,3.141,1.421,wall_following
2026-07-04 14:28:47.279,plain_wall_good,pw_good_10,positive,0.1161,-0.0671,0.5748,0.0095,2.625,1.1189,8.128,0.488,3.146,1.4124,wall_following
2026-07-04 14:28:47.379,plain_wall_good,pw_good_10,positive,0.0032,-0.0766,0.7281,0.0098,2.632,1.1215,8.121,0.496,3.141,1.4028,wall_following
2026-07-04 14:28:47.479,plain_wall_good,pw_good_10,positive,-0.1768,-0.2682,0.4886,0.0101,2.621,1.1244,8.105,0.489,3.142,1.3921,wall_following
2026-07-04 14:28:47.580,plain_wall_good,pw_good_10,positive,0.1598,0.1629,0.4119,0.0098,2.624,1.127,8.104,0.499,3.142,1.3825,wall_following
2026-07-04 14:28:47.679,plain_wall_good,pw_good_10,positive,0.1214,0.0575,0.4024,0.01,2.622,1.1297,8.077,0.499,3.15,1.3735,wall_following
2026-07-04 14:28:47.779,plain_wall_good,pw_good_10,positive,-0.0373,-0.0862,0.3257,0.0099,2.619,1.1326,8.095,0.495,3.057,1.3638,wall_following
2026-07-04 14:28:47.879,plain_wall_good,pw_good_10,positive,-0.0277,-0.1341,0.0479,0.0102,2.627,1.1353,8.063,0.493,3.137,1.3542,wall_following
2026-07-04 14:28:47.979,plain_wall_good,pw_good_10,positive,0.0778,-0.0766,0.5269,0.0087,2.631,1.138,8.046,0.49,3.063,1.3441,wall_following
2026-07-04 14:28:48.079,plain_wall_good,pw_good_10,positive,0.1491,0.0958,0.7185,0.0091,2.625,1.1406,8.05,0.496,3.052,1.3351,wall_following
2026-07-04 14:28:48.180,plain_wall_good,pw_good_10,positive,-0.0916,-0.0479,0.4886,0.0132,2.635,1.1435,8.033,0.495,3.056,1.3254,wall_following
2026-07-04 14:28:48.279,plain_wall_good,pw_good_10,positive,0.081,-0.1629,0.3161,0.0101,2.62,1.1465,8.016,0.496,3.059,1.3153,wall_following
2026-07-04 14:28:48.379,plain_wall_good,pw_good_10,positive,-0.066,-0.1533,0.1916,0.0096,2.641,1.1492,8.018,0.493,3.049,1.3058,wall_following
2026-07-04 14:28:48.479,plain_wall_good,pw_good_10,positive,-0.1459,-0.2682,0.3257,0.0101,2.647,1.1517,8.0,0.498,3.02,1.2961,wall_following
2026-07-04 14:28:48.580,plain_wall_good,pw_good_10,positive,0.0618,-0.0479,-0.1054,0.0099,2.643,1.1541,7.989,0.49,3.007,1.2863,wall_following
2026-07-04 14:28:48.679,plain_wall_good,pw_good_10,positive,0.0149,-0.1724,0.3736,0.0097,2.647,1.1564,7.959,0.486,3.008,1.2767,wall_following
2026-07-04 14:28:48.779,plain_wall_good,pw_good_10,positive,0.0437,-0.2203,0.7951,0.0098,2.647,1.1587,4.993,0.493,3.013,1.267,wall_following
2026-07-04 14:28:48.879,plain_wall_good,pw_good_10,positive,0.0085,-0.2395,0.4215,0.0102,2.636,1.1612,4.971,0.494,3.009,1.2571,wall_following
2026-07-04 14:28:48.979,plain_wall_good,pw_good_10,positive,0.1023,-0.0192,0.4119,0.0101,2.651,1.1636,4.937,0.485,3.008,1.2474,wall_following
2026-07-04 14:28:49.079,plain_wall_good,pw_good_10,positive,0.0607,0.0192,1.0825,0.0101,2.666,1.1661,4.929,0.49,3.005,1.2378,wall_following
2026-07-04 14:28:49.179,plain_wall_good,pw_good_10,positive,0.0245,-0.2203,0.594,0.0102,2.663,1.1685,4.93,0.493,3.007,1.228,wall_following
2026-07-04 14:28:49.279,plain_wall_good,pw_good_10,positive,-0.0245,-0.2587,0.297,0.0099,2.668,1.171,4.902,0.497,3.017,1.2182,wall_following
2026-07-04 14:28:49.379,plain_wall_good,pw_good_10,positive,0.0224,-0.1054,0.0862,0.0093,2.672,1.1734,4.914,0.495,3.014,1.2086,wall_following
2026-07-04 14:28:49.479,plain_wall_good,pw_good_10,positive,0.0032,-0.1437,-0.0862,0.0099,2.677,1.1759,4.895,0.49,3.011,1.1989,wall_following
2026-07-04 14:28:49.579,plain_wall_good,pw_good_10,positive,-0.1534,-0.1341,0.4024,0.0082,2.674,1.1784,4.878,0.495,3.011,1.1897,wall_following
2026-07-04 14:28:49.679,plain_wall_good,pw_good_10,positive,-0.0607,0.0671,0.2395,0.0096,2.666,1.181,4.863,0.494,3.013,1.1795,wall_following
2026-07-04 14:28:49.779,plain_wall_good,pw_good_10,positive,-0.0256,0.0287,0.3928,0.0133,2.676,1.1835,4.851,0.491,3.019,1.1698,wall_following
2026-07-04 14:28:49.879,plain_wall_good,pw_good_10,positive,0.0682,0.0287,0.2395,0.0099,2.67,1.1859,4.835,0.492,3.013,1.1603,wall_following
2026-07-04 14:28:49.979,plain_wall_good,pw_good_10,positive,-0.0916,-0.0575,0.2491,0.0103,2.675,1.1884,4.83,0.485,3.025,1.1505,wall_following
2026-07-04 14:28:50.079,plain_wall_good,pw_good_10,positive,-0.0202,-0.0575,0.1341,0.0098,2.676,1.1907,4.821,0.493,3.011,1.1408,wall_following
2026-07-04 14:28:50.179,plain_wall_good,pw_good_10,positive,0.0629,0.0575,0.7664,0.0094,2.664,1.193,4.815,0.49,3.006,1.1315,wall_following
2026-07-04 14:28:50.279,plain_wall_good,pw_good_10,positive,0.0085,-0.0192,0.5173,0.0123,2.677,1.1953,4.801,0.49,3.011,1.1217,wall_following
2026-07-04 14:28:50.379,plain_wall_good,pw_good_10,positive,0.2152,0.1437,0.8047,0.0093,2.677,1.1977,4.782,0.491,3.015,1.1116,wall_following
2026-07-04 14:28:50.479,plain_wall_good,pw_good_10,positive,-0.0117,-0.2587,-0.0958,0.0094,2.68,1.2002,4.761,0.493,3.006,1.1019,wall_following
2026-07-04 14:28:50.579,plain_wall_good,pw_good_10,positive,-0.0479,-0.1724,0.4503,0.0094,2.684,1.2025,4.767,0.495,3.009,1.0922,wall_following
2026-07-04 14:28:50.679,plain_wall_good,pw_good_10,positive,-0.0128,0.0,0.3353,0.0095,2.68,1.2047,4.756,0.489,3.015,1.0825,wall_following
2026-07-04 14:28:50.782,plain_wall_good,pw_good_10,positive,0.0234,-0.2587,0.4311,0.0086,2.686,1.2069,4.733,0.495,3.007,1.0732,wall_following
2026-07-04 14:28:50.879,plain_wall_good,pw_good_10,positive,0.1704,0.1724,0.5461,0.0104,2.684,1.2094,4.724,0.493,3.009,1.063,wall_following
2026-07-04 14:28:50.979,plain_wall_good,pw_good_10,positive,-0.082,-0.0096,0.3545,0.0095,2.682,1.2118,4.718,0.498,3.015,1.0543,wall_following
2026-07-04 14:28:51.079,plain_wall_good,pw_good_10,positive,-0.1758,-0.0766,0.5461,0.0095,2.687,1.2145,4.707,0.492,3.008,1.0437,wall_following
2026-07-04 14:28:51.179,plain_wall_good,pw_good_10,positive,0.1129,-0.1341,0.5748,0.0096,2.691,1.2167,4.693,0.489,3.013,1.0344,wall_following
2026-07-04 14:28:51.279,plain_wall_good,pw_good_10,positive,-0.1545,0.0383,0.5269,0.0094,2.678,1.2192,4.688,0.494,3.006,1.0247,wall_following
2026-07-04 14:28:51.379,plain_wall_good,pw_good_10,positive,-0.0692,0.0,0.4982,0.0126,2.681,1.2215,4.698,0.494,3.02,1.0144,wall_following
2026-07-04 14:28:51.479,plain_wall_good,pw_good_10,positive,0.0597,-0.1054,0.7856,0.0101,2.668,1.2238,4.675,0.495,3.006,1.0048,wall_following
2026-07-04 14:28:51.579,plain_wall_good,pw_good_10,positive,0.1385,-0.1437,0.7856,0.0101,2.677,1.2259,4.66,0.492,3.008,0.9956,wall_following
2026-07-04 14:28:51.679,plain_wall_good,pw_good_10,positive,0.1427,0.0766,0.843,0.0097,2.67,1.2284,4.66,0.482,3.013,0.9854,wall_following
2026-07-04 14:28:51.780,plain_wall_good,pw_good_10,positive,-0.049,0.0479,0.9772,0.0099,2.697,1.231,4.659,0.485,3.009,0.9757,wall_following
2026-07-04 14:28:51.879,plain_wall_good,pw_good_10,positive,0.0692,-0.1437,0.5365,0.0095,2.7,1.2335,4.65,0.49,3.01,0.9661,wall_following
2026-07-04 14:28:51.979,plain_wall_good,pw_good_10,positive,0.0362,-0.0862,0.0671,0.0095,2.7,1.2361,4.638,0.49,3.005,0.9564,wall_following
2026-07-04 14:28:52.079,plain_wall_good,pw_good_10,positive,0.0192,-0.0287,0.4694,0.0093,2.705,1.2387,4.636,0.488,3.011,0.9469,wall_following
2026-07-04 14:28:52.179,plain_wall_good,pw_good_10,positive,0.0117,-0.1054,0.1437,0.0094,2.695,1.2411,4.602,0.49,3.01,0.9375,wall_following
2026-07-04 14:28:52.279,plain_wall_good,pw_good_10,positive,0.016,-0.182,0.9101,0.0093,2.705,1.2436,4.597,0.485,3.008,0.9279,wall_following
2026-07-04 14:28:52.379,plain_wall_good,pw_good_10,positive,0.0927,-0.1916,0.7472,0.0095,2.683,1.2461,4.587,0.498,3.015,0.9183,wall_following
2026-07-04 14:28:52.479,plain_wall_good,pw_good_10,positive,0.0863,-0.1437,0.4503,0.0102,2.696,1.2489,4.595,0.49,3.016,0.9081,wall_following
2026-07-04 14:28:52.580,plain_wall_good,pw_good_10,positive,-0.0767,0.1245,0.2395,0.0094,2.698,1.2515,4.569,0.494,3.013,0.8985,wall_following
2026-07-04 14:28:52.679,plain_wall_good,pw_good_10,positive,-0.0266,-0.4886,0.5365,0.0096,2.687,1.254,4.58,0.496,3.008,0.8888,wall_following
2026-07-04 14:28:52.779,plain_wall_good,pw_good_10,positive,-0.0383,-0.1916,0.5365,0.0094,2.694,1.2564,4.54,0.494,3.012,0.8791,wall_following
2026-07-04 14:28:52.879,plain_wall_good,pw_good_10,positive,0.0224,-0.2299,0.7856,0.0098,2.671,1.2588,4.539,0.496,3.017,0.8692,wall_following
2026-07-04 14:28:52.979,plain_wall_good,pw_good_10,positive,0.0735,-0.1437,0.2778,0.0095,2.682,1.2609,4.536,0.49,3.014,0.86,wall_following
2026-07-04 14:28:53.079,plain_wall_good,pw_good_10,positive,-0.0298,-0.2682,0.1629,0.0098,2.701,1.2632,4.537,0.487,3.019,0.8499,wall_following
2026-07-04 14:28:53.179,plain_wall_good,pw_good_10,positive,0.017,-0.1341,0.5556,0.0101,2.718,1.2655,4.524,0.498,3.015,0.8401,wall_following
2026-07-04 14:28:53.279,plain_wall_good,pw_good_10,positive,-0.0032,-0.2395,0.2395,0.0096,2.692,1.2678,4.523,0.496,3.008,0.8309,wall_following
2026-07-04 14:28:53.379,plain_wall_good,pw_good_10,positive,0.0511,-0.0862,0.4503,0.0103,2.705,1.2703,4.496,0.499,3.012,0.8207,wall_following
2026-07-04 14:28:53.479,plain_wall_good,pw_good_10,positive,-0.0138,0.0,0.8909,0.0105,2.7,1.2728,4.498,0.493,3.012,0.811,wall_following
2026-07-04 14:28:53.579,plain_wall_good,pw_good_10,positive,-0.0437,-0.0575,0.4598,0.0093,2.69,1.2751,4.515,0.494,3.008,0.8019,wall_following
2026-07-04 14:28:53.679,plain_wall_good,pw_good_10,positive,0.065,-0.1629,0.7281,0.0095,2.699,1.2777,4.499,0.494,3.012,0.7922,wall_following
2026-07-04 14:28:53.779,plain_wall_good,pw_good_10,positive,0.0383,-0.115,0.5748,0.0099,2.684,1.2803,4.491,0.492,3.011,0.7825,wall_following
2026-07-04 14:28:53.879,plain_wall_good,pw_good_10,positive,0.0362,-0.1533,0.6993,0.0135,2.674,1.2831,4.46,0.495,3.01,0.7723,wall_following
2026-07-04 14:28:53.979,plain_wall_good,pw_good_10,positive,0.0362,-0.0575,0.3161,0.0095,2.676,1.2858,4.47,0.493,3.009,0.7627,wall_following
2026-07-04 14:28:54.079,plain_wall_good,pw_good_10,positive,0.0863,-0.0958,0.9101,0.0099,2.676,1.2885,4.482,0.489,3.012,0.7531,wall_following
2026-07-04 14:28:54.179,plain_wall_good,pw_good_10,positive,0.1609,-0.1341,0.1629,0.0099,2.671,1.2913,4.47,0.492,3.012,0.7434,wall_following
2026-07-04 14:28:54.279,plain_wall_good,pw_good_10,positive,0.0298,0.0671,1.1113,0.0093,2.666,1.2942,7.335,0.489,3.01,0.734,wall_following
2026-07-04 14:28:54.379,plain_wall_good,pw_good_10,positive,-0.0011,-0.0096,0.5461,0.0123,2.69,1.297,7.294,0.49,3.016,0.7249,wall_following
2026-07-04 14:28:54.479,plain_wall_good,pw_good_10,positive,-0.0639,-0.0287,0.4024,0.0114,2.668,1.3,7.178,0.492,3.017,0.7148,wall_following
2026-07-04 14:28:54.579,plain_wall_good,pw_good_10,positive,0.0341,-0.0671,0.4694,0.0114,2.662,1.3028,7.181,0.49,3.023,0.7052,wall_following
2026-07-04 14:28:54.680,plain_wall_good,pw_good_10,positive,0.082,-0.0958,0.3353,0.0096,2.681,1.3056,7.25,0.491,3.008,0.6958,wall_following
2026-07-04 14:28:54.779,plain_wall_good,pw_good_10,positive,-0.0937,0.1341,0.6898,0.0086,2.674,1.3082,7.268,0.494,3.012,0.6866,wall_following
2026-07-04 14:28:54.879,plain_wall_good,pw_good_10,positive,-0.0607,-0.4982,0.6035,0.013,2.681,1.311,7.253,0.487,3.012,0.6763,wall_following
2026-07-04 14:28:54.979,plain_wall_good,pw_good_10,positive,-0.0618,-0.1724,0.0096,0.0103,2.674,1.3135,7.281,0.489,3.013,0.6668,wall_following
2026-07-04 14:28:55.079,plain_wall_good,pw_good_10,positive,0.1246,0.0862,0.5077,0.0095,2.684,1.3159,7.266,0.485,3.017,0.6572,wall_following
2026-07-04 14:28:55.179,plain_wall_good,pw_good_10,positive,0.0682,0.0096,0.1629,0.0113,2.67,1.3185,4.35,0.478,3.015,0.6474,wall_following
2026-07-04 14:28:55.279,plain_wall_good,pw_good_10,positive,-0.1822,-0.4024,0.3545,0.0106,2.687,1.321,4.359,0.487,3.014,0.6382,wall_following
2026-07-04 14:28:55.379,plain_wall_good,pw_good_10,positive,-0.0266,-0.2395,-0.0192,0.0104,2.688,1.3236,4.331,0.492,3.017,0.628,wall_following
2026-07-04 14:28:55.479,plain_wall_good,pw_good_10,positive,0.0426,-0.0192,0.2012,0.0091,2.689,1.3259,4.311,0.489,3.015,0.6184,wall_following
2026-07-04 14:28:55.579,plain_wall_good,pw_good_10,positive,0.0469,-0.1533,0.8526,0.0088,2.695,1.3282,4.286,0.488,3.02,0.6091,wall_following
2026-07-04 14:28:55.679,plain_wall_good,pw_good_10,positive,-0.0192,-0.297,0.2108,0.0102,2.695,1.3306,4.259,0.488,3.009,0.5991,wall_following
2026-07-04 14:28:55.779,plain_wall_good,pw_good_10,positive,0.033,-0.3161,0.2203,0.0088,2.703,1.333,4.248,0.486,3.017,0.5892,wall_following
2026-07-04 14:28:55.879,plain_wall_good,pw_good_10,positive,0.1065,-0.1341,0.4886,0.0093,2.693,1.3354,4.258,0.489,3.011,0.5795,wall_following
2026-07-04 14:28:55.979,plain_wall_good,pw_good_10,positive,-0.0543,-0.0096,0.9772,0.0083,2.697,1.3377,4.25,0.485,3.017,0.5698,wall_following
2026-07-04 14:28:56.079,plain_wall_good,pw_good_10,positive,-0.1044,0.0192,0.1916,0.0094,2.698,1.3401,4.236,0.499,3.012,0.56,wall_following
2026-07-04 14:28:56.179,plain_wall_good,pw_good_10,positive,-0.0149,-0.115,0.3736,0.0093,2.709,1.3424,4.22,0.486,3.026,0.5502,wall_following
2026-07-04 14:28:56.279,plain_wall_good,pw_good_10,positive,0.0767,-0.0096,0.2395,0.0094,2.703,1.3445,4.208,0.482,3.011,0.5409,wall_following
2026-07-04 14:28:56.379,plain_wall_good,pw_good_10,positive,-0.0586,0.115,0.7856,0.0123,2.702,1.347,4.199,0.483,3.018,0.5307,wall_following
2026-07-04 14:28:56.479,plain_wall_good,pw_good_10,positive,-0.0266,-0.2778,0.2587,0.0095,2.703,1.3492,4.188,0.493,3.014,0.5209,wall_following
2026-07-04 14:28:56.579,plain_wall_good,pw_good_10,positive,0.0426,-0.2682,0.3161,0.0099,2.709,1.3513,4.191,0.495,3.013,0.5115,wall_following
2026-07-04 14:28:56.679,plain_wall_good,pw_good_10,positive,-0.0075,-0.0766,0.6131,0.0107,2.721,1.3537,4.174,0.478,3.022,0.5013,wall_following
2026-07-04 14:28:56.779,plain_wall_good,pw_good_10,positive,0.0053,0.1629,0.2395,0.0101,2.704,1.356,4.153,0.493,3.02,0.4918,wall_following
2026-07-04 14:28:56.879,plain_wall_good,pw_good_10,positive,-0.049,0.0,0.6035,0.0095,2.714,1.3582,4.157,0.49,3.018,0.4825,wall_following
2026-07-04 14:28:56.979,plain_wall_good,pw_good_10,positive,-0.0533,0.0479,0.3928,0.0098,2.702,1.3606,4.141,0.489,3.011,0.4721,wall_following
2026-07-04 14:28:57.079,plain_wall_good,pw_good_10,positive,0.0245,-0.0766,0.1724,0.0095,2.712,1.3627,4.127,0.492,3.017,0.4625,wall_following
2026-07-04 14:28:57.179,plain_wall_good,pw_good_10,positive,0.1161,0.115,0.4598,0.0097,2.712,1.3648,4.123,0.48,3.021,0.4525,wall_following
2026-07-04 14:28:57.279,plain_wall_good,pw_good_10,positive,0.0874,-0.0383,0.6323,0.0103,2.713,1.3669,4.107,0.484,3.017,0.4429,wall_following
2026-07-04 14:28:57.379,plain_wall_good,pw_good_10,positive,-0.0256,0.0383,0.594,0.0099,2.706,1.3692,4.091,0.49,3.026,0.4331,wall_following
2026-07-04 14:28:57.479,plain_wall_good,pw_good_10,positive,-0.0181,-0.2299,0.1916,0.012,2.729,1.3716,4.088,0.491,3.019,0.4233,wall_following
2026-07-04 14:28:57.579,plain_wall_good,pw_good_10,positive,0.0383,0.2012,0.6898,0.0098,2.719,1.3738,4.08,0.49,3.016,0.4142,wall_following
2026-07-04 14:28:57.679,plain_wall_good,pw_good_10,positive,0.0288,-0.0862,0.0479,0.0096,2.71,1.3763,4.07,0.489,3.025,0.4041,wall_following
2026-07-04 14:28:57.779,plain_wall_good,pw_good_10,positive,-0.0373,-0.3545,0.2778,0.0102,2.722,1.3786,4.058,0.486,3.024,0.3943,wall_following
2026-07-04 14:28:57.879,plain_wall_good,pw_good_10,positive,-0.0586,-0.2203,0.364,0.0105,2.719,1.3809,4.047,0.487,3.021,0.3845,wall_following
2026-07-04 14:28:57.979,plain_wall_good,pw_good_10,positive,0.1545,-0.1916,-0.0575,0.0093,2.722,1.3829,4.003,0.487,3.011,0.3753,wall_following
2026-07-04 14:28:58.079,plain_wall_good,pw_good_10,positive,0.082,-0.0575,0.5844,0.0097,2.73,1.3852,4.006,0.481,3.02,0.365,wall_following
2026-07-04 14:28:58.179,plain_wall_good,pw_good_10,positive,0.0533,-0.2203,0.594,0.0101,2.712,1.3873,4.0,0.485,3.016,0.3552,wall_following
2026-07-04 14:28:58.279,plain_wall_good,pw_good_10,positive,0.0724,-0.0575,0.8143,0.0103,2.723,1.3894,3.993,0.494,3.017,0.3459,wall_following
2026-07-04 14:28:58.379,plain_wall_good,pw_good_10,positive,-0.1119,-0.4024,0.5365,0.0118,2.715,1.3915,3.985,0.488,3.014,0.336,wall_following
2026-07-04 14:28:58.479,plain_wall_good,pw_good_10,positive,0.0394,-0.2778,0.5844,0.0087,2.731,1.3937,3.949,0.486,3.021,0.3262,wall_following
2026-07-04 14:28:58.579,plain_wall_good,pw_good_10,positive,0.0511,-0.1341,0.6802,0.0089,2.722,1.396,3.942,0.489,3.022,0.316,wall_following
2026-07-04 14:28:58.679,plain_wall_good,pw_good_10,positive,0.1278,0.0,0.9293,0.0095,2.731,1.3982,3.937,0.497,3.027,0.3067,wall_following
2026-07-04 14:28:58.779,plain_wall_good,pw_good_10,positive,-0.0895,-0.2778,0.1054,0.0097,2.733,1.4006,3.931,0.492,3.022,0.297,wall_following
2026-07-04 14:28:58.879,plain_wall_good,pw_good_10,positive,0.0053,-0.4886,0.115,0.0097,2.723,1.403,3.915,0.488,3.012,0.2869,wall_following
2026-07-04 14:28:58.980,plain_wall_good,pw_good_10,positive,-0.0916,-0.2587,0.4982,0.0098,2.735,1.4053,3.906,0.494,3.019,0.2771,wall_following
2026-07-04 14:28:59.079,plain_wall_good,pw_good_10,positive,-0.0756,-0.4024,0.8335,0.0098,2.729,1.4074,3.9,0.479,3.022,0.2672,wall_following
2026-07-04 14:28:59.179,plain_wall_good,pw_good_10,positive,0.0959,-0.1533,0.5365,0.0099,2.734,1.4094,3.887,0.502,3.016,0.2572,wall_following
2026-07-04 14:28:59.280,plain_wall_good,pw_good_10,positive,-0.0149,-0.0287,0.2682,0.01,2.736,1.4116,3.878,0.488,3.02,0.2475,wall_following
2026-07-04 14:28:59.379,plain_wall_good,pw_good_10,positive,-0.0682,-0.3736,0.6706,0.0113,2.735,1.4137,3.874,0.491,3.022,0.2383,wall_following
2026-07-04 14:28:59.479,plain_wall_good,pw_good_10,positive,0.1534,0.1437,0.4215,0.0096,2.729,1.416,3.865,0.489,3.021,0.228,wall_following
2026-07-04 14:28:59.579,plain_wall_good,pw_good_10,positive,-0.0373,-0.0671,0.2203,0.0098,2.725,1.4183,3.861,0.493,3.018,0.2184,wall_following
2026-07-04 14:28:59.679,plain_wall_good,pw_good_10,positive,-0.1917,-0.2395,0.594,0.0094,2.722,1.4206,3.85,0.49,3.012,0.2086,wall_following
2026-07-04 14:28:59.779,plain_wall_good,pw_good_10,positive,0.0341,-0.1245,0.4982,0.0123,2.727,1.4226,3.828,0.488,3.02,0.199,wall_following
2026-07-04 14:28:59.879,plain_wall_good,pw_good_10,positive,-0.0224,-0.0192,0.182,0.0098,2.723,1.4247,3.83,0.498,3.026,0.1889,wall_following
2026-07-04 14:28:59.979,plain_wall_good,pw_good_10,positive,0.0746,0.1916,0.2778,0.0099,2.728,1.4267,3.812,0.491,3.02,0.1797,wall_following
2026-07-04 14:29:00.079,plain_wall_good,pw_good_10,positive,0.0895,0.3161,0.9197,0.0136,2.731,1.4289,3.821,0.489,3.025,0.1698,wall_following
2026-07-04 14:29:00.179,plain_wall_good,pw_good_10,positive,0.0021,0.0862,0.9005,0.0116,2.727,1.4312,3.788,0.488,3.013,0.16,wall_following
2026-07-04 14:29:00.279,plain_wall_good,pw_good_10,positive,-0.1193,-0.0479,0.5365,0.0093,2.735,1.4336,3.789,0.5,3.008,0.15,wall_following
2026-07-04 14:29:00.379,plain_wall_good,pw_good_10,positive,-0.0874,-0.2874,0.2299,0.0102,2.736,1.4358,3.771,0.489,3.001,0.1402,wall_following
2026-07-04 14:29:00.479,plain_wall_good,pw_good_10,positive,-0.0565,-0.1341,0.6323,0.0088,2.743,1.4381,3.756,0.495,2.973,0.1303,wall_following
2026-07-04 14:29:00.579,plain_wall_good,pw_good_10,positive,0.032,-0.1724,0.479,0.0098,2.721,1.4403,3.756,0.495,2.908,0.1211,wall_following
2026-07-04 14:29:00.679,plain_wall_good,pw_good_10,positive,-0.0043,0.0,0.4694,0.0095,2.738,1.4427,3.73,0.493,2.777,0.1109,wall_following
2026-07-04 14:29:00.779,plain_wall_good,pw_good_10,positive,-0.0618,-0.0575,0.1245,0.0097,2.744,1.4451,3.733,0.491,2.591,0.1012,wall_following
2026-07-04 14:29:00.879,plain_wall_good,pw_good_10,positive,-0.0842,-0.1341,-0.0192,0.0121,2.737,1.4473,3.714,0.492,2.547,0.0918,wall_following
2026-07-04 14:29:00.979,plain_wall_good,pw_good_10,positive,0.0266,0.1629,0.0479,0.0124,2.754,1.4496,3.704,0.493,2.392,0.0816,wall_following
2026-07-04 14:29:01.079,plain_wall_good,pw_good_10,positive,0.0511,-0.1724,0.2491,0.0097,2.748,1.4516,3.693,0.493,2.309,0.0723,wall_following
2026-07-04 14:29:01.179,plain_wall_good,pw_good_10,positive,-0.1012,-0.2299,0.2778,0.0093,2.74,1.454,3.689,0.495,1.838,0.0621,wall_following
2026-07-04 14:29:01.279,plain_wall_good,pw_good_10,positive,0.0426,0.1724,-0.0287,0.01,2.744,1.4562,3.681,0.491,1.743,0.0523,wall_following
2026-07-04 14:29:01.379,plain_wall_good,pw_good_10,positive,0.0128,0.0479,0.3736,0.0093,2.747,1.4585,3.667,0.485,1.73,0.0426,wall_following
2026-07-04 14:29:01.479,plain_wall_good,pw_good_10,positive,-0.0096,-0.0766,0.7951,0.01,2.734,1.4607,3.66,0.491,1.718,0.0329,wall_following
2026-07-04 14:29:01.580,plain_wall_good,pw_good_10,positive,-0.0373,-0.2012,0.1724,0.0112,2.732,1.4629,3.657,0.49,1.73,0.0231,wall_following
2026-07-04 14:29:01.679,plain_wall_good,pw_good_10,positive,-0.0213,-0.0958,0.843,0.0095,2.761,1.4651,3.634,0.492,1.733,0.0139,wall_following
2026-07-04 14:29:01.779,plain_wall_good,pw_good_10,positive,0.0138,0.1245,-0.0096,0.0093,2.753,1.4674,3.633,0.496,1.744,0.0035,wall_following
2026-07-04 14:29:01.879,plain_wall_good,pw_good_10,positive,-0.0202,-0.0766,0.661,0.0095,2.736,1.4695,3.625,0.496,1.75,-0.0062,wall_following
2026-07-04 14:29:01.979,plain_wall_good,pw_good_10,positive,0.0309,-0.1916,0.2395,0.013,2.743,1.4715,3.618,0.49,1.728,-0.0156,wall_following
2026-07-04 14:29:02.079,plain_wall_good,pw_good_10,positive,-0.0245,-0.1724,0.3161,0.0098,2.765,1.4736,3.618,0.486,1.736,-0.0254,wall_following
2026-07-04 14:29:02.179,plain_wall_good,pw_good_10,positive,0.0479,0.0766,0.3928,0.0096,2.757,1.4759,3.585,0.486,1.744,-0.0357,wall_following
2026-07-04 14:29:02.280,plain_wall_good,pw_good_10,positive,0.0501,-0.0192,0.0383,0.0113,2.773,1.478,3.582,0.483,1.749,-0.0454,wall_following
2026-07-04 14:29:02.379,plain_wall_good,pw_good_10,positive,0.0043,0.1629,1.1304,0.0131,2.765,1.48,3.566,0.496,1.762,-0.0548,wall_following
2026-07-04 14:29:02.479,plain_wall_good,pw_good_10,positive,-0.1087,0.0192,0.6131,0.0084,2.749,1.4823,3.569,0.503,1.771,-0.0651,wall_following
2026-07-04 14:29:02.579,plain_wall_good,pw_good_10,positive,-0.0415,-0.182,0.594,0.0111,2.756,1.4843,3.55,0.489,1.771,-0.075,wall_following
2026-07-04 14:29:02.679,plain_wall_good,pw_good_10,positive,0.0479,-0.4119,0.5461,0.0099,2.749,1.4863,3.544,0.489,1.78,-0.0848,wall_following
2026-07-04 14:29:02.779,plain_wall_good,pw_good_10,positive,0.0394,-0.182,0.6323,0.0098,2.751,1.4881,3.55,0.481,1.766,-0.0942,wall_following
2026-07-04 14:29:02.879,plain_wall_good,pw_good_10,positive,0.0181,0.0862,0.5748,0.0097,2.741,1.4903,3.522,0.489,1.754,-0.1044,wall_following
2026-07-04 14:29:02.979,plain_wall_good,pw_good_10,positive,0.0352,0.0192,0.2395,0.0098,2.73,1.4924,3.522,0.494,1.756,-0.1143,wall_following
2026-07-04 14:29:03.079,plain_wall_good,pw_good_10,positive,-0.0597,-0.0958,0.7472,0.0097,2.729,1.4946,3.512,0.486,1.753,-0.1241,wall_following
2026-07-04 14:29:03.179,plain_wall_good,pw_good_10,positive,0.0117,-0.0287,0.5173,0.0127,2.721,1.4967,3.502,0.492,1.765,-0.1333,wall_following
2026-07-04 14:29:03.279,plain_wall_good,pw_good_10,positive,0.0415,-0.1724,0.3449,0.0088,2.722,1.4988,3.484,0.481,1.759,-0.143,wall_following
2026-07-04 14:29:03.379,plain_wall_good,pw_good_10,positive,0.0778,-0.1437,0.1629,0.0094,2.731,1.5011,3.476,0.491,1.747,-0.1533,wall_following
2026-07-04 14:29:03.479,plain_wall_good,pw_good_10,positive,0.0437,-0.182,0.6419,0.0098,2.728,1.5033,3.463,0.494,1.759,-0.163,wall_following
2026-07-04 14:29:03.579,plain_wall_good,pw_good_10,positive,0.0117,-0.1437,1.0059,0.0096,2.742,1.5055,3.461,0.49,1.751,-0.1723,wall_following
2026-07-04 14:29:03.679,plain_wall_good,pw_good_10,positive,0.0352,-0.2203,0.2395,0.0107,2.718,1.508,3.439,0.491,1.77,-0.1826,wall_following
2026-07-04 14:29:03.779,plain_wall_good,pw_good_10,positive,0.0,-0.2778,0.7664,0.01,2.727,1.5103,3.436,0.485,1.773,-0.1921,wall_following
2026-07-04 14:29:03.879,plain_wall_good,pw_good_10,positive,-0.114,-0.182,0.5652,0.0095,2.723,1.5126,3.427,0.494,1.771,-0.2013,wall_following
2026-07-04 14:29:03.979,plain_wall_good,pw_good_10,positive,-0.1342,-0.3066,0.0862,0.0096,2.725,1.5149,3.417,0.489,1.775,-0.2111,wall_following
2026-07-04 14:29:04.079,plain_wall_good,pw_good_10,positive,-0.0107,-0.2682,0.7377,0.0095,2.711,1.5173,3.406,0.492,1.761,-0.2215,wall_following
2026-07-04 14:29:04.179,plain_wall_good,pw_good_10,positive,-0.0245,-0.1916,0.2203,0.0092,2.712,1.5194,3.414,0.496,1.757,-0.2307,wall_following
2026-07-04 14:29:04.279,plain_wall_good,pw_good_10,positive,0.1523,-0.2874,0.5556,0.0099,2.712,1.5217,3.389,0.485,1.767,-0.2407,wall_following
2026-07-04 14:29:04.379,plain_wall_good,pw_good_10,positive,0.0469,-0.1916,0.7664,0.0097,2.715,1.524,3.383,0.491,1.751,-0.2501,wall_following
2026-07-04 14:29:04.479,plain_wall_good,pw_good_10,positive,-0.0064,-0.1341,0.3736,0.01,2.708,1.5264,3.384,0.496,1.758,-0.2598,wall_following
2026-07-04 14:29:04.579,plain_wall_good,pw_good_10,positive,-0.0671,-0.2203,0.5461,0.0124,2.714,1.529,3.376,0.501,1.763,-0.2701,wall_following
2026-07-04 14:29:04.679,plain_wall_good,pw_good_10,positive,-0.0277,-0.1341,0.7281,0.01,2.706,1.5314,3.365,0.489,1.766,-0.2796,wall_following
2026-07-04 14:29:04.779,plain_wall_good,pw_good_10,positive,-0.049,-0.0766,0.4215,0.0125,2.705,1.5338,3.364,0.497,1.768,-0.2895,wall_following
2026-07-04 14:29:04.879,plain_wall_good,pw_good_10,positive,-0.049,-0.297,0.9101,0.0094,2.71,1.536,3.331,0.492,1.765,-0.2988,wall_following
2026-07-04 14:29:04.979,plain_wall_good,pw_good_10,positive,-0.0053,-0.1054,0.6227,0.0091,2.724,1.5383,3.343,0.486,1.772,-0.3089,wall_following
2026-07-04 14:29:05.080,plain_wall_good,pw_good_10,positive,-0.0575,-0.1724,0.1724,0.01,2.719,1.5406,3.326,0.498,1.758,-0.3187,wall_following
2026-07-04 14:29:05.179,plain_wall_good,pw_good_10,positive,-0.0224,-0.2299,0.3066,0.0099,2.712,1.5427,3.345,0.495,1.765,-0.328,wall_following
2026-07-04 14:29:05.279,plain_wall_good,pw_good_10,positive,0.0511,-0.2587,0.2682,0.0093,2.705,1.545,3.346,0.489,1.764,-0.3382,wall_following
2026-07-04 14:29:05.379,plain_wall_good,pw_good_10,positive,0.0852,-0.1916,0.6514,0.009,2.712,1.5472,3.373,0.495,1.765,-0.3481,wall_following
2026-07-04 14:29:05.479,plain_wall_good,pw_good_10,positive,0.0533,-0.1245,0.3161,0.0092,2.709,1.5492,3.366,0.487,1.762,-0.3572,wall_following
2026-07-04 14:29:05.579,plain_wall_good,pw_good_10,positive,0.1566,0.0,0.5556,0.0092,2.708,1.5516,3.351,0.493,1.776,-0.3674,wall_following
2026-07-04 14:29:05.679,plain_wall_good,pw_good_10,positive,-0.0788,-0.2778,0.5748,0.0097,2.712,1.5539,3.337,0.495,1.756,-0.3772,wall_following
2026-07-04 14:29:05.779,plain_wall_good,pw_good_10,positive,-0.066,-0.1341,0.7856,0.0094,2.703,1.5561,3.362,0.493,1.763,-0.387,wall_following
2026-07-04 14:29:05.879,plain_wall_good,pw_good_10,positive,0.0309,-0.1245,0.0096,0.0093,2.717,1.5583,6.198,0.497,1.766,-0.3963,wall_following
2026-07-04 14:29:05.979,plain_wall_good,pw_good_10,positive,-0.1289,-0.182,0.5269,0.0105,2.709,1.5605,6.188,0.491,1.77,-0.4059,wall_following
2026-07-04 14:29:06.079,plain_wall_good,pw_good_10,positive,-0.0192,-0.2203,0.3449,0.013,2.709,1.5628,6.19,0.493,1.767,-0.4158,wall_following
2026-07-04 14:29:06.179,plain_wall_good,pw_good_10,positive,-0.0352,-0.1533,0.3161,0.0101,2.714,1.5651,6.174,0.488,1.772,-0.4255,wall_following
2026-07-04 14:29:06.279,plain_wall_good,pw_good_10,positive,-0.0352,-0.2108,0.1916,0.0122,2.713,1.5674,6.159,0.494,1.756,-0.4359,wall_following
2026-07-04 14:29:06.379,plain_wall_good,pw_good_10,positive,-0.0277,-0.1341,0.2587,0.0097,2.725,1.5694,6.151,0.489,1.768,-0.4452,wall_following
2026-07-04 14:29:06.479,plain_wall_good,pw_good_10,positive,-0.0149,-0.0575,0.4119,0.0088,2.732,1.5717,6.131,0.49,1.759,-0.4554,wall_following
2026-07-04 14:29:06.579,plain_wall_good,pw_good_10,positive,0.0927,-0.2491,0.4215,0.0094,2.733,1.5738,6.138,0.503,1.76,-0.4646,wall_following
2026-07-04 14:29:06.679,plain_wall_good,pw_good_10,positive,-0.0075,-0.0766,1.1496,0.0099,2.75,1.5762,6.137,0.499,1.77,-0.4747,wall_following
2026-07-04 14:29:06.779,plain_wall_good,pw_good_10,positive,-0.1044,-0.1245,0.2778,0.0107,2.741,1.5786,6.106,0.492,1.763,-0.4845,wall_following
2026-07-04 14:29:06.879,plain_wall_good,pw_good_10,positive,0.0075,0.1054,0.0862,0.0098,2.737,1.5809,6.1,0.489,1.765,-0.4944,wall_following
2026-07-04 14:29:06.979,plain_wall_good,pw_good_10,positive,-0.0277,-0.1629,0.9867,0.0098,2.742,1.5832,6.097,0.483,1.767,-0.504,wall_following
2026-07-04 14:29:07.079,plain_wall_good,pw_good_10,positive,-0.0458,-0.1054,0.0575,0.0131,2.739,1.5856,6.092,0.491,1.786,-0.5139,wall_following
2026-07-04 14:29:07.179,plain_wall_good,pw_good_10,positive,-0.0991,-0.0671,0.4024,0.0088,2.762,1.5877,6.06,0.495,1.812,-0.5229,wall_following
2026-07-04 14:29:07.279,plain_wall_good,pw_good_10,positive,0.0096,-0.0192,0.8239,0.009,2.76,1.5901,6.068,0.488,1.797,-0.5332,wall_following
2026-07-04 14:29:07.379,plain_wall_good,pw_good_10,positive,-0.0266,-0.0766,0.7664,0.0135,2.746,1.5924,6.039,0.495,1.812,-0.5432,wall_following
2026-07-04 14:29:07.480,plain_wall_good,pw_good_10,positive,0.0213,-0.0862,0.4215,0.0094,2.758,1.5944,6.04,0.491,1.809,-0.5528,wall_following
2026-07-04 14:29:07.579,plain_wall_good,pw_good_10,positive,0.13,-0.0671,0.4119,0.0092,2.75,1.5964,6.033,0.49,1.798,-0.562,wall_following
2026-07-04 14:29:07.679,plain_wall_good,pw_good_10,positive,0.0852,-0.2874,0.0192,0.0099,2.753,1.5988,6.016,0.485,1.795,-0.5723,wall_following
2026-07-04 14:29:07.779,plain_wall_good,pw_good_10,positive,-0.017,-0.0383,0.958,0.0124,2.776,1.6013,6.007,0.485,1.793,-0.582,wall_following
2026-07-04 14:29:07.879,plain_wall_good,pw_good_10,positive,0.0266,-0.1916,0.4598,0.0097,2.771,1.6035,6.012,0.487,1.817,-0.5912,wall_following
2026-07-04 14:29:07.979,plain_wall_good,pw_good_10,positive,-0.0277,-0.0671,0.776,0.0123,2.762,1.6058,5.988,0.488,1.825,-0.6009,wall_following
2026-07-04 14:29:08.079,plain_wall_good,pw_good_10,positive,-0.0831,-0.0287,0.8047,0.0092,2.781,1.6081,5.973,0.484,1.798,-0.611,wall_following
2026-07-04 14:29:08.179,plain_wall_good,pw_good_10,positive,-0.0916,-0.115,0.8143,0.01,2.788,1.6103,5.989,0.49,1.774,-0.6204,wall_following
2026-07-04 14:29:08.279,plain_wall_good,pw_good_10,positive,-0.0842,-0.0862,0.1341,0.0102,2.807,1.6126,5.971,0.489,1.775,-0.6307,wall_following
2026-07-04 14:29:08.379,plain_wall_good,pw_good_10,positive,-0.0181,-0.1629,0.2012,0.0122,2.811,1.6145,5.952,0.491,1.772,-0.6401,wall_following
2026-07-04 14:29:08.479,plain_wall_good,pw_good_10,positive,0.0362,-0.1341,0.3161,0.0094,2.795,1.6166,5.935,0.492,1.767,-0.6503,wall_following
2026-07-04 14:29:08.579,plain_wall_good,pw_good_10,positive,-0.0543,-0.1437,-0.0479,0.0102,2.808,1.6186,5.925,0.488,1.761,-0.6596,wall_following
2026-07-04 14:29:08.679,plain_wall_good,pw_good_10,positive,-0.0554,-0.3066,0.182,0.0099,2.802,1.6206,5.915,0.486,1.777,-0.6696,wall_following
2026-07-04 14:29:08.779,plain_wall_good,pw_good_10,positive,0.0756,0.1437,0.8622,0.0099,2.805,1.6227,5.911,0.492,1.778,-0.6798,wall_following
2026-07-04 14:29:08.879,plain_wall_good,pw_good_10,positive,0.0618,0.0671,0.8239,0.0081,2.8,1.6248,5.892,0.488,1.779,-0.6896,wall_following
2026-07-04 14:29:08.979,plain_wall_good,pw_good_10,positive,0.0735,-0.1629,0.8143,0.0099,2.811,1.6267,5.883,0.493,1.786,-0.699,wall_following
2026-07-04 14:29:09.079,plain_wall_good,pw_good_10,positive,0.0096,0.1437,-0.0192,0.0089,2.817,1.629,5.872,0.482,1.788,-0.7092,wall_following
2026-07-04 14:29:09.179,plain_wall_good,pw_good_10,positive,0.0756,0.1245,0.8239,0.0106,2.797,1.6313,5.869,0.487,1.781,-0.7191,wall_following
2026-07-04 14:29:09.280,plain_wall_good,pw_good_10,positive,-0.0597,0.0479,0.2874,0.0096,2.796,1.6337,5.849,0.481,1.779,-0.7286,wall_following
2026-07-04 14:29:09.379,plain_wall_good,pw_good_10,positive,0.0075,-0.0479,0.4215,0.0092,2.806,1.6361,5.843,0.49,1.792,-0.7385,wall_following
2026-07-04 14:29:09.479,plain_wall_good,pw_good_10,positive,-0.0586,0.1341,0.5173,0.011,2.807,1.6384,5.844,0.495,1.792,-0.7483,wall_following
2026-07-04 14:29:09.579,plain_wall_good,pw_good_10,positive,-0.1641,0.1533,0.182,0.0083,2.817,1.6406,5.816,0.479,1.787,-0.758,wall_following
2026-07-04 14:29:09.679,plain_wall_good,pw_good_10,positive,-0.1811,-0.4311,0.4694,0.0095,2.806,1.6425,5.815,0.483,1.788,-0.768,wall_following
2026-07-04 14:29:09.779,plain_wall_good,pw_good_10,positive,0.0501,0.0479,0.7664,0.0112,2.815,1.6442,5.805,0.488,1.78,-0.7775,wall_following
2026-07-04 14:29:09.879,plain_wall_good,pw_good_10,positive,0.0213,0.0287,0.5077,0.0093,2.804,1.646,5.78,0.489,1.785,-0.7878,wall_following
2026-07-04 14:29:09.979,plain_wall_good,pw_good_10,positive,0.1417,-0.0479,0.7089,0.0092,2.826,1.6478,5.781,0.502,1.782,-0.7977,wall_following
2026-07-04 14:29:10.079,plain_wall_good,pw_good_10,positive,-0.0192,0.0479,0.6419,0.0094,2.813,1.6497,5.767,0.488,1.793,-0.8075,wall_following
2026-07-04 14:29:10.179,plain_wall_good,pw_good_10,positive,0.0597,-0.0287,0.7185,0.0088,2.827,1.6517,5.75,0.481,1.79,-0.8173,wall_following
2026-07-04 14:29:10.279,plain_wall_good,pw_good_10,positive,0.033,-0.1629,0.6323,0.0095,2.84,1.6538,5.732,0.484,1.776,-0.827,wall_following
2026-07-04 14:29:10.379,plain_wall_good,pw_good_10,positive,-0.0309,-0.1054,0.1437,0.0087,2.836,1.6559,5.734,0.49,1.785,-0.8364,wall_following
2026-07-04 14:29:10.479,plain_wall_good,pw_good_10,positive,-0.082,-0.1916,-0.0671,0.0117,2.817,1.658,5.735,0.49,1.789,-0.8462,wall_following
2026-07-04 14:29:10.579,plain_wall_good,pw_good_10,positive,0.0437,0.3161,0.7377,0.0097,2.829,1.6603,5.725,0.496,1.781,-0.8564,wall_following
2026-07-04 14:29:10.679,plain_wall_good,pw_good_10,positive,-0.0415,-0.0958,0.8239,0.0094,2.824,1.6626,5.698,0.488,1.781,-0.8662,wall_following
2026-07-04 14:29:10.779,plain_wall_good,pw_good_10,positive,0.0415,-0.0287,0.7568,0.0098,2.842,1.6646,5.71,0.49,1.795,-0.8755,wall_following
2026-07-04 14:29:10.879,plain_wall_good,pw_good_10,positive,0.1119,-0.2012,0.594,0.01,2.828,1.6668,5.686,0.49,1.793,-0.8853,wall_following
2026-07-04 14:29:10.979,plain_wall_good,pw_good_10,positive,0.1119,-0.2108,0.7377,0.0105,2.832,1.669,5.684,0.488,1.774,-0.8951,wall_following
2026-07-04 14:29:11.079,plain_wall_good,pw_good_10,positive,-0.1055,-0.0287,1.0825,0.0081,2.838,1.6714,5.676,0.487,1.764,-0.9053,wall_following
2026-07-04 14:29:11.179,plain_wall_good,pw_good_10,positive,-0.1065,-0.3928,0.5365,0.0116,2.842,1.6735,5.654,0.488,1.751,-0.9147,wall_following
2026-07-04 14:29:11.279,plain_wall_good,pw_good_10,positive,-0.0724,-0.0575,0.3832,0.009,2.842,1.6755,5.647,0.487,1.756,-0.9249,wall_following
2026-07-04 14:29:11.379,plain_wall_good,pw_good_10,positive,0.0107,-0.0671,0.9676,0.0092,2.854,1.6776,5.631,0.486,1.755,-0.9348,wall_following
2026-07-04 14:29:11.479,plain_wall_good,pw_good_10,positive,-0.0703,-0.0479,0.4024,0.009,2.858,1.6795,5.621,0.486,1.757,-0.9441,wall_following
2026-07-04 14:29:11.579,plain_wall_good,pw_good_10,positive,-0.0533,0.0192,0.2682,0.0085,2.866,1.6816,5.61,0.488,1.76,-0.9545,wall_following
2026-07-04 14:29:11.679,plain_wall_good,pw_good_10,positive,-0.0565,-0.1437,0.8047,0.0101,2.859,1.6835,5.604,0.498,1.763,-0.9643,wall_following
2026-07-04 14:29:11.779,plain_wall_good,pw_good_10,positive,-0.2109,-0.3161,-0.115,0.0107,2.861,1.6853,5.592,0.489,1.774,-0.9737,wall_following
2026-07-04 14:29:11.879,plain_wall_good,pw_good_10,positive,-0.0192,-0.0766,0.6035,0.0095,2.864,1.6871,5.575,0.485,1.793,-0.9838,wall_following
2026-07-04 14:29:11.979,plain_wall_good,pw_good_10,positive,0.0724,-0.2491,0.4119,0.0126,2.868,1.6889,5.57,0.485,1.795,-0.9936,wall_following
2026-07-04 14:29:12.079,plain_wall_good,pw_good_10,positive,0.0948,0.0575,0.0862,0.0115,2.864,1.6909,5.559,0.492,1.794,-1.0039,wall_following
2026-07-04 14:29:12.179,plain_wall_good,pw_good_10,positive,0.1779,-0.2203,0.2299,0.0104,2.871,1.6929,5.546,0.483,1.785,-1.0136,idle
2026-07-04 14:29:12.279,plain_wall_good,pw_good_10,positive,0.1736,-0.115,2.0789,0.004,2.881,1.6945,5.539,0.491,1.803,-1.0203,idle
2026-07-04 14:29:12.379,plain_wall_good,pw_good_10,positive,-0.0362,-0.115,1.1975,-0.0008,2.873,1.6948,5.529,0.484,1.788,-1.0217,idle
2026-07-04 14:29:12.479,plain_wall_good,pw_good_10,positive,0.0064,0.0192,-0.1341,-0.0003,2.874,1.6945,5.537,0.488,1.791,-1.0205,idle
2026-07-04 14:29:12.579,plain_wall_good,pw_good_10,positive,0.017,-0.1437,0.7377,0.0006,2.882,1.6946,5.534,0.481,1.785,-1.0208,idle
2026-07-04 14:29:12.679,plain_wall_good,pw_good_10,positive,0.032,-0.0958,0.594,-0.0004,2.871,1.6946,5.536,0.48,1.795,-1.021,idle
2026-07-04 14:29:12.779,plain_wall_good,pw_good_10,positive,-0.0085,0.0766,0.4311,0.0,2.88,1.6946,5.537,0.487,1.79,-1.0208,idle
2026-07-04 14:29:12.879,plain_wall_good,pw_good_10,positive,0.0096,-0.115,0.7951,0.0001,2.893,1.6946,5.538,0.489,1.793,-1.0209,idle
2026-07-04 14:29:12.979,plain_wall_good,pw_good_10,positive,0.0266,-0.0383,0.6227,-0.0001,2.881,1.6946,5.54,0.486,1.778,-1.0209,idle
2026-07-04 14:29:13.079,plain_wall_good,pw_good_10,positive,-0.0309,-0.0671,0.5173,0.0001,2.88,1.6946,5.543,0.488,1.79,-1.0209,idle
2026-07-04 14:29:13.179,plain_wall_good,pw_good_10,positive,-0.0703,-0.1245,0.4886,-0.0001,2.865,1.6946,5.543,0.485,1.786,-1.0209,idle
2026-07-04 14:29:13.279,plain_wall_good,pw_good_10,positive,0.0,0.0287,0.4694,0.0,2.889,1.6946,5.536,0.484,1.792,-1.0209,idle
2026-07-04 14:29:13.379,plain_wall_good,pw_good_10,positive,0.0703,0.0192,0.4503,-0.0,2.881,1.6946,5.538,0.489,1.791,-1.0209,idle
2026-07-04 14:29:13.479,plain_wall_good,pw_good_10,positive,0.0032,0.2012,0.1245,-0.0,2.883,1.6946,5.526,0.482,1.789,-1.0209,idle
2026-07-04 14:29:13.579,plain_wall_good,pw_good_10,positive,-0.0309,-0.0287,0.5461,-0.0,2.881,1.6946,5.534,0.491,1.79,-1.0209,idle
2026-07-04 14:29:13.679,plain_wall_good,pw_good_10,positive,-0.0224,0.0862,0.4598,0.0,2.88,1.6946,5.534,0.49,1.793,-1.0209,idle
2026-07-04 14:29:13.779,plain_wall_good,pw_good_10,positive,-0.0341,0.0575,0.5652,-0.0,2.874,1.6946,5.538,0.484,1.79,-1.0209,idle
2026-07-04 14:29:13.879,plain_wall_good,pw_good_10,positive,-0.0032,0.0,0.5844,0.0,2.88,1.6946,5.534,0.491,1.792,-1.0209,idle
2026-07-04 14:29:13.979,plain_wall_good,pw_good_10,positive,-0.0032,-0.115,0.7281,0.0,2.887,1.6946,5.539,0.481,1.789,-1.0209,idle
2026-07-04 14:29:14.079,plain_wall_good,pw_good_10,positive,0.0181,0.1916,0.4503,0.0,2.89,1.6946,5.536,0.483,1.797,-1.0209,idle
2026-07-04 14:29:14.179,plain_wall_good,pw_good_10,positive,-0.0256,-0.0096,0.8335,0.0,2.873,1.6946,5.528,0.488,1.785,-1.0209,idle
2026-07-04 14:29:14.279,plain_wall_good,pw_good_10,positive,-0.0032,-0.1533,0.661,-0.0,2.884,1.6946,5.528,0.478,1.795,-1.0209,idle
2026-07-04 14:29:14.379,plain_wall_good,pw_good_10,positive,-0.0117,0.0096,0.2203,-0.0,2.883,1.6946,5.532,0.491,1.794,-1.0209,idle
2026-07-04 14:29:14.479,plain_wall_good,pw_good_10,positive,0.0415,-0.0192,0.4311,0.0,2.884,1.6946,5.525,0.495,1.788,-1.0209,idle
2026-07-04 14:29:14.579,plain_wall_good,pw_good_10,positive,-0.0043,0.115,0.4407,-0.0,2.891,1.6946,5.54,0.486,1.79,-1.0209,idle
2026-07-04 14:29:14.679,plain_wall_good,pw_good_10,positive,0.0479,-0.0862,0.4407,-0.0,2.88,1.6946,5.54,0.487,1.794,-1.0209,idle
2026-07-04 14:29:14.779,plain_wall_good,pw_good_10,positive,0.0533,-0.0575,0.4215,-0.0,2.881,1.6946,5.535,0.488,1.792,-1.0209,idle
2026-07-04 14:29:14.879,plain_wall_good,pw_good_10,positive,0.0394,0.0862,0.3928,-0.0,2.884,1.6946,5.535,0.478,1.785,-1.0209,idle
2026-07-04 14:29:14.979,plain_wall_good,pw_good_10,positive,-0.0245,-0.0575,0.594,-0.0,2.886,1.6946,5.534,0.487,1.795,-1.0209,idle
2026-07-04 14:29:15.080,plain_wall_good,pw_good_10,positive,-0.0075,-0.0096,0.182,-0.0,2.881,1.6946,5.535,0.484,1.797,-1.0209,idle
2026-07-04 14:29:15.179,plain_wall_good,pw_good_10,positive,-0.0724,-0.0671,0.4694,0.0,2.882,1.6946,5.534,0.485,1.792,-1.0209,idle
2026-07-04 14:29:15.280,plain_wall_good,pw_good_10,positive,-0.032,0.1054,0.2108,-0.0,2.876,1.6946,5.541,0.492,1.793,-1.0209,idle
2026-07-04 14:29:15.379,plain_wall_good,pw_good_10,positive,-0.0394,-0.1533,0.5461,0.0,2.871,1.6946,5.534,0.489,1.8,-1.0209,idle
2026-07-04 14:29:15.480,plain_wall_good,pw_good_10,positive,-0.0117,0.1341,0.2299,-0.0,2.886,1.6946,5.539,0.487,1.795,-1.0209,idle
2026-07-04 14:29:15.579,plain_wall_good,pw_good_10,positive,0.0032,-0.0383,0.6035,0.0,2.883,1.6946,5.546,0.485,1.786,-1.0209,idle
2026-07-04 14:29:15.679,plain_wall_good,pw_good_10,positive,-0.0458,0.0575,0.2299,-0.0,2.859,1.6946,5.541,0.48,1.787,-1.0209,idle
2026-07-04 14:29:15.779,plain_wall_good,pw_good_10,positive,0.0117,-0.0479,0.4215,-0.0,2.876,1.6946,5.534,0.49,1.792,-1.0209,idle
2026-07-04 14:29:15.879,plain_wall_good,pw_good_10,positive,-0.0107,-0.2108,0.6898,0.0,2.874,1.6946,5.544,0.483,1.791,-1.0209,idle
2026-07-04 14:29:15.979,plain_wall_good,pw_good_10,positive,-0.0245,-0.1533,0.776,0.0,2.874,1.6946,5.533,0.482,1.79,-1.0209,idle
2026-07-04 14:29:16.079,plain_wall_good,pw_good_10,positive,-0.0298,0.0287,0.3832,0.0,2.887,1.6946,5.545,0.484,1.787,-1.0209,idle
2026-07-04 14:29:16.179,plain_wall_good,pw_good_10,positive,0.0,-0.0766,0.2299,-0.0,2.881,1.6946,5.541,0.478,1.793,-1.0209,idle
2026-07-04 14:29:16.280,plain_wall_good,pw_good_10,positive,0.0075,-0.115,0.4119,0.0,2.88,1.6946,5.544,0.49,1.798,-1.0209,idle
2026-07-04 14:29:16.379,plain_wall_good,pw_good_10,positive,-0.049,-0.0862,0.5844,-0.0,2.871,1.6946,5.54,0.484,1.794,-1.0209,idle
2026-07-04 14:29:16.479,plain_wall_good,pw_good_10,positive,0.0085,-0.0575,0.7185,0.0,2.885,1.6946,5.538,0.489,1.787,-1.0209,idle
2026-07-04 14:29:16.579,plain_wall_good,pw_good_10,positive,-0.0192,0.0766,0.1533,-0.0,2.874,1.6946,5.541,0.491,1.785,-1.0209,idle
2026-07-04 14:29:16.679,plain_wall_good,pw_good_10,positive,0.0107,0.2108,0.4503,-0.0,2.888,1.6946,5.535,0.486,1.784,-1.0209,idle
2026-07-04 14:29:16.779,plain_wall_good,pw_good_10,positive,0.0064,0.1437,0.0192,-0.0,2.884,1.6946,5.53,0.487,1.788,-1.0209,idle
2026-07-04 14:29:16.879,plain_wall_good,pw_good_10,positive,0.0277,-0.0096,0.5652,0.0,2.888,1.6946,5.543,0.483,1.798,-1.0209,idle
2026-07-04 14:29:16.979,plain_wall_good,pw_good_10,positive,0.0245,0.0766,0.5365,-0.0,2.87,1.6946,5.537,0.486,1.781,-1.0209,idle
2026-07-04 14:29:17.079,plain_wall_good,pw_good_10,positive,0.0117,0.0096,0.3257,0.0,2.889,1.6946,5.538,0.49,1.797,-1.0209,idle
2026-07-04 14:29:17.179,plain_wall_good,pw_good_10,positive,0.0426,-0.0287,0.4407,-0.0,2.882,1.6946,5.531,0.483,1.794,-1.0209,idle
2026-07-04 14:29:17.280,plain_wall_good,pw_good_10,positive,0.0362,0.0479,0.3928,0.0,2.892,1.6946,5.542,0.487,1.788,-1.0209,idle
2026-07-04 14:29:17.379,plain_wall_good,pw_good_10,positive,0.0053,-0.0096,0.5461,0.0,2.882,1.6946,5.528,0.487,1.794,-1.0209,idle
2026-07-04 14:29:17.479,plain_wall_good,pw_good_10,positive,-0.0043,-0.0671,0.3928,-0.0,2.868,1.6946,5.539,0.487,1.782,-1.0209,idle
2026-07-04 14:29:17.579,plain_wall_good,pw_good_10,positive,-0.0256,-0.0766,0.5461,0.0,2.887,1.6946,5.551,0.486,1.795,-1.0209,idle
2026-07-04 14:29:17.679,plain_wall_good,pw_good_10,positive,-0.0064,-0.0862,0.4407,0.0,2.882,1.6946,5.537,0.489,1.79,-1.0209,idle
2026-07-04 14:29:17.779,plain_wall_good,pw_good_10,positive,0.0011,-0.0383,0.3257,0.0,2.887,1.6946,5.538,0.488,1.786,-1.0209,idle
2026-07-04 14:29:17.879,plain_wall_good,pw_good_10,positive,-0.0383,0.0096,0.3257,-0.0,2.897,1.6946,5.532,0.484,1.788,-1.0209,idle
2026-07-04 14:29:17.979,plain_wall_good,pw_good_10,positive,0.0298,0.0479,0.2778,0.0,2.885,1.6946,5.541,0.485,1.786,-1.0209,idle
2026-07-04 14:29:18.079,plain_wall_good,pw_good_10,positive,0.0245,-0.0766,0.4311,-0.0,2.884,1.6946,5.535,0.486,1.788,-1.0209,idle
2026-07-04 14:29:18.180,plain_wall_good,pw_good_10,positive,0.0863,0.1341,0.4982,0.0,2.885,1.6946,5.542,0.488,1.789,-1.0209,idle
2026-07-04 14:29:18.279,plain_wall_good,pw_good_10,positive,0.0362,-0.0862,0.5748,-0.0,2.878,1.6946,5.534,0.481,1.792,-1.0209,idle
2026-07-04 14:29:18.379,plain_wall_good,pw_good_10,positive,0.0213,-0.0479,0.6802,0.0,2.878,1.6946,5.535,0.481,1.795,-1.0209,idle
2026-07-04 14:29:18.479,plain_wall_good,pw_good_10,positive,-0.0277,0.0,0.3545,-0.0,2.88,1.6946,5.536,0.482,1.791,-1.0209,idle
2026-07-04 14:29:18.579,plain_wall_good,pw_good_10,positive,0.0149,-0.0862,0.4503,-0.0,2.883,1.6946,5.538,0.494,1.786,-1.0209,idle
2026-07-04 14:29:18.679,plain_wall_good,pw_good_10,positive,0.0437,-0.0671,0.5269,0.0,2.882,1.6946,5.529,0.489,1.797,-1.0209,idle
2026-07-04 14:29:18.779,plain_wall_good,pw_good_10,positive,0.0298,0.0766,0.3353,0.0,2.876,1.6946,5.531,0.488,1.791,-1.0209,idle
2026-07-04 14:29:18.879,plain_wall_good,pw_good_10,positive,0.0724,-0.0479,0.3928,-0.0,2.891,1.6946,5.548,0.48,1.799,-1.0209,idle
2026-07-04 14:29:18.979,plain_wall_good,pw_good_10,positive,-0.0352,0.0,0.5461,-0.0,2.86,1.6946,5.537,0.488,1.784,-1.0209,idle
2026-07-04 14:29:19.079,plain_wall_good,pw_good_10,positive,-0.0138,0.0287,0.4886,-0.0,2.876,1.6946,5.536,0.483,1.804,-1.0209,idle
