bag_time_ns,bag_time_sec,header_stamp_sec,joint1_position,joint1_velocity,joint1_effort,joint2_position,joint2_velocity,joint2_effort,joint3_position,joint3_velocity,joint3_effort,joint4_position,joint4_velocity,joint4_effort,joint5_position,joint5_velocity,joint5_effort,joint6_position,joint6_velocity,joint6_effort
1785501242341671126,1785501242.3416712,1785501242.3413968,0.0,0.0,6.955415678590118e-17,-0.93549644947052,0.0,-0.6772262454032898,0.0750491544604301,0.0,-14.930364608764648,0.0,0.0,-0.1364886611700058,0.8621926307678223,0.0,-1.5899393558502195,0.0,0.0,-1.9705405065906237e-05
1785501242542271474,1785501242.5422716,1785501242.5421169,0.0,0.0,6.955415678590118e-17,-0.93549644947052,0.0,-0.6772262454032898,0.0750491544604301,0.0,-14.930364608764648,0.0,0.0,-0.1364886611700058,0.8621926307678223,0.0,-1.5899393558502195,0.0,0.0,-1.9705405065906237e-05
1785501242742905668,1785501242.7429056,1785501242.7428124,0.0,0.0,6.955415678590118e-17,-0.93549644947052,0.0,-0.6772262454032898,0.0750491544604301,0.0,-14.930364608764648,0.0,0.0,-0.1364886611700058,0.8621926307678223,0.0,-1.5899393558502195,0.0,0.0,-1.9705405065906237e-05
1785501242943608054,1785501242.9436083,1785501242.9434855,0.0,0.0,6.955415678590118e-17,-0.93549644947052,0.0,-0.6772262454032898,0.0750491544604301,0.0,-14.930364608764648,0.0,0.0,-0.1364886611700058,0.8621926307678223,0.0,-1.5899393558502195,0.0,0.0,-1.9705405065906237e-05
1785501243144342873,1785501243.144343,1785501243.144184,0.0,0.0,6.955415678590118e-17,-0.93549644947052,0.0,-0.6772262454032898,0.0750491544604301,0.0,-14.930364608764648,0.0,0.0,-0.1364886611700058,0.8621926307678223,0.0,-1.5899393558502195,0.0,0.0,-1.9705405065906237e-05
1785501243345033085,1785501243.3450332,1785501243.3448892,0.0,0.0,6.955415678590118e-17,-0.93549644947052,0.0,-0.6772262454032898,0.0750491544604301,0.0,-14.930364608764648,0.0,0.0,-0.1364886611700058,0.8621926307678223,0.0,-1.5899393558502195,0.0,0.0,-1.9705405065906237e-05
1785501243545723118,1785501243.5457232,1785501243.5455885,0.0,0.0,6.955415678590118e-17,-0.93549644947052,0.0,-0.6772262454032898,0.0750491544604301,0.0,-14.930364608764648,0.0,0.0,-0.1364886611700058,0.8621926307678223,0.0,-1.5899393558502195,0.0,0.0,-1.9705405065906237e-05
1785501243746520679,1785501243.7465208,1785501243.7463531,0.0,0.0,6.955415678590118e-17,-0.93549644947052,0.0,-0.6772262454032898,0.0750491544604301,0.0,-14.930364608764648,0.0,0.0,-0.1364886611700058,0.8621926307678223,0.0,-1.5899393558502195,0.0,0.0,-1.9705405065906237e-05
1785501243947167317,1785501243.9471674,1785501243.9470594,0.0,0.0,6.955415678590118e-17,-0.93549644947052,0.0,-0.6772262454032898,0.0750491544604301,0.0,-14.930364608764648,0.0,0.0,-0.1364886611700058,0.8621926307678223,0.0,-1.5899393558502195,0.0,0.0,-1.9705405065906237e-05
1785501244147875615,1785501244.1478758,1785501244.1477356,0.0,0.0,6.955415678590118e-17,-0.93549644947052,0.0,-0.6772262454032898,0.0750491544604301,0.0,-14.930364608764648,0.0,0.0,-0.1364886611700058,0.8621926307678223,0.0,-1.5899393558502195,0.0,0.0,-1.9705405065906237e-05
1785501244348558344,1785501244.3485584,1785501244.3484364,0.0,0.0,6.955415678590118e-17,-0.93549644947052,0.0,-0.6772262454032898,0.0750491544604301,0.0,-14.930364608764648,0.0,0.0,-0.1364886611700058,0.8621926307678223,0.0,-1.5899393558502195,0.0,0.0,-1.9705405065906237e-05
1785501244549300017,1785501244.5493002,1785501244.5491571,0.0,0.0,6.955415678590118e-17,-0.93549644947052,0.0,-0.6772262454032898,0.0750491544604301,0.0,-14.930364608764648,0.0,0.0,-0.1364886611700058,0.8621926307678223,0.0,-1.5899393558502195,0.0,0.0,-1.9705405065906237e-05
1785501244750166212,1785501244.7501664,1785501244.7499511,0.0,0.0,6.955415678590118e-17,-0.93549644947052,0.0,-0.6772262454032898,0.0750491544604301,0.0,-14.930364608764648,0.0,0.0,-0.1364886611700058,0.8621926307678223,0.0,-1.5899393558502195,0.0,0.0,-1.9705405065906237e-05
1785501244951017137,1785501244.9510174,1785501244.9508,0.0,0.0,6.955415678590118e-17,-0.93549644947052,0.0,-0.6772262454032898,0.0750491544604301,0.0,-14.930364608764648,0.0,0.0,-0.1364886611700058,0.8621926307678223,0.0,-1.5899393558502195,0.0,0.0,-1.9705405065906237e-05
1785501245151738531,1785501245.1517386,1785501245.1515388,0.0,0.0,6.955415678590118e-17,-0.93549644947052,0.0,-0.6772262454032898,0.0750491544604301,0.0,-14.930364608764648,0.0,0.0,-0.1364886611700058,0.8621926307678223,0.0,-1.5899393558502195,0.0,0.0,-1.9705405065906237e-05
1785501245352515553,1785501245.3525157,1785501245.3523395,0.0,0.0,6.955415678590118e-17,-0.93549644947052,0.0,-0.6772262454032898,0.0750491544604301,0.0,-14.930364608764648,0.0,0.0,-0.1364886611700058,0.8621926307678223,0.0,-1.5899393558502195,0.0,0.0,-1.9705405065906237e-05
1785501245553302183,1785501245.5533023,1785501245.5531125,0.0,0.0,6.955415678590118e-17,-0.93549644947052,0.0,-0.6772262454032898,0.0750491544604301,0.0,-14.930364608764648,0.0,0.0,-0.1364886611700058,0.8621926307678223,0.0,-1.5899393558502195,0.0,0.0,-1.9705405065906237e-05
1785501245754161024,1785501245.7541614,1785501245.753903,0.0,0.0,6.955415678590118e-17,-0.93549644947052,0.0,-0.6772262454032898,0.0750491544604301,0.0,-14.930364608764648,0.0,0.0,-0.1364886611700058,0.8621926307678223,0.0,-1.5899393558502195,0.0,0.0,-1.9705405065906237e-05
1785501245954824396,1785501245.9548244,1785501245.9546351,0.0,0.0,-0.0009597295429557,-0.9079542756080629,0.2498544454574585,-1.6209595203399658,0.0603857859969139,-0.1330218613147735,-17.1361141204834,0.0,0.0,-0.1349117159843444,0.8237050175666809,-0.3491486608982086,-1.6589051485061646,0.0,0.0,0.0002732762659434
1785501246155495413,1785501246.1554956,1785501246.1552937,0.0,0.0,-0.0009032183443196,-0.85698401927948,0.2498544454574585,-3.1509594917297363,0.0332493260502815,-0.1330218613147735,-16.891313552856445,0.0,0.0,-0.1320851892232895,0.7524786591529846,-0.3491486608982086,-1.506317973136902,0.0,0.0,0.0007958407513797
1785501246356208251,1785501246.3562083,1785501246.3560262,0.0,0.0,-0.0008444479317404,-0.8070130944252014,0.2498544454574585,-3.9771595001220703,0.0066449530422687,-0.1330218613147735,-16.340513229370117,0.0,0.0,-0.1291864961385727,0.6826489567756653,-0.3491486608982086,-1.5741344690322876,0.0,0.0,0.001316605717875
1785501246556955926,1785501246.556956,1785501246.5567515,0.0,0.0,-0.0007835637661628,-0.7570422291755676,0.2498544454574585,-4.895159721374512,-0.019959419965744,-0.1330218613147735,-15.422513961791992,0.0,0.0,-0.1262172162532806,0.612819254398346,-0.3491486608982086,-1.6249969005584717,0.0,0.0,0.0018344585550948
1785501246757625100,1785501246.757625,1785501246.7575078,0.0,0.0,-0.0007207166054286,-0.7070713043212891,0.2498544454574585,-5.690759658813477,-0.0465637929737567,-0.1330218613147735,-15.08591365814209,0.0,0.0,-0.1231789588928222,0.5429894924163818,-0.3491486608982086,-1.794538140296936,0.0,0.0,0.0023482937831431
1785501246958441779,1785501246.9584415,1785501246.9582562,0.0,0.0,-0.0006560620386153,-0.6571004390716553,0.2498544454574585,-6.409859657287598,-0.0731681659817695,-0.1330218613147735,-15.300113677978516,0.0,0.0,-0.12007337808609,0.4731597602367401,-0.3491486608982086,-1.7775839567184448,0.0,0.0,0.0028570150025188
1785501247159223902,1785501247.159224,1785501247.1590235,0.0,0.0,-0.0005884186248295,-0.6061301231384277,0.2498544454574585,-7.434959411621094,-0.1003046259284019,-0.1330218613147735,-14.978814125061035,0.0,0.0,-0.1168380677700042,0.4019334316253662,-0.3491486608982086,-2.014941692352295,0.0,0.0,0.0033695169258862
1785501247359952762,1785501247.3599527,1785501247.3597462,0.0,0.0,-0.000520606059581,-0.556159257888794,0.2498544454574585,-8.383559226989746,-0.126909002661705,-0.1330218613147735,-15.131814002990724,0.0,0.0,-0.1136016622185707,0.3321036994457245,-0.3491486608982086,-1.981033444404602,0.0,0.0,0.003864612430334
1785501247560677934,1785501247.560678,1785501247.5605118,0.0,0.0,-0.0004514820757322,-0.5061883330345154,0.2498544454574585,-8.6283597946167,-0.1535133719444275,-0.1330218613147735,-14.79521369934082,0.0,0.0,-0.1103031262755394,0.2622739970684051,-0.3491486608982086,-1.9471251964569087,0.0,0.0,0.0043513607233762
1785501247761805397,1785501247.7618055,1785501247.7615488,0.0,0.0,-0.0003812180948443,-0.4562174677848816,0.2498544454574585,-10.219559669494627,-0.1801177412271499,-0.1330218613147735,-15.346014022827148,0.0,0.0,-0.1069442555308342,0.1924442499876022,-0.3491486608982086,-1.9640793800354004,0.0,0.0,0.0048287250101566
1785501247962531491,1785501247.9625318,1785501247.962341,0.0,0.0,-0.0003099884197581,-0.4062465727329254,0.2498544454574585,-10.54085922241211,-0.2067221105098724,-0.1330218613147735,-14.67281436920166,0.0,0.0,-0.1035268753767013,0.1226145252585411,-0.3491486608982086,-2.20143723487854,0.0,0.0,0.0052956878207623
1785501248163303725,1785501248.163304,1785501248.1631172,0.0,0.0,-0.0002365226246183,-0.3552762567996979,0.2498544454574585,-11.795459747314451,-0.2338585704565048,-0.1330218613147735,-14.366813659667969,0.0,0.0,-0.0999828055500984,0.0513882003724575,-0.3491486608982086,-2.5066113471984863,0.0,0.0,0.0057602431625127
1785501248364053306,1785501248.3640532,1785501248.3638914,0.0,0.0,-0.0001638834510231,-0.3053053915500641,0.2498544454574585,-12.46865940093994,-0.2604629397392273,-0.1330218613147735,-13.98431396484375,0.0,0.0,-0.0964529365301132,-0.0184415280818939,-0.3491486608982086,-2.065804004669189,0.0,0.0,0.0062031857669353
1785501248564871108,1785501248.5648713,1785501248.564643,0.0,0.0,-9.081798634724692e-05,-0.2553344964981079,0.2498544454574585,-13.401959419250488,-0.2870673239231109,-0.1330218613147735,-13.877214431762695,0.0,0.0,-0.0928702726960182,-0.0882712602615356,-0.3491486608982086,-2.3201160430908203,0.0,0.0,0.0066327983513474
1785501248765609016,1785501248.765609,1785501248.7653291,0.0,0.0,-1.750766023178585e-05,-0.2053636014461517,0.2498544454574585,-14.075159072875977,-0.3136717081069946,-0.1330218613147735,-13.75481414794922,0.0,0.0,-0.0892367586493492,-0.1581009924411773,-0.3491486608982086,-2.116666555404663,0.0,0.0,0.0070481649599969
1785501248966347084,1785501248.9663472,1785501248.966128,0.0,0.0,5.586546467384324e-05,-0.1553927063941955,0.2498544454574585,-14.35055923461914,-0.3402760624885559,-0.1330218613147735,-12.959214210510254,0.0,0.0,-0.0855543762445449,-0.2279307097196579,-0.3491486608982086,-2.574427843093872,0.0,0.0,0.0074483999051153
1785501249167160678,1785501249.1671607,1785501249.1668992,0.0,0.0,0.000130581727717,-0.1054218187928199,0.2498544454574585,-15.52865982055664,-0.3668804466724396,-0.1330218613147735,-13.295814514160156,0.0,0.0,-0.0817500799894332,-0.2977604568004608,-0.3491486608982086,-2.1675288677215576,0.0,0.0,0.0078401649370789
1785501249367931110,1785501249.3679314,1785501249.367678,0.0,0.0,0.0002035260695265,-0.0544515140354633,0.2498544454574585,-16.33955955505371,-0.3940168917179107,-0.1330218613147735,-12.806214332580566,0.0,0.0,-0.0779751315712928,-0.3689867556095123,-0.3491486608982086,-2.235345363616944,0.0,0.0,0.0082072634249925
1785501249568673667,1785501249.5686738,1785501249.5684528,0.0,0.0,0.0002759840863291,-0.00448062364012,0.2498544454574585,-16.660860061645508,-0.4206212759017944,-0.1330218613147735,-12.65321445465088,0.0,0.0,-0.0741574466228485,-0.438816487789154,-0.3491486608982086,-2.3201160430908203,0.0,0.0,0.008556755259633
1785501249769438768,1785501249.7694387,1785501249.7692122,0.0,0.0,0.0003477756690699,0.0454902648925781,0.2498544454574585,-18.28265953063965,-0.4472256302833557,-0.1330218613147735,-12.224814414978027,0.0,0.0,-0.0702991187572479,-0.5086462497711182,-0.3491486608982086,-2.6252901554107666,0.0,0.0,0.008887892588973
1785501249970172508,1785501249.9701726,1785501249.9699748,0.0,0.0,0.0004187224258203,0.0954611524939537,0.2498544454574585,-18.665159225463867,-0.4738300144672394,-0.1330218613147735,-12.010614395141602,0.0,0.0,-0.0664022564888,-0.5784759521484375,-0.3491486608982086,-2.286207675933838,0.0,0.0,0.0091999657452106
1785501250170945394,1785501250.1709454,1785501250.1707222,0.0,0.0,0.0004900348722003,0.1454320400953292,0.2498544454574585,-19.50666046142578,-0.500434398651123,-0.1330218613147735,-12.071813583374023,0.0,0.0,-0.0623899549245834,-0.6483057141304016,-0.3491486608982086,-2.354024171829224,0.0,0.0,0.0094979479908943
1785501250371756023,1785501250.371756,1785501250.3715093,0.0,0.0,0.0005587397026829,0.1964023560285568,0.2498544454574585,-19.99625968933105,-0.5275708436965942,-0.1330218613147735,-11.199713706970217,0.0,0.0,-0.05842175334692,-0.7195320129394531,-0.3491486608982086,-2.20143723487854,0.0,0.0,0.0097695151343941
1785501250572432593,1785501250.5724328,1785501250.5722744,0.0,0.0,0.0006260751397348,0.2463732361793518,0.2498544454574585,-20.807159423828125,-0.5541751980781555,-0.1330218613147735,-10.587714195251465,0.0,0.0,-0.0544214993715286,-0.7893617153167725,-0.3491486608982086,-2.4387948513031006,0.0,0.0,0.0100201247259974
1785501250773233203,1785501250.7732332,1785501250.773036,0.0,0.0,0.0006918737781234,0.296344131231308,0.2498544454574585,-21.357959747314453,-0.5807796120643616,-0.1330218613147735,-10.266413688659668,0.0,0.0,-0.0503913834691047,-0.8591914772987366,-0.3491486608982086,-2.184483051300049,0.0,0.0,0.0102492356672883
1785501250974303366,1785501250.9743035,1785501250.9740744,0.0,0.0,0.0007559719961136,0.3463150262832641,0.2498544454574585,-21.266159057617188,-0.6073839664459229,-0.1330218613147735,-10.144014358520508,0.0,0.0,-0.0463336072862148,-0.929021179676056,-0.3491486608982086,-2.184483051300049,0.0,0.0,0.0104563543573021
1785501251175070001,1785501251.17507,1785501251.1748457,0.0,0.0,0.0008194349939003,0.3962859213352203,0.2498544454574585,-22.39835929870605,-0.6339883208274841,-0.1330218613147735,-10.128713607788086,0.0,0.0,-0.0421684868633747,-0.99885094165802,-0.3491486608982086,-2.235345363616944,0.0,0.0,0.0106444917619228
1785501251375830394,1785501251.3758304,1785501251.375611,0.0,0.0,0.000879616709426,0.4472562074661255,0.2498544454574585,-23.10215950012207,-0.6611248254776001,-0.1330218613147735,-9.440214157104492,0.0,0.0,-0.0380616299808025,-1.0700773000717163,-0.3491486608982086,-2.370978355407715,0.0,0.0,0.0108058620244264
1785501251576664058,1785501251.5766642,1785501251.576412,0.0,0.0,0.0009376308880746,0.4972271025180816,0.2498544454574585,-22.995059967041016,-0.6877291798591614,-0.1330218613147735,-8.950613975524902,0.0,0.0,-0.033933863043785,-1.1399070024490356,-0.3491486608982086,-2.0488500595092773,0.0,0.0,0.0109440265223383
1785501251777401025,1785501251.7774012,1785501251.7771988,0.0,0.0,0.000993333174847,0.5471979975700378,0.2498544454574585,-24.05076026916504,-0.7143335342407227,-0.1330218613147735,-8.614013671875,0.0,0.0,-0.0297874473035335,-1.209736704826355,-0.3491486608982086,-1.9471251964569087,0.0,0.0,0.0110586816444993
1785501251978062386,1785501251.9780624,1785501251.9779336,0.0,0.0,0.0010465850355103,0.5971688628196716,0.2498544454574585,-24.28026008605957,-0.7409379482269287,-0.1330218613147735,-8.063214302062988,0.0,0.0,-0.0256246533244848,-1.2795664072036743,-0.3491486608982086,-1.7775839567184448,0.0,0.0,0.0111495712772011
1785501252178733245,1785501252.178733,1785501252.1786203,0.0,0.0,0.0010972539894282,0.6471397876739502,0.2498544454574585,-23.80595970153809,-0.76754230260849,-0.1330218613147735,-7.51241397857666,0.0,0.0,-0.021447766572237,-1.3493962287902832,-0.3491486608982086,-1.8454004526138303,0.0,0.0,0.0112164914608001
1785501252379541531,1785501252.3795416,1785501252.3793752,0.0,0.0,2.5527334679507047e-17,0.6806784272193909,0.0,-21.92490005493164,-0.7853981852531433,0.0,-10.404000282287598,0.0,0.0,-0.018818499520421,-1.3962633609771729,0.0,-4.577613830566406,0.0,0.0,0.0112628266215324
1785501252580243661,1785501252.5802438,1785501252.58016,0.0,0.0,2.5527334679507047e-17,0.6806784272193909,0.0,-23.1538200378418,-0.7853981852531433,0.0,-7.340874195098877,0.0,0.0,-0.018818499520421,-1.3962633609771729,0.0,-1.823339343070984,0.0,0.0,0.0112628266215324
1785501252781073669,1785501252.7810738,1785501252.780897,0.0,0.0,2.5527334679507047e-17,0.6806784272193909,0.0,-23.1538200378418,-0.7853981852531433,0.0,-7.340874195098877,0.0,0.0,-0.018818499520421,-1.3962633609771729,0.0,-1.823339343070984,0.0,0.0,0.0112628266215324
1785501252981852839,1785501252.981853,1785501252.981652,0.0,0.0,2.5527334679507047e-17,0.6806784272193909,0.0,-23.1538200378418,-0.7853981852531433,0.0,-7.340874195098877,0.0,0.0,-0.018818499520421,-1.3962633609771729,0.0,-1.823339343070984,0.0,0.0,0.0112628266215324
1785501253182481176,1785501253.1824813,1785501253.1822913,0.0,0.0,2.5527334679507047e-17,0.6806784272193909,0.0,-23.1538200378418,-0.7853981852531433,0.0,-7.340874195098877,0.0,0.0,-0.018818499520421,-1.3962633609771729,0.0,-1.823339343070984,0.0,0.0,0.0112628266215324
1785501253383207694,1785501253.3832078,1785501253.3829818,0.0,0.0,2.5527334679507047e-17,0.6806784272193909,0.0,-23.1538200378418,-0.7853981852531433,0.0,-7.340874195098877,0.0,0.0,-0.018818499520421,-1.3962633609771729,0.0,-1.823339343070984,0.0,0.0,0.0112628266215324
1785501253583948369,1785501253.5839484,1785501253.5837507,0.0,0.0,2.5527334679507047e-17,0.6806784272193909,0.0,-23.1538200378418,-0.7853981852531433,0.0,-7.340874195098877,0.0,0.0,-0.018818499520421,-1.3962633609771729,0.0,-1.823339343070984,0.0,0.0,0.0112628266215324
1785501253784684406,1785501253.7846844,1785501253.7845051,0.0,0.0,2.5527334679507047e-17,0.6806784272193909,0.0,-23.1538200378418,-0.7853981852531433,0.0,-7.340874195098877,0.0,0.0,-0.018818499520421,-1.3962633609771729,0.0,-1.823339343070984,0.0,0.0,0.0112628266215324
1785501253985475088,1785501253.9854753,1785501253.9852655,0.0,0.0,2.5527334679507047e-17,0.6806784272193909,0.0,-23.1538200378418,-0.7853981852531433,0.0,-7.340874195098877,0.0,0.0,-0.018818499520421,-1.3962633609771729,0.0,-1.823339343070984,0.0,0.0,0.0112628266215324
1785501254186224371,1785501254.1862245,1785501254.1860285,0.0,0.0,2.5527334679507047e-17,0.6806784272193909,0.0,-23.1538200378418,-0.7853981852531433,0.0,-7.340874195098877,0.0,0.0,-0.018818499520421,-1.3962633609771729,0.0,-1.823339343070984,0.0,0.0,0.0112628266215324
1785501254386904920,1785501254.386905,1785501254.386718,0.0,0.0,2.5527334679507047e-17,0.6806784272193909,0.0,-23.1538200378418,-0.7853981852531433,0.0,-7.340874195098877,0.0,0.0,-0.018818499520421,-1.3962633609771729,0.0,-1.823339343070984,0.0,0.0,0.0112628266215324
1785501254587836085,1785501254.5878365,1785501254.5875125,0.0,0.0,2.5527334679507047e-17,0.6806784272193909,0.0,-23.1538200378418,-0.7853981852531433,0.0,-7.340874195098877,0.0,0.0,-0.018818499520421,-1.3962633609771729,0.0,-1.823339343070984,0.0,0.0,0.0112628266215324
1785501254788467469,1785501254.7884676,1785501254.7882764,0.0,0.0,2.5527334679507047e-17,0.6806784272193909,0.0,-23.1538200378418,-0.7853981852531433,0.0,-7.340874195098877,0.0,0.0,-0.018818499520421,-1.3962633609771729,0.0,-1.823339343070984,0.0,0.0,0.0112628266215324
1785501254989210639,1785501254.9892108,1785501254.9890296,0.0,0.0,2.5527334679507047e-17,0.6806784272193909,0.0,-23.1538200378418,-0.7853981852531433,0.0,-7.340874195098877,0.0,0.0,-0.018818499520421,-1.3962633609771729,0.0,-1.823339343070984,0.0,0.0,0.0112628266215324
1785501255190418261,1785501255.1904182,1785501255.1901765,0.0,0.0,2.5527334679507047e-17,0.6806784272193909,0.0,-23.1538200378418,-0.7853981852531433,0.0,-7.340874195098877,0.0,0.0,-0.018818499520421,-1.3962633609771729,0.0,-1.823339343070984,0.0,0.0,0.0112628266215324
1785501255391081858,1785501255.391082,1785501255.390924,0.0,0.0,2.5527334679507047e-17,0.6806784272193909,0.0,-23.1538200378418,-0.7853981852531433,0.0,-7.340874195098877,0.0,0.0,-0.018818499520421,-1.3962633609771729,0.0,-1.823339343070984,0.0,0.0,0.0112628266215324
1785501255591932928,1785501255.591933,1785501255.591679,0.0,0.0,2.5527334679507047e-17,0.6806784272193909,0.0,-23.1538200378418,-0.7853981852531433,0.0,-7.340874195098877,0.0,0.0,-0.018818499520421,-1.3962633609771729,0.0,-1.823339343070984,0.0,0.0,0.0112628266215324
1785501255792573159,1785501255.7925732,1785501255.7924402,0.0,0.0,2.5527334679507047e-17,0.6806784272193909,0.0,-23.1538200378418,-0.7853981852531433,0.0,-7.340874195098877,0.0,0.0,-0.018818499520421,-1.3962633609771729,0.0,-1.823339343070984,0.0,0.0,0.0112628266215324
1785501255993288426,1785501255.9932885,1785501255.9931233,0.0,0.0,2.5527334679507047e-17,0.6806784272193909,0.0,-23.1538200378418,-0.7853981852531433,0.0,-7.340874195098877,0.0,0.0,-0.018818499520421,-1.3962633609771729,0.0,-1.823339343070984,0.0,0.0,0.0112628266215324
1785501256194072036,1785501256.1940722,1785501256.1938548,0.0,0.0,2.5527334679507047e-17,0.6806784272193909,0.0,-23.1538200378418,-0.7853981852531433,0.0,-7.340874195098877,0.0,0.0,-0.018818499520421,-1.3962633609771729,0.0,-1.823339343070984,0.0,0.0,0.0112628266215324
1785501256394863732,1785501256.3948638,1785501256.3946276,0.0,0.0,2.5527334679507047e-17,0.6806784272193909,0.0,-23.1538200378418,-0.7853981852531433,0.0,-7.340874195098877,0.0,0.0,-0.018818499520421,-1.3962633609771729,0.0,-1.823339343070984,0.0,0.0,0.0112628266215324
1785501256595604118,1785501256.5956044,1785501256.595383,0.0,0.0,2.5527334679507047e-17,0.6806784272193909,0.0,-23.1538200378418,-0.7853981852531433,0.0,-7.340874195098877,0.0,0.0,-0.018818499520421,-1.3962633609771729,0.0,-1.823339343070984,0.0,0.0,0.0112628266215324
1785501256796326950,1785501256.796327,1785501256.796161,0.0,0.0,2.5527334679507047e-17,0.6806784272193909,0.0,-23.1538200378418,-0.7853981852531433,0.0,-7.340874195098877,0.0,0.0,-0.018818499520421,-1.3962633609771729,0.0,-1.823339343070984,0.0,0.0,0.0112628266215324
1785501256997133925,1785501256.997134,1785501256.9969294,0.0,0.0,2.5527334679507047e-17,0.6806784272193909,0.0,-23.1538200378418,-0.7853981852531433,0.0,-7.340874195098877,0.0,0.0,-0.018818499520421,-1.3962633609771729,0.0,-1.823339343070984,0.0,0.0,0.0112628266215324
1785501257197920261,1785501257.1979203,1785501257.1977262,0.0,0.0,2.5527334679507047e-17,0.6806784272193909,0.0,-23.1538200378418,-0.7853981852531433,0.0,-7.340874195098877,0.0,0.0,-0.018818499520421,-1.3962633609771729,0.0,-1.823339343070984,0.0,0.0,0.0112628266215324
1785501257398641199,1785501257.398641,1785501257.398455,-0.004281532485038,-0.1785911470651626,-3.233757495880127,0.677953839302063,-0.1136489138007164,-26.9542293548584,-0.7906528115272522,-0.2191800475120544,-10.555026054382324,0.0,0.0,0.3201540410518646,-1.3894518613815308,0.2841222286224365,-1.8289273977279663,0.0,0.0,0.0132746053859591
1785501257599386135,1785501257.5993862,1785501257.5991895,-0.0479292906820774,-0.2195989787578582,-3.7808096408844,0.6501779556274414,-0.1397448033094406,-28.509565353393555,-0.8442205190658569,-0.2695078253746032,-10.005340576171877,0.0,0.0,-0.0248658880591392,-1.3200122117996216,0.3493619561195373,-3.555424928665161,0.0,0.0,0.011324611492455
1785501257800139046,1785501257.8001392,1785501257.7999623,-0.0927274823188781,-0.2195989787578582,-3.5972096920013428,0.6216700077056885,-0.1397448033094406,-28.846166610717773,-0.8992000818252563,-0.2695078253746032,-10.647940635681152,0.0,0.0,-0.0394417382776737,-1.2487423419952393,0.3493619561195373,-3.6910579204559326,0.0,0.0,0.0113293807953596
1785501258000928828,1785501258.0009289,1785501258.0007272,-0.1366472840309143,-0.2195989787578582,-3.995009660720825,0.5937210917472839,-0.1397448033094406,-29.932466506958008,-0.9531016945838928,-0.2695078253746032,-12.499239921569824,0.0,0.0,-0.0538544617593288,-1.1788699626922607,0.3493619561195373,-3.4876084327697754,0.0,0.0,0.0113322781398892
1785501258201726436,1785501258.201727,1785501258.2014773,-0.1805670708417892,-0.2195989787578582,-4.668209552764893,0.5657721161842346,-0.1397448033094406,-30.97286605834961,-1.0070031881332395,-0.2695078253746032,-13.40194034576416,0.0,0.0,-0.0680047422647476,-1.1089975833892822,0.3493619561195373,-3.4028377532958984,0.0,0.0,0.0113333147019147
1785501258402499777,1785501258.4025,1785501258.402266,-0.2244868725538253,-0.2195989787578582,-3.872609615325928,0.5378231406211853,-0.1397448033094406,-31.09526634216309,-1.0609047412872314,-0.2695078253746032,-14.38114070892334,0.0,0.0,-0.0817922204732894,-1.0391252040863037,0.3493619561195373,-3.53847074508667,0.0,0.0,0.0113324988633394
1785501258603269631,1785501258.6032698,1785501258.603056,-0.2684066593647003,-0.2195989787578582,-4.20920991897583,0.509874165058136,-0.1397448033094406,-32.74766540527344,-1.1148064136505127,-0.2695078253746032,-15.559240341186523,0.0,0.0,-0.0953773632645607,-0.9692528247833252,0.3493619561195373,-3.589333295822144,0.0,0.0,0.0113297728821635
1785501258803899804,1785501258.8039,1785501258.8037205,-0.3132048547267914,-0.2195989787578582,-3.903209686279297,0.4813662469387054,-0.1397448033094406,-32.44166564941406,-1.169785976409912,-0.2695078253746032,-16.630239486694336,0.0,0.0,-0.1081257760524749,-0.8979829549789429,0.3493619561195373,-3.4197919368743896,0.0,0.0,0.0113252541050314
1785501259004659598,1785501259.00466,1785501259.0044878,-0.3571246564388275,-0.2195989787578582,-3.826709747314453,0.4534172713756561,-0.1397448033094406,-32.48756408691406,-1.2236875295639038,-0.2695078253746032,-17.548240661621094,0.0,0.0,-0.1202103868126869,-0.8281105756759644,0.3493619561195373,-3.5723791122436523,0.0,0.0,0.0113189229741692
1785501259205763611,1785501259.2057636,1785501259.2055178,-0.3839724361896515,0.0,-4.345200061798096,0.4363323152065277,0.0,-31.12019920349121,-1.2566370964050293,0.0,-17.73270034790039,0.0,0.0,-0.131667286157608,-0.7853981852531433,0.0,-0.0339082516729831,0.0,0.0,0.0112834507599473
1785501259406399285,1785501259.4063993,1785501259.4062328,-0.3839724361896515,0.0,-8.729206564025559e-17,0.4363323152065277,0.0,-34.25669860839844,-1.2566370964050293,0.0,-20.257200241088867,0.0,0.0,-0.131667286157608,-0.7853981852531433,0.0,-1.659764289855957,0.0,0.0,0.0112834507599473
1785501259607141667,1785501259.6071415,1785501259.6069689,-0.3839724361896515,0.0,-8.729206564025559e-17,0.4363323152065277,0.0,-34.532100677490234,-1.2566370964050293,0.0,-21.08340072631836,0.0,0.0,-0.131667286157608,-0.7853981852531433,0.0,-1.659764289855957,0.0,0.0,0.0112834507599473
1785501259807971017,1785501259.8079712,1785501259.8077395,-0.3839724361896515,0.0,-8.729206564025559e-17,0.4363323152065277,0.0,-34.180198669433594,-1.2566370964050293,0.0,-20.976299285888672,0.0,0.0,-0.131667286157608,-0.7853981852531433,0.0,-1.659764289855957,0.0,0.0,0.0112834507599473
1785501260008767843,1785501260.0087678,1785501260.008521,-0.3839724361896515,0.0,-8.729206564025559e-17,0.4363323152065277,0.0,-33.920101165771484,-1.2566370964050293,0.0,-20.76210021972656,0.0,0.0,-0.131667286157608,-0.7853981852531433,0.0,-1.659764289855957,0.0,0.0,0.0112834507599473
1785501260209395382,1785501260.2093956,1785501260.2092736,-0.3839724361896515,0.0,-8.729206564025559e-17,0.4363323152065277,0.0,-33.64469909667969,-1.2566370964050293,0.0,-20.56319999694824,0.0,0.0,-0.131667286157608,-0.7853981852531433,0.0,-1.659764289855957,0.0,0.0,0.0112834507599473
1785501260410094731,1785501260.410095,1785501260.4099967,-0.3815672993659973,0.0151959145441651,0.6998330354690552,0.4916505813598633,0.3495062291622162,-31.665512084960938,-1.244611382484436,0.0759795978665351,-16.86347007751465,0.0,0.0,-0.1224574446678161,-0.8383113145828247,-0.3343103229999542,-2.9088919162750244,0.0,0.0,0.0112979914993047
1785501260610951163,1785501260.6109512,1785501260.610722,-0.3785281181335449,0.0151959145441651,1.0211330652236938,0.5615518689155579,0.3495062291622162,-30.73221206665039,-1.2294154167175293,0.0759795978665351,-15.823070526123049,0.0,0.0,-0.1107560694217681,-0.905173361301422,-0.3343103229999542,-2.468084812164306,0.0,0.0,0.0113056935369968
1785501260811660952,1785501260.8116612,1785501260.811459,-0.3754889369010925,0.0151959145441651,1.6637330055236816,0.6314530968666077,0.3495062291622162,-32.430511474609375,-1.214219570159912,0.0759795978665351,-15.073369979858398,0.0,0.0,-0.09799225628376,-0.9720354676246644,-0.3343103229999542,-2.569809436798096,0.0,0.0,0.0113095510751008
1785501261012268111,1785501261.012268,1785501261.0121517,-0.3723889589309692,0.0151959145441651,1.4342330694198608,0.7027523517608643,0.3495062291622162,-31.65021324157715,-1.1987197399139404,0.0759795978665351,-14.614370346069336,0.0,0.0,-0.0847599282860755,-1.0402348041534424,-0.3343103229999542,-2.8241212368011475,0.0,0.0,0.0113093927502632
1785501261213065019,1785501261.2130651,1785501261.2128975,-0.3693497776985168,0.0151959145441651,1.5260330438613892,0.7726536393165588,0.3495062291622162,-32.430511474609375,-1.1835237741470337,0.0759795978665351,-13.160870552062988,0.0,0.0,-0.0709134638309478,-1.107096791267395,-0.3343103229999542,-2.6206717491149902,0.0,0.0,0.0113053163513541
1785501261413771321,1785501261.4137714,1785501261.413596,-0.3665511012077331,0.0039336895570158,6.104700088500977,0.8370235562324524,0.0904749184846878,-30.634849548339844,-1.1695302724838257,0.0196684561669826,-13.150940895080566,0.0,0.0,-0.0608808994293212,-1.1686680316925049,-0.0865412279963493,-3.1806137561798096,0.0,0.0,0.0156126534566283
1785501261614393600,1785501261.6143937,1785501261.6142764,-0.3665191531181335,0.0,1.1760860566723848e-16,0.8377580642700195,0.0,-20.50200080871582,-1.1693706512451172,0.0,-5.110199928283691,0.0,0.0,-0.0586127825081348,-1.1693706512451172,0.0,-1.8233392238616943,0.0,0.0,0.0112628266215324
1785501261815094702,1785501261.815095,1785501261.8149805,-0.3665191531181335,0.0,1.1760860566723848e-16,0.8377580642700195,0.0,-16.15679931640625,-1.1693706512451172,0.0,-2.2797000408172607,0.0,0.0,-0.0586127825081348,-1.1693706512451172,0.0,-1.8233392238616943,0.0,0.0,0.0112628266215324
1785501262015920456,1785501262.0159204,1785501262.0157368,-0.3665191531181335,0.0,1.1760860566723848e-16,0.8377580642700195,0.0,-14.871600151062012,-1.1693706512451172,0.0,-1.545300006866455,0.0,0.0,-0.0586127825081348,-1.1693706512451172,0.0,3.339962720870972,0.0,0.0,0.0112628266215324
1785501262216627550,1785501262.2166276,1785501262.2164302,-0.3665191531181335,0.0,1.1760860566723848e-16,0.8377580642700195,0.0,-14.458499908447266,-1.1693706512451172,0.0,-1.346400022506714,0.0,0.0,-0.0586127825081348,-1.1693706512451172,0.0,3.3060543537139893,0.0,0.0,0.0112628266215324
1785501262417297973,1785501262.417298,1785501262.4171295,-0.3665191531181335,0.0,1.1760860566723848e-16,0.8377580642700195,0.0,-14.489100456237791,-1.1693706512451172,0.0,-1.4076000452041626,0.0,0.0,-0.0586127825081348,-1.1693706512451172,0.0,3.187375545501709,0.0,0.0,0.0112628266215324
1785501262618062318,1785501262.6180625,1785501262.6178806,-0.3665191531181335,0.0,1.1760860566723848e-16,0.8377580642700195,0.0,-14.53499984741211,-1.1693706512451172,0.0,-1.6370999813079834,0.0,0.0,-0.0586127825081348,-1.1693706512451172,0.0,2.9669718742370605,0.0,0.0,0.0112628266215324
1785501262818745937,1785501262.818746,1785501262.8186314,-0.3665191531181335,0.0,1.1760860566723848e-16,0.8377580642700195,0.0,-14.62679958343506,-1.1693706512451172,0.0,-1.7900999784469604,0.0,0.0,-0.0586127825081348,-1.1693706512451172,0.0,2.814384698867798,0.0,0.0,0.0112628266215324
1785501263019871112,1785501263.0198712,1785501263.0196424,-0.3665191531181335,0.0,1.1760860566723848e-16,0.8377580642700195,0.0,-30.64590072631836,-1.1693706512451172,0.0,-11.429100036621094,0.0,0.0,-0.0586127825081348,-1.1693706512451172,0.0,-1.18678879737854,0.0,0.0,0.0112628266215324
1785501263220924037,1785501263.2209244,1785501263.2206938,-0.3665191531181335,0.0,1.1760860566723848e-16,0.8377580642700195,0.0,-27.995981216430664,-1.1693706512451172,0.0,-10.258068084716797,0.0,0.0,-0.0586127825081348,-1.1693706512451172,0.0,-1.8233392238616943,0.0,0.0,0.0112628266215324
1785501263421725064,1785501263.4217253,1785501263.4215145,-0.3665191531181335,0.0,1.1760860566723848e-16,0.8377580642700195,0.0,-27.995981216430664,-1.1693706512451172,0.0,-10.258068084716797,0.0,0.0,-0.0586127825081348,-1.1693706512451172,0.0,-1.8233392238616943,0.0,0.0,0.0112628266215324
1785501263622465192,1785501263.6224654,1785501263.6223278,-0.3665191531181335,0.0,1.1760860566723848e-16,0.8377580642700195,0.0,-27.995981216430664,-1.1693706512451172,0.0,-10.258068084716797,0.0,0.0,-0.0586127825081348,-1.1693706512451172,0.0,-1.8233392238616943,0.0,0.0,0.0112628266215324
1785501263823206824,1785501263.8232071,1785501263.823094,-0.3665191531181335,0.0,1.1760860566723848e-16,0.8377580642700195,0.0,-27.995981216430664,-1.1693706512451172,0.0,-10.258068084716797,0.0,0.0,-0.0586127825081348,-1.1693706512451172,0.0,-1.8233392238616943,0.0,0.0,0.0112628266215324
1785501264024011267,1785501264.0240114,1785501264.0238545,-0.3665191531181335,0.0,1.1760860566723848e-16,0.8377580642700195,0.0,-27.995981216430664,-1.1693706512451172,0.0,-10.258068084716797,0.0,0.0,-0.0586127825081348,-1.1693706512451172,0.0,-1.8233392238616943,0.0,0.0,0.0112628266215324
1785501264224848064,1785501264.2248485,1785501264.2246983,-0.3665191531181335,0.0,1.1760860566723848e-16,0.8377580642700195,0.0,-27.995981216430664,-1.1693706512451172,0.0,-10.258068084716797,0.0,0.0,-0.0586127825081348,-1.1693706512451172,0.0,-1.8233392238616943,0.0,0.0,0.0112628266215324
1785501264425649161,1785501264.4256492,1785501264.4254522,-0.3665191531181335,0.0,0.002378606935963,0.7867340445518494,-0.3489734828472137,-30.17744827270508,-1.1693706512451172,0.0,-10.785110473632812,0.0,0.0,-0.0661850050091743,-1.129508137702942,0.2726355195045471,-2.5209665298461914,0.0,0.0,0.0112842619419097
1785501264626341006,1785501264.626341,1785501264.6261785,-0.3665191531181335,0.0,0.0022439782042056,0.7169393301010132,-0.3489734828472137,-29.917346954345703,-1.1693706512451172,0.0,-11.546919822692873,0.0,0.0,-0.077675737440586,-1.0749809741973877,0.2726355195045471,-2.588783025741577,0.0,0.0,0.0112896813079714
1785501264827095673,1785501264.8270955,1785501264.826912,-0.3665191531181335,0.0,0.0020984350703656,0.647144615650177,-0.3489734828472137,-30.315147399902344,-1.1693706512451172,0.0,-12.260539054870604,0.0,0.0,-0.0887843295931816,-1.020453929901123,0.2726355195045471,-2.74137020111084,0.0,0.0,0.0112924389541149
1785501265027928362,1785501265.0279284,1785501265.027677,-0.3665191531181335,0.0,0.0019394716946408,0.5773499608039856,-0.3489734828472137,-29.764347076416016,-1.1693706512451172,0.0,-12.93506908416748,0.0,0.0,-0.0996653288602829,-0.9659268260002136,0.2726355195045471,-2.4192419052124023,0.0,0.0,0.0112925209105014
1785501265228636950,1785501265.228637,1785501265.2284968,-0.3665191531181335,0.0,0.0017740934854373,0.5061593651771545,-0.3489734828472137,-29.0146484375,-1.1693706512451172,0.0,-13.540672302246094,0.0,0.0,-0.1098392233252525,-0.9103091359138488,0.2726355195045471,-2.5379207134246826,0.0,0.0,0.011289931833744
1785501265429450001,1785501265.42945,1785501265.4292583,-0.3665191531181335,0.0,0.0016000879695639,0.4363646507263183,-0.3489734828472137,-28.081348419189453,-1.1693706512451172,0.0,-14.088040351867676,0.0,0.0,-0.1194743737578392,-0.8557820320129395,0.2726355195045471,-2.5040123462677,0.0,0.0,0.0112847099080681
1785501265630087331,1785501265.6300876,1785501265.6299555,-0.3665191531181335,0.0,0.0014183020684868,0.3665699660778045,-0.3489734828472137,-27.8365478515625,-1.1693706512451172,0.0,-14.57439422607422,0.0,0.0,-0.1285238564014434,-0.80125492811203,0.2726355195045471,-2.571828842163086,0.0,0.0,0.0112768672406673
1785501265830898798,1785501265.8308988,1785501265.8306897,-0.3665191531181335,0.0,0.0012296208878979,0.2967752516269684,-0.3489734828472137,-27.25514793395996,-1.1693706512451172,0.0,-14.997248649597168,0.0,0.0,-0.1369436085224151,-0.7467278242111206,0.2726355195045471,-2.232746362686157,0.0,0.0,0.0112664150074124
1785501266031663856,1785501266.031664,1785501266.0315075,-0.3665191531181335,0.0,-2.3520470436361522e-17,0.279252678155899,0.0,-24.75539970397949,-1.1693706512451172,0.0,-15.146536827087402,0.0,0.0,-0.1399113684892654,-0.7330383062362671,0.0,0.3051742613315582,0.0,0.0,0.0112748555839061
1785501266232410028,1785501266.2324102,1785501266.2322404,-0.3665191531181335,0.0,-2.3520470436361522e-17,0.279252678155899,0.0,-24.40811538696289,-1.1693706512451172,0.0,-15.146536827087402,0.0,0.0,-0.1399113684892654,-0.7330383062362671,0.0,-1.630682349205017,0.0,0.0,0.0112748555839061
1785501266433144226,1785501266.4331443,1785501266.4330094,-0.3665191531181335,0.0,-2.3520470436361522e-17,0.279252678155899,0.0,-24.40811538696289,-1.1693706512451172,0.0,-15.146536827087402,0.0,0.0,-0.1399113684892654,-0.7330383062362671,0.0,-1.630682349205017,0.0,0.0,0.0112748555839061
1785501266633844058,1785501266.633844,1785501266.6337187,-0.3665191531181335,0.0,-2.3520470436361522e-17,0.279252678155899,0.0,-24.40811538696289,-1.1693706512451172,0.0,-15.146536827087402,0.0,0.0,-0.1399113684892654,-0.7330383062362671,0.0,-1.630682349205017,0.0,0.0,0.0112748555839061
1785501266834931932,1785501266.834932,1785501266.834725,-0.3665191531181335,0.0,-2.3520470436361522e-17,0.279252678155899,0.0,-24.40811538696289,-1.1693706512451172,0.0,-15.146536827087402,0.0,0.0,-0.1399113684892654,-0.7330383062362671,0.0,-1.630682349205017,0.0,0.0,0.0112748555839061
1785501267035679005,1785501267.035679,1785501267.0354974,-0.3637691438198089,0.0794948562979698,2.436376571655273,0.2701383233070373,-0.2634686529636383,-26.94999122619629,-1.1600337028503418,0.2699039578437805,-15.681158065795898,0.0,0.0,-0.2035722285509109,-0.7210691571235657,0.3459918797016144,-2.678616523742676,0.0,0.0,0.0111416298896074
1785501267236858548,1785501267.2368588,1785501267.236588,-0.3474059104919433,0.0802279263734817,2.083037614822388,0.2159059196710586,-0.2658982574939728,-26.240768432617188,-1.1044766902923584,0.2723928987979889,-15.413555145263672,0.0,0.0,-0.1377048045396804,-0.6498501896858215,0.3491824865341186,-2.4698050022125244,0.0,0.0,0.0112490002065896
1785501267437475389,1785501267.4374754,1785501267.4373071,-0.3313603103160858,0.0802279263734817,2.297237634658813,0.1627262830734253,-0.2658982574939728,-24.236469268798828,-1.0499980449676514,0.2723928987979889,-15.643054962158203,0.0,0.0,-0.1374468207359314,-0.5800136923789978,0.3491824865341186,-2.7410712242126465,0.0,0.0,0.0111944545060396
1785501267638233884,1785501267.638234,1785501267.638077,-0.3153147399425506,0.0802279263734817,2.037137508392334,0.1095466241240501,-0.2658982574939728,-23.22666931152344,-0.9955194592475892,0.2723928987979889,-15.581854820251465,0.0,0.0,-0.1372091770172119,-0.5101771950721741,0.3491824865341186,-2.89365816116333,0.0,0.0,0.0110834781080484
1785501267839427133,1785501267.8394272,1785501267.8391802,-0.2992691397666931,0.0802279263734817,2.281937599182129,0.0563669800758361,-0.2658982574939728,-22.140369415283203,-0.9410408735275269,0.2723928987979889,-15.719554901123049,0.0,0.0,-0.1369940191507339,-0.4403406977653503,0.3491824865341186,-2.978428840637207,0.0,0.0,0.0109166391193866
1785501268040082700,1785501268.0400827,1785501268.039933,-0.2832235693931579,0.0802279263734817,2.083037614822388,0.0031873292755335,-0.2658982574939728,-21.528369903564453,-0.8865622878074646,0.2723928987979889,-15.841955184936523,0.0,0.0,-0.1367996037006378,-0.3705042004585266,0.3491824865341186,-2.8427958488464355,0.0,0.0,0.0106897950172424
1785501268241053418,1785501268.2410536,1785501268.2407238,-0.2668570876121521,0.0802279263734817,2.2666375637054443,-0.0510559119284153,-0.2658982574939728,-19.58526992797852,-0.8309941291809082,0.2723928987979889,-16.040855407714844,0.0,0.0,-0.1366350501775741,-0.2992709875106811,0.3491824865341186,-3.0462453365325928,0.0,0.0,0.0104129835963249
1785501268441820400,1785501268.4418206,1785501268.4415631,-0.2508114874362945,0.0802279263734817,1.6852375268936155,-0.1042355597019195,-0.2658982574939728,-18.08586883544922,-0.7765156030654907,0.2723928987979889,-15.750155448913574,0.0,0.0,-0.1364973485469818,-0.2294344902038574,0.3491824865341186,-3.063199520111084,0.0,0.0,0.0100836995989084
1785501268642564989,1785501268.642565,1785501268.6423304,-0.2347659021615982,0.0802279263734817,2.450237512588501,-0.1574152112007141,-0.2658982574939728,-17.550369262695312,-0.7220370173454285,0.2723928987979889,-16.025554656982422,0.0,0.0,-0.1363871395587921,-0.1595979928970337,0.3491824865341186,-3.266649007797241,0.0,0.0,0.0097035989165306
1785501268843366349,1785501268.8433666,1785501268.8431308,-0.2187203168869018,0.0802279263734817,2.205437660217285,-0.2105948626995086,-0.2658982574939728,-16.05097007751465,-0.6675584316253662,0.2723928987979889,-16.056154251098633,0.0,0.0,-0.1363046020269394,-0.0897614955902099,0.3491824865341186,-3.063199520111084,0.0,0.0,0.0092745926231145
1785501269044105307,1785501269.0441053,1785501269.0439055,-0.2026747316122055,0.0802279263734817,2.832737445831299,-0.2637745141983032,-0.2658982574939728,-14.71986961364746,-0.613079845905304,0.2723928987979889,-16.683454513549805,0.0,0.0,-0.1362486630678177,-0.019924996420741,0.3491824865341186,-3.317511320114136,0.0,0.0,0.0087888576090335
1785501269244751115,1785501269.2447512,1785501269.2446342,-0.1863082349300384,0.0802279263734817,1.8076375722885127,-0.3180177509784698,-0.2658982574939728,-13.6029691696167,-0.5575116872787476,0.2723928987979889,-16.17855453491211,0.0,0.0,-0.136220782995224,0.0513082295656204,0.3491824865341186,-3.419236183166504,0.0,0.0,0.0082678729668259
1785501269445476397,1785501269.4454763,1785501269.4453318,-0.1702626496553421,0.0802279263734817,3.108137607574463,-0.3711974024772644,-0.2658982574939728,-11.858769416809082,-0.5030331015586853,0.2723928987979889,-15.872554779052734,0.0,0.0,-0.1362184286117553,0.1211447268724441,0.3491824865341186,-3.334465503692627,0.0,0.0,0.0077051860280334
1785501269646285091,1785501269.646285,1785501269.646078,-0.1542170643806457,0.0802279263734817,1.47103750705719,-0.4243770539760589,-0.2658982574939728,-10.956068992614746,-0.448554515838623,0.2723928987979889,-16.010255813598633,0.0,0.0,-0.1362399756908416,0.1909812241792678,0.3491824865341186,-3.0971076488494877,0.0,0.0,0.0071036182343959
1785501269846993291,1785501269.8469934,1785501269.8468115,-0.1381714791059494,0.0802279263734817,2.649137496948242,-0.4775567054748535,-0.2658982574939728,-9.793269157409668,-0.3940759301185608,0.2723928987979889,-16.20915412902832,0.0,0.0,-0.1362833976745605,0.2608177065849304,0.3491824865341186,-3.2157866954803467,0.0,0.0,0.00646618520841
1785501270047693865,1785501270.047694,1785501270.04752,-0.1221259012818336,0.0802279263734817,1.914737582206726,-0.5307363271713257,-0.2658982574939728,-7.574769020080566,-0.3395973443984985,0.2723928987979889,-16.056154251098633,0.0,0.0,-0.1363462656736374,0.3306542038917541,0.3491824865341186,-3.2157866954803467,0.0,0.0,0.0057960813865065
1785501270248420190,1785501270.2484202,1785501270.248232,-0.1057594045996666,0.0802279263734817,3.1234376430511475,-0.5849795937538147,-0.2658982574939728,-6.886269092559815,-0.2840292155742645,0.2723928987979889,-15.79605484008789,0.0,0.0,-0.1364275366067886,0.401887446641922,0.3491824865341186,-3.0292911529541016,0.0,0.0,0.0050824023783206
1785501270449102519,1785501270.4491026,1785501270.4489312,-0.0897138193249702,0.0802279263734817,2.083037614822388,-0.6381592154502869,-0.2658982574939728,-6.320168972015381,-0.229550614953041,0.2723928987979889,-15.903155326843262,0.0,0.0,-0.1365208625793457,0.4717239439487457,0.3491824865341186,-2.944520711898804,0.0,0.0,0.0043567023240029
1785501270650030815,1785501270.6500309,1785501270.649681,-0.0736682340502739,0.0802279263734817,2.4961376190185547,-0.6913388967514038,-0.2658982574939728,-5.034969329833984,-0.17507204413414,0.2723928987979889,-16.16325569152832,0.0,0.0,-0.1366243362426757,0.5415604114532471,0.3491824865341186,-3.164924144744873,0.0,0.0,0.0036089064087718
1785501270850690961,1785501270.850691,1785501270.8505044,-0.0576226487755775,0.0802279263734817,2.802137613296509,-0.744518518447876,-0.2658982574939728,-3.443769216537476,-0.1205934584140777,0.2723928987979889,-15.88785457611084,0.0,0.0,-0.1367343366146087,0.6113969087600708,0.3491824865341186,-2.9953830242156982,0.0,0.0,0.0028427657671272
1785501271051455731,1785501271.0514555,1785501271.0513258,-0.0415770635008811,0.0802279263734817,2.419637441635132,-0.7976981997489929,-0.2658982574939728,-2.051469087600708,-0.0661148801445961,0.2723928987979889,-15.260555267333984,0.0,0.0,-0.1368471384048462,0.6812334060668945,0.3491824865341186,-2.9106123447418213,0.0,0.0,0.0020621237345039
1785501271252384028,1785501271.2523842,1785501271.2520576,-0.0255314782261848,0.0802279263734817,2.0983376502990723,-0.8508778214454651,-0.2658982574939728,-1.5312691926956177,-0.0116362972185015,0.2723928987979889,-15.352355003356934,0.0,0.0,-0.1369611173868179,0.7510699033737183,0.3491824865341186,-2.53762149810791,0.0,0.0,0.0012549931416288
1785501271453110733,1785501271.453111,1785501271.4529245,-0.0091649824753403,0.0802279263734817,2.1289374828338623,-0.905121088027954,-0.2658982574939728,-0.1848691999912262,0.0439318567514419,0.2723928987979889,-15.59715461730957,0.0,0.0,-0.1370678395032882,0.8223031163215637,0.3491824865341186,-2.7410712242126465,0.0,0.0,0.000457066373201
1785501271653957382,1785501271.6539576,1785501271.653737,0.0,0.0,6.73199987411499,-0.93549644947052,0.0,-4.452300071716309,0.0750491544604301,0.0,-12.729599952697754,0.0,0.0,-0.1364886611700058,0.8621926307678223,0.0,0.1864953786134719,0.0,0.0,-1.9705405065906237e-05
1785501271854692133,1785501271.8546922,1785501271.8545146,0.0,0.0,6.955415678590118e-17,-0.93549644947052,0.0,-0.6772262454032898,0.0750491544604301,0.0,-14.930364608764648,0.0,0.0,-0.1364886611700058,0.8621926307678223,0.0,-1.5899393558502195,0.0,0.0,-1.9705405065906237e-05
1785501272055781422,1785501272.0557816,1785501272.055575,0.0,0.0,6.955415678590118e-17,-0.93549644947052,0.0,-0.6772262454032898,0.0750491544604301,0.0,-14.930364608764648,0.0,0.0,-0.1364886611700058,0.8621926307678223,0.0,-1.5899393558502195,0.0,0.0,-1.9705405065906237e-05
1785501272256631487,1785501272.2566316,1785501272.2563753,0.0,0.0,6.955415678590118e-17,-0.93549644947052,0.0,-0.6772262454032898,0.0750491544604301,0.0,-14.930364608764648,0.0,0.0,-0.1364886611700058,0.8621926307678223,0.0,-1.5899393558502195,0.0,0.0,-1.9705405065906237e-05
1785501272457358534,1785501272.4573586,1785501272.4571571,0.0,0.0,6.955415678590118e-17,-0.93549644947052,0.0,-0.6772262454032898,0.0750491544604301,0.0,-14.930364608764648,0.0,0.0,-0.1364886611700058,0.8621926307678223,0.0,-1.5899393558502195,0.0,0.0,-1.9705405065906237e-05
